collision-id,report-number,report-version,is-preliminary,ncic-code,crash-date-time,crash-time-description,beat,city-id,city-code,city-name,county-code,city-is-active,city-is-incorporated,collision-type-code,collision-type-description,collision-type-other-desc,day-of-week,dispatch-notified,has-photographs,hit-run,is-attachments-mailed,is-deleted,is-highway-related,is-tow-away,judicial-district,motor-vehicle-involved-with-code,motor-vehicle-involved-with-desc,motor-vehicle-involved-with-other-desc,number-injured,number-killed,weather-1,weather-2,road-condition-1,road-condition-2,special-condition-lighting-code,lighting-description,latitude,longitude,milepost-direction,milepost-distance,milepost-marker,milepost-unit-of-measure,pedestrian-action-code,pedestrian-action-desc,prepared-date,primary-collision-factor-code,primary-collision-factor-violation,primary-collision-factor-is-cited,primary-collision-party-number,primary-road,reporting-district,reporting-district-code,reviewed-date,roadway-surface-code,secondary-direction,secondary-distance,secondary-road,secondary-unit-of-measure,sketch-desc,traffic-control-device-code,created-date,modified-date,is-county-road,is-freeway,chp-555-version,is-additonal-object-struck,notification-date,notification-time-description,has-digital-media-files,evidence-number,is-location-refer-to-narrative,is-aoi-one-same-as-location
376831,9370-2017-00207,2,False,9370,1/16/2017 11:00:00 PM,2300,177,14,109,Oakland,1,True,True,C,REAR END,,Monday,NotApplicable,False,,,False,True,True,Oakland Superior,E,PARKED MOTOR VEHICLE,,0,0,CLOUDY,,NO UNUSUAL CONDITIONS,,D,DARK-NO STREET LIGHTS,37.472146,-122.151777,,,,,A,NO PEDESTRIANS INVOLVED,1/16/2017 12:00:00 AM,A,21658(a),False,1,I-880 S/B,,,1/25/2017 6:13:22 AM,A,S,1531.0,5th Ave,F,,D,1/25/2017 6:13:59 AM,2/16/2017 9:19:52 AM,,True,2,,,,,,,
376715,9370-2017-08105,1,False,9370,1/23/2017 9:40:00 PM,2140,177,14,109,Oakland,1,True,True,E,HIT OBJECT,,Monday,NotApplicable,False,,,False,True,True,Oakland Superior,I,FIXED OBJECT,CONCRETE BARRIER,0,0,RAINING,,NO UNUSUAL CONDITIONS,,C,DARK-STREET LIGHTS,37.802473,-122.298953,,,,,A,NO PEDESTRIANS INVOLVED,1/23/2017 12:00:00 AM,A,22107,False,1,I-880 N/B,,,1/24/2017 5:22:21 PM,B,S,2395.0,7th St.,F,,D,1/24/2017 5:22:51 PM,1/24/2017 5:22:51 PM,,True,2,,,,,,,
376710,9370-2017-00116,1,False,9370,1/10/2017 1:55:00 AM,155,177,14,109,Oakland,1,True,True,E,HIT OBJECT,,Tuesday,NotApplicable,False,M,,False,True,False,Oakland Superior,I,FIXED OBJECT,CONCRETE WALL,1,0,RAINING,,NO UNUSUAL CONDITIONS,,D,DARK-NO STREET LIGHTS,37.786967,-122.246996,,,,,A,NO PEDESTRIANS INVOLVED,1/10/2017 12:00:00 AM,A,22350,False,1,I-880 SB,,,1/24/2017 5:00:05 PM,B,N,810.0,16th ave overcrossing,F,,D,1/24/2017 5:01:29 PM,1/24/2017 5:01:29 PM,,True,2,,,,,,,
376687,9370-2017-00115,1,False,9370,1/10/2017 12:48:00 AM,48,176,14,109,Oakland,1,True,True,B,SIDE SWIPE,,Tuesday,NotApplicable,False,,,False,True,True,Oakland Superior,C,OTHER MOTOR VEHICLE,,0,0,RAINING,,NO UNUSUAL CONDITIONS,,D,DARK-NO STREET LIGHTS,37.73967,-122.19516,,,,,A,NO PEDESTRIANS INVOLVED,1/10/2017 12:00:00 AM,A,21658(a),False,1,I-880 N/B,,,1/24/2017 4:34:48 PM,B,S,530.0,Hegenberger Rd,F,,D,1/24/2017 4:35:19 PM,1/24/2017 4:35:19 PM,,True,2,,,,,,,
376681,9370-2017-00051,1,False,9370,1/6/2017 2:30:00 AM,230,98,14,109,Oakland,1,True,True,E,HIT OBJECT,,Friday,Yes,False,,,False,True,True,Oakland Superior,J,OTHER OBJECT,IMPACT ATTENUATOR,0,0,CLEAR,,NO UNUSUAL CONDITIONS,,C,DARK-STREET LIGHTS,37.819007,-122.269471,,,,,A,NO PEDESTRIANS INVOLVED,1/6/2017 12:00:00 AM,A,23152(a),True,1,I-980 E/B to I-580 E/B,,,1/24/2017 4:29:42 PM,A,W,361.0,34th St,F,,D,1/24/2017 4:30:20 PM,1/24/2017 4:30:20 PM,,True,2,,,,,,,
376660,9370-2017-00223,2,False,9370,1/18/2017 7:26:00 PM,1926,54,14,109,Oakland,1,True,True,E,HIT OBJECT,,Wednesday,NotApplicable,False,,,False,True,False,Oakland Superior,I,FIXED OBJECT,CENTER CONCRETE WALL,0,0,RAINING,,NO UNUSUAL CONDITIONS,,D,DARK-NO STREET LIGHTS,37.808969,-122.243595,,,,,A,NO PEDESTRIANS INVOLVED,1/18/2017 12:00:00 AM,A,22350,False,1,I-580 W/B,,,1/24/2017 4:18:04 PM,B,E,830.0,Lakeshore Ave,F,,D,1/24/2017 4:18:33 PM,2/16/2017 9:18:05 AM,,True,2,,,,,,,
376644,9370-2017-00224,2,False,9370,1/18/2017 8:30:00 AM,830,176,14,109,Oakland,1,True,True,C,REAR END,,Wednesday,NotApplicable,False,,,False,True,False,Oakland Superior,C,OTHER MOTOR VEHICLE,,0,0,CLOUDY,RAINING,NO UNUSUAL CONDITIONS,,B,DUSK-DAWN,37.72903,-122.18613,,,,,A,NO PEDESTRIANS INVOLVED,1/18/2017 12:00:00 AM,D,,,,I-880 N/B,,,1/24/2017 4:03:45 PM,B,S,1160.0,98th Ave,F,,D,1/24/2017 4:05:08 PM,2/16/2017 9:14:10 AM,,True,2,,,,,,,
376561,9370-2017-08096,1,False,9370,1/19/2017 10:40:00 AM,1040,54,14,109,Oakland,1,True,True,C,REAR END,,Thursday,Yes,False,,,False,True,True,Oakland Superior,C,OTHER MOTOR VEHICLE,,1,0,CLEAR,,NO UNUSUAL CONDITIONS,,A,DAYLIGHT,37.483202,-122.143534,,,,,A,NO PEDESTRIANS INVOLVED,1/19/2017 12:00:00 AM,A,22350 VC,False,1,I-580 W/B,,,1/24/2017 3:06:18 PM,B,E,1000.0,Lakeshore Ave,F,,D,1/24/2017 3:07:35 PM,1/24/2017 3:07:35 PM,,True,2,,,,,,,
398214,9370-2017-09695,1,False,9370,2/15/2017 9:45:00 AM,945,8,14,109,Oakland,1,True,True,B,SIDE SWIPE,,Wednesday,NotApplicable,False,,,False,True,False,Oakland Superior,C,OTHER MOTOR VEHICLE,,0,0,CLOUDY,,NO UNUSUAL CONDITIONS,,A,DAYLIGHT,37.492999,-122.184151,,,,,A,NO PEDESTRIANS INVOLVED,2/15/2017 12:00:00 AM,A,21651(a),False,1,I-80 W/B,,,2/22/2017 2:00:59 PM,A,E,995.0,SFOBB Toll Plaza,F,,D,2/22/2017 2:01:29 PM,2/22/2017 2:01:29 PM,,True,2,,,,,,,
397662,9370-2017-09704,1,False,9370,2/15/2017 2:59:00 PM,1459,98,14,109,Oakland,1,True,True,C,REAR END,,Wednesday,NotApplicable,False,,,False,True,True,Oakland Superior,C,OTHER MOTOR VEHICLE,,0,0,CLEAR,,NO UNUSUAL CONDITIONS,,A,DAYLIGHT,37.806478,-122.278929,,,,,A,NO PEDESTRIANS INVOLVED,2/15/2017 12:00:00 AM,A,22350,False,1,I-980 W/B TO 12TH ST,,,2/22/2017 7:03:59 AM,A,E,235.0,12th St,F,,D,2/22/2017 7:04:29 AM,2/22/2017 7:04:29 AM,,True,2,,,,,,,
397658,9370-2017-09725,1,False,9370,2/16/2017 8:15:00 PM,2015,177,14,109,Oakland,1,True,True,C,REAR END,,Thursday,NotApplicable,False,,,False,True,True,Oakland Superior,C,OTHER MOTOR VEHICLE,,0,0,CLEAR,,NO UNUSUAL CONDITIONS,,C,DARK-STREET LIGHTS,,,,,,,A,NO PEDESTRIANS INVOLVED,2/16/2017 12:00:00 AM,A,22350,False,1,I-880 S/B,,,2/22/2017 6:56:03 AM,A,N,1200.0,16th Ave,F,,D,2/22/2017 6:56:45 AM,2/22/2017 6:56:45 AM,,True,2,,,,,,,
397655,9370-2017-09693,1,False,9370,2/14/2017 3:35:00 PM,1535,53,14,109,Oakland,1,True,True,B,SIDE SWIPE,,Tuesday,NotApplicable,False,M,,False,True,False,Oakland Superior,C,OTHER MOTOR VEHICLE,,0,0,CLEAR,,NO UNUSUAL CONDITIONS,,A,DAYLIGHT,37.794745,-122.20646,,,,,A,NO PEDESTRIANS INVOLVED,2/14/2017 12:00:00 AM,A,21658(a),False,1,I-580 W/B,,,2/22/2017 6:52:23 AM,A,E,1344.0,Coolidge Ave,F,,D,2/22/2017 6:52:54 AM,2/22/2017 6:52:54 AM,,True,2,,,,,,,
397637,9370-2017-09691,1,False,9370,2/14/2017 10:10:00 AM,1010,53,14,109,Oakland,1,True,True,B,SIDE SWIPE,,Tuesday,NotApplicable,False,M,,False,True,False,Oakland Superior,C,OTHER MOTOR VEHICLE,,0,0,CLEAR,,NO UNUSUAL CONDITIONS,,A,DAYLIGHT,37.794463,-122.206031,,,,,A,NO PEDESTRIANS INVOLVED,2/14/2017 12:00:00 AM,A,22350,False,1,I-580 W/B,,,2/22/2017 5:52:43 AM,A,W,1078.0,35th Ave,F,,D,2/22/2017 5:57:50 AM,2/22/2017 5:57:50 AM,,True,2,,,,,,,
397626,9370-2017-09684,1,False,9370,2/14/2017 7:22:00 PM,1922,8,14,109,Oakland,1,True,True,E,HIT OBJECT,,Tuesday,NotApplicable,False,,,False,True,True,Oakland Superior,I,FIXED OBJECT,Concrete Wall,0,0,CLEAR,,NO UNUSUAL CONDITIONS,,C,DARK-STREET LIGHTS,37.823963,-122.313709,,,,,A,NO PEDESTRIANS INVOLVED,2/14/2017 12:00:00 AM,A,22107,False,1,I-80 E/B,,,2/22/2017 5:22:45 AM,A,W,1206.0,W. GRAND AVE,F,,D,2/22/2017 5:23:17 AM,2/22/2017 5:23:17 AM,,True,2,,,,,,,
397613,9335-2017-11644,1,False,9335,2/15/2017 11:00:00 AM,1100,82,14,109,Oakland,1,True,True,C,REAR END,,Wednesday,NotApplicable,False,,,False,True,False,Oakland Superior,C,OTHER MOTOR VEHICLE,,0,0,CLEAR,,NO UNUSUAL CONDITIONS,,A,DAYLIGHT,37.82441,-122.31456,W,100.0,80 ALA 1.989,F,A,NO PEDESTRIANS INVOLVED,2/15/2017 12:00:00 AM,A,22350,False,1,I-80 W/B,,,2/21/2017 10:03:41 PM,A,W,100.0,SFOBB TOLL PLAZA,F,,D,2/21/2017 10:04:21 PM,2/21/2017 10:04:21 PM,,True,2,,,,,,,
397252,9370-2017-09692,1,False,9370,2/14/2017 8:50:00 AM,850,25,14,109,Oakland,1,True,True,C,REAR END,,Tuesday,NotApplicable,False,,,False,True,True,Oakland Superior,C,OTHER MOTOR VEHICLE,,0,0,CLEAR,,NO UNUSUAL CONDITIONS,,A,DAYLIGHT,37.495971,-122.155963,,,,,A,NO PEDESTRIANS INVOLVED,2/14/2017 12:00:00 AM,A,22350,False,1,SR-24 W/B,,,2/21/2017 1:42:27 PM,A,W,24.0,45th St,F,,D,2/21/2017 1:43:10 PM,2/21/2017 1:43:10 PM,,True,2,,,,,,,
397225,9370-2017-09705,1,False,9370,2/15/2017 5:23:00 PM,1723,24,14,109,Oakland,1,True,True,C,REAR END,,Wednesday,NotApplicable,False,,,False,True,False,Oakland Superior,C,OTHER MOTOR VEHICLE,,0,0,CLEAR,,NO UNUSUAL CONDITIONS,,B,DUSK-DAWN,37.848844,-122.227599,,,,,A,NO PEDESTRIANS INVOLVED,2/15/2017 12:00:00 AM,A,22350,False,1,SR-24 W/B,,,2/21/2017 1:21:16 PM,A,E,169.0,SR-13 N/B,F,,D,2/21/2017 1:23:43 PM,2/21/2017 1:23:43 PM,,True,2,,,,,,,
397205,9370-2017-09702,1,False,9370,2/15/2017 12:38:00 PM,1238,52,14,109,Oakland,1,True,True,E,HIT OBJECT,,Wednesday,NotApplicable,False,M,,False,True,True,Oakland Superior,I,FIXED OBJECT,RAISED ASPHALT CURB,0,0,CLEAR,,NO UNUSUAL CONDITIONS,,A,DAYLIGHT,37.773061,-122.158308,,,,,A,NO PEDESTRIANS INVOLVED,2/15/2017 12:00:00 AM,A,22107,False,1,I-580 E/B to Keller Avenue,,,2/21/2017 1:08:45 PM,A,W,658.0,Keller Ave,F,,D,2/21/2017 1:09:16 PM,2/21/2017 1:09:16 PM,,True,2,,,,,,,
397173,9370-2017-09771,1,False,9370,2/20/2017 12:33:00 PM,1233,25,14,109,Oakland,1,True,True,C,REAR END,,Monday,NotApplicable,False,,,False,True,True,Oakland Superior,C,OTHER MOTOR VEHICLE,,0,0,RAINING,,NO UNUSUAL CONDITIONS,,A,DAYLIGHT,37.829924,-122.26745,,,,,A,NO PEDESTRIANS INVOLVED,2/20/2017 12:00:00 AM,A,22350,True,1,sr-24 w/b to i-580,,,2/21/2017 12:51:56 PM,B,W,187.0,40th St,F,,D,2/21/2017 12:53:11 PM,2/21/2017 12:53:11 PM,,True,2,,,,,,,
397100,9370-2017-09715,1,False,9370,2/15/2017 2:55:00 PM,1455,176,14,109,Oakland,1,True,True,B,SIDE SWIPE,,Wednesday,NotApplicable,False,,,False,True,False,Oakland Superior,C,OTHER MOTOR VEHICLE,,0,0,CLEAR,,NO UNUSUAL CONDITIONS,,A,DAYLIGHT,37.74917,-122.20405,,,,,A,NO PEDESTRIANS INVOLVED,2/15/2017 12:00:00 AM,A,21658(a),False,2,I-880 N/B,,,2/21/2017 11:58:50 AM,A,S,2136.0,Hegenberger Rd,F,,D,2/21/2017 11:59:21 AM,2/21/2017 11:59:21 AM,,True,2,,,,,,,
397094,9370-2017-09727,1,False,9370,2/17/2017 1:00:00 AM,100,8,14,109,Oakland,1,True,True,B,SIDE SWIPE,,Friday,Yes,False,,,False,True,False,Oakland Superior,C,OTHER MOTOR VEHICLE,,1,0,CLOUDY,,NO UNUSUAL CONDITIONS,,D,DARK-NO STREET LIGHTS,37.493063,-122.181762,,,,,A,NO PEDESTRIANS INVOLVED,2/17/2017 12:00:00 AM,A,23152(a),True,1,I-80 E/B,,,2/21/2017 11:51:02 AM,A,E,100.0,I-880 N/B TO I-80 W/B O/C,F,,D,2/21/2017 11:55:56 AM,2/21/2017 11:55:56 AM,,True,2,,,,,,,
397058,9370-2017-09676,1,False,9370,2/14/2017 10:30:00 AM,1030,8,14,109,Oakland,1,True,True,B,SIDE SWIPE,,Tuesday,NotApplicable,False,,,False,True,False,Oakland Superior,C,OTHER MOTOR VEHICLE,,0,0,CLEAR,,NO UNUSUAL CONDITIONS,,A,DAYLIGHT,37.82545,-122.30546,,,,,A,NO PEDESTRIANS INVOLVED,2/14/2017 12:00:00 AM,A,21658(a),False,1,I-80 W/B,,,2/21/2017 11:31:42 AM,A,E,600.0,West Grand Ave,F,,D,2/21/2017 11:32:43 AM,2/21/2017 11:32:43 AM,,True,2,,,,,,,
396865,9370-2017-09717,1,False,9370,2/16/2017 2:25:00 PM,1425,176,14,109,Oakland,1,True,True,C,REAR END,,Thursday,NotApplicable,False,,,False,True,True,Oakland Superior,C,OTHER MOTOR VEHICLE,,1,0,CLOUDY,,NO UNUSUAL CONDITIONS,,A,DAYLIGHT,37.77224,-122.22528,,,,,A,NO PEDESTRIANS INVOLVED,2/16/2017 12:00:00 AM,A,22350 VC,False,1,I-880 S/B,,,2/21/2017 9:26:40 AM,A,N,621.0,HIGH STREET,F,,D,2/21/2017 9:27:29 AM,2/21/2017 9:27:29 AM,,True,2,,,,,,,
396825,9370-2017-09709,1,False,9370,2/15/2017 10:05:00 PM,2205,55,14,109,Oakland,1,True,True,E,HIT OBJECT,,Wednesday,NotApplicable,False,M,,False,True,True,Oakland Superior,I,FIXED OBJECT,CONCRETE CURB,0,0,CLOUDY,,NO UNUSUAL CONDITIONS,,C,DARK-STREET LIGHTS,37.825846,-122.275235,,,,,A,NO PEDESTRIANS INVOLVED,2/15/2017 12:00:00 AM,A,22107,False,1,I-580 E/B,,,2/21/2017 9:09:41 AM,A,E,800.0,Market St,F,,D,2/21/2017 9:10:31 AM,2/21/2017 9:10:31 AM,,True,2,,,,,,,
396768,9370-2017-09682,1,False,9370,2/14/2017 5:07:00 PM,1707,53,14,109,Oakland,1,True,True,C,REAR END,,Tuesday,NotApplicable,False,M,,False,True,False,Oakland Superior,C,OTHER MOTOR VEHICLE,,0,0,CLEAR,,NO UNUSUAL CONDITIONS,,A,DAYLIGHT,37.796844,-122.211629,,,,,A,NO PEDESTRIANS INVOLVED,2/14/2017 12:00:00 AM,A,22350,False,1,I-580 E/B,,,2/21/2017 8:40:44 AM,A,W,243.0,Coolidge Ave,F,,D,2/21/2017 8:41:34 AM,2/21/2017 8:41:34 AM,,True,2,,,,,,,
396707,9370-2017-09701,1,False,9370,2/14/2017 9:20:00 AM,920,8,14,109,Oakland,1,True,True,B,SIDE SWIPE,,Tuesday,NotApplicable,False,M,,False,True,False,Oakland Superior,C,OTHER MOTOR VEHICLE,,0,0,CLEAR,,NO UNUSUAL CONDITIONS,,A,DAYLIGHT,37.82754,-122.2963,,,,,A,NO PEDESTRIANS INVOLVED,2/14/2017 12:00:00 AM,A,21658(a),False,1,I-80 W/B,,,2/21/2017 8:08:29 AM,A,W,930.0,I-880 S/B,F,,D,2/21/2017 8:09:05 AM,2/21/2017 8:09:05 AM,,True,2,,,,,,,
396664,9370-2017-09769,1,False,9370,2/20/2017 2:30:00 PM,1430,176,14,109,Oakland,1,True,True,E,HIT OBJECT,,Monday,Yes,False,,,False,True,True,Oakland Superior,I,FIXED OBJECT,CONCRETE WALL,1,0,CLOUDY,RAINING,NO UNUSUAL CONDITIONS,,A,DAYLIGHT,37.773057,-122.227208,,,,,A,NO PEDESTRIANS INVOLVED,2/20/2017 12:00:00 AM,A,22350 VC,False,1,I-880 N/B,,,2/21/2017 7:39:14 AM,B,S,450.0,Fruitvale Avenue,F,SEE SKETCH PAGE 4.,D,2/21/2017 7:42:16 AM,2/21/2017 7:42:16 AM,,True,2,,,,,,,
396575,9370-2017-09647,1,False,9370,2/12/2017 4:25:00 AM,425,176,14,109,Oakland,1,True,True,E,HIT OBJECT,,Sunday,NotApplicable,False,,,False,True,True,Oakland Superior,I,FIXED OBJECT,CONCRETE BARRIER WALL,1,0,CLEAR,,NO UNUSUAL CONDITIONS,,C,DARK-STREET LIGHTS,37.757318,-122.211142,,,,,A,NO PEDESTRIANS INVOLVED,2/12/2017 12:00:00 AM,A,23152(a),True,1,I-880 S/B,,,2/21/2017 5:54:28 AM,A,N,500.0,66th Ave,F,,D,2/21/2017 5:55:20 AM,2/21/2017 5:55:20 AM,,,2,,,,,,,
396557,9370-2017-09629,1,False,9370,2/10/2017 8:20:00 AM,820,55,14,109,Oakland,1,True,True,B,SIDE SWIPE,,Friday,NotApplicable,False,,,False,True,False,Oakland Superior,C,OTHER MOTOR VEHICLE,,0,0,CLOUDY,,NO UNUSUAL CONDITIONS,,A,DAYLIGHT,37.82689,-122.28912,,,,,A,NO PEDESTRIANS INVOLVED,2/10/2017 12:00:00 AM,A,21658(a),False,1,I-580 W/B to I-80 E/B,,,2/21/2017 5:22:09 AM,A,W,1295.0,Hollis St,F,,D,2/21/2017 5:22:48 AM,2/21/2017 5:22:48 AM,,,2,,,,,,,
396203,9370-2017-09667,1,False,9370,2/12/2017 9:30:00 PM,2130,55,14,109,Oakland,1,True,True,F,OVERTURNED,,Sunday,NotApplicable,False,,,False,True,True,Oakland Superior,A,NON-COLLISION,,1,0,CLEAR,,NO UNUSUAL CONDITIONS,,D,DARK-NO STREET LIGHTS,37.825389,-122.267192,,,,,A,NO PEDESTRIANS INVOLVED,2/12/2017 12:00:00 AM,A,23152(a),True,1,I-580 W/B TO SR-24 E/B,,,2/19/2017 9:33:48 PM,A,E,520.0,West Macarthur Blvd,F,,D,2/19/2017 9:35:06 PM,2/19/2017 9:35:06 PM,,True,2,,,,,,,
396192,9370-2017-09760,1,False,9370,2/19/2017 11:00:00 AM,1100,176,14,109,Oakland,1,True,True,C,REAR END,,Sunday,NotApplicable,False,M,,False,True,False,Oakland Superior,C,OTHER MOTOR VEHICLE,,0,0,CLOUDY,RAINING,NO UNUSUAL CONDITIONS,,A,DAYLIGHT,37.77012,-122.22112,,,,,A,NO PEDESTRIANS INVOLVED,2/19/2017 12:00:00 AM,A,22350,False,1,I-880 N/B FROM 42nd Avenue,,,2/19/2017 6:34:17 PM,B,N,105.0,42nd Avenue,F,,D,2/19/2017 6:35:55 PM,2/19/2017 6:35:55 PM,,True,2,,,,,,,
396159,9370-2017-09657,1,False,9370,2/11/2017 4:35:00 PM,1635,8,14,109,Oakland,1,True,True,B,SIDE SWIPE,,Saturday,NotApplicable,False,,,False,True,False,Oakland Superior,C,OTHER MOTOR VEHICLE,,0,0,CLEAR,,NO UNUSUAL CONDITIONS,,A,DAYLIGHT,37.8254,-122.30497,,,,,A,NO PEDESTRIANS INVOLVED,2/11/2017 12:00:00 AM,A,21658(a),False,1,I-80 W/B,,,2/19/2017 4:02:43 PM,A,E,1315.0,W. Grand Ave.,F,,D,2/19/2017 4:03:51 PM,2/19/2017 4:03:51 PM,,True,2,,,,,,,
396158,9370-2017-09499,1,False,9370,1/28/2017 8:10:00 PM,2010,8,14,109,Oakland,1,True,True,C,REAR END,,Saturday,NotApplicable,False,,,False,True,False,Oakland Superior,C,OTHER MOTOR VEHICLE,,0,0,CLEAR,,NO UNUSUAL CONDITIONS,,C,DARK-STREET LIGHTS,37.82508,-122.3081,,,,,A,NO PEDESTRIANS INVOLVED,1/28/2017 12:00:00 AM,A,22350,False,2,I-80 W/B,,,2/19/2017 3:57:57 PM,A,E,941.0,S.F.O.B.B. Toll Plaza,F,,D,2/19/2017 3:58:29 PM,2/19/2017 3:58:29 PM,,True,2,,,,,,,
396133,9370-2017-09729,1,False,9370,2/17/2017 11:10:00 AM,1110,176,14,109,Oakland,1,True,True,D,BROADSIDE,,Friday,NotApplicable,False,M,,False,True,True,Oakland Superior,C,OTHER MOTOR VEHICLE,,0,0,CLOUDY,RAINING,NO UNUSUAL CONDITIONS,,A,DAYLIGHT,37.74071,-122.19662,,,,,A,NO PEDESTRIANS INVOLVED,2/17/2017 12:00:00 AM,A,22350,False,1,I-880 S/B,,,2/19/2017 2:04:45 PM,B,N,10.0,HEGENBERGER ROAD,F,,D,2/19/2017 2:05:31 PM,2/19/2017 2:05:31 PM,,True,2,,,,,,,
396115,9370-2017-09748,1,False,9370,2/12/2017 4:20:00 PM,1620,55,14,109,Oakland,1,True,True,B,SIDE SWIPE,,Sunday,NotApplicable,False,,,False,True,False,Oakland Superior,C,OTHER MOTOR VEHICLE,,0,0,CLOUDY,,NO UNUSUAL CONDITIONS,,A,DAYLIGHT,37.826854,-122.28664,,,,,A,NO PEDESTRIANS INVOLVED,2/12/2017 12:00:00 AM,A,21658(a),False,1,I-580 W/B,,,2/19/2017 1:00:39 PM,A,W,600.0,Hollis St,F,,D,2/19/2017 1:01:23 PM,2/19/2017 1:01:23 PM,,True,2,,,,,,,
396107,9370-2017-09743,1,False,9370,2/18/2017 1:18:00 PM,1318,98,14,109,Oakland,1,True,True,E,HIT OBJECT,,Saturday,Yes,False,,,False,True,True,Oakland Superior,I,FIXED OBJECT,Concrete Wall,3,0,CLOUDY,,NO UNUSUAL CONDITIONS,,A,DAYLIGHT,37.81305,-122.27278,,,,,A,NO PEDESTRIANS INVOLVED,2/18/2017 12:00:00 AM,A,22107,False,1,I-980 W/B,,,2/19/2017 12:30:55 PM,A,W,40.0,27th St.,F,,D,2/19/2017 12:31:36 PM,2/19/2017 12:31:36 PM,,True,2,,,,,,,
396093,9370-2017-09653,1,False,9370,2/9/2017 6:30:00 AM,630,55,14,109,Oakland,1,True,True,B,SIDE SWIPE,,Thursday,NotApplicable,False,,,False,True,True,Oakland Superior,C,OTHER MOTOR VEHICLE,,0,0,RAINING,,NO UNUSUAL CONDITIONS,,C,DARK-STREET LIGHTS,37.827133,-122.285389,,,,,A,NO PEDESTRIANS INVOLVED,2/9/2017 12:00:00 AM,A,21658(a),False,1,I-580 W/B,,,2/19/2017 11:17:15 AM,B,W,200.0,Hollis St,F,,D,2/19/2017 11:17:44 AM,2/19/2017 11:17:44 AM,,True,2,,,,,,,
396091,9370-2017-09742,1,False,9370,2/18/2017 11:10:00 AM,1110,52,14,109,Oakland,1,True,True,B,SIDE SWIPE,,Saturday,NotApplicable,False,,,False,True,False,Oakland Superior,C,OTHER MOTOR VEHICLE,,0,0,CLEAR,,NO UNUSUAL CONDITIONS,,A,DAYLIGHT,37.774005,-122.159774,,,,,A,NO PEDESTRIANS INVOLVED,2/18/2017 12:00:00 AM,A,21658(a),False,1,I-580 E/B,,,2/19/2017 11:08:12 AM,A,W,1115.0,Keller Ave,F,,D,2/19/2017 11:08:41 AM,2/19/2017 11:08:41 AM,,True,2,,,,,,,
396089,9370-2017-09661,1,False,9370,2/11/2017 1:24:00 PM,1324,25,14,109,Oakland,1,True,True,C,REAR END,,Saturday,NotApplicable,False,,,False,True,True,Oakland Superior,C,OTHER MOTOR VEHICLE,,2,0,CLEAR,,NO UNUSUAL CONDITIONS,,A,DAYLIGHT,37.83394,-122.26643,,,,,A,NO PEDESTRIANS INVOLVED,2/11/2017 12:00:00 AM,A,22350,False,3,SR-24 W/B,,,2/19/2017 10:37:12 AM,A,E,170.0,45TH STREET,F,,D,2/19/2017 10:37:48 AM,2/19/2017 10:37:48 AM,,True,2,,,,,,,
396088,9370-2017-09652,3,False,9370,2/9/2017 4:10:00 PM,1610,13,14,109,Oakland,1,True,True,C,REAR END,,Thursday,NotApplicable,False,,,False,True,False,Oakland Superior,C,OTHER MOTOR VEHICLE,,0,0,CLEAR,,NO UNUSUAL CONDITIONS,,A,DAYLIGHT,37.78797,-122.181179,,,,,A,NO PEDESTRIANS INVOLVED,2/9/2017 12:00:00 AM,A,22350,False,1,SR-13 S/B,,,3/3/2017 12:11:59 PM,A,N,1440.0,Calaveras Ave,F,,D,2/19/2017 10:32:12 AM,3/13/2017 10:16:04 AM,,True,2,,,,,,,
396082,9370-2017-09507,1,False,9370,1/27/2017 9:00:00 AM,900,176,14,109,Oakland,1,True,True,B,SIDE SWIPE,,Friday,NotApplicable,False,M,,False,True,False,Oakland Superior,C,OTHER MOTOR VEHICLE,,0,0,CLEAR,,NO UNUSUAL CONDITIONS,,A,DAYLIGHT,37.748905,-122.20384,,,,,A,NO PEDESTRIANS INVOLVED,1/27/2017 12:00:00 AM,A,21658(a),False,1,I-880 S/B,,,2/19/2017 10:03:52 AM,A,S,2200.0,66th Ave,F,,D,2/19/2017 10:04:32 AM,2/19/2017 10:04:32 AM,,True,2,,,,,,,