collision-id,report-number,report-version,is-preliminary,ncic-code,crash-date-time,crash-time-description,beat,city-id,city-code,city-name,county-code,city-is-active,city-is-incorporated,collision-type-code,collision-type-description,collision-type-other-desc,day-of-week,dispatch-notified,has-photographs,hit-run,is-attachments-mailed,is-deleted,is-highway-related,is-tow-away,judicial-district,motor-vehicle-involved-with-code,motor-vehicle-involved-with-desc,motor-vehicle-involved-with-other-desc,number-injured,number-killed,weather-1,weather-2,road-condition-1,road-condition-2,special-condition-lighting-code,lighting-description,latitude,longitude,milepost-direction,milepost-distance,milepost-marker,milepost-unit-of-measure,pedestrian-action-code,pedestrian-action-desc,prepared-date,primary-collision-factor-code,primary-collision-factor-violation,primary-collision-factor-is-cited,primary-collision-party-number,primary-road,reporting-district,reporting-district-code,reviewed-date,roadway-surface-code,secondary-direction,secondary-distance,secondary-road,secondary-unit-of-measure,sketch-desc,traffic-control-device-code,created-date,modified-date,is-county-road,is-freeway,chp-555-version,is-additonal-object-struck,notification-date,notification-time-description,has-digital-media-files,evidence-number,is-location-refer-to-narrative,is-aoi-one-same-as-location
415003,9370-2017-11962,1,False,9370,3/9/2017 11:45:00 AM,1145,52,14,109,Oakland,1,True,True,C,REAR END,,Thursday,NotApplicable,False,M,,False,True,False,Oakland Superior,C,OTHER MOTOR VEHICLE,,0,0,CLEAR,,NO UNUSUAL CONDITIONS,,A,DAYLIGHT,37.78859,-122.1996,,,,,A,NO PEDESTRIANS INVOLVED,3/17/2017 12:00:00 AM,A,22350,False,2,I-580 E/B,,,3/19/2017 9:34:00 AM,A,E,340.0,38TH AVENUE,F,,D,3/19/2017 9:34:29 AM,3/19/2017 9:34:29 AM,,True,2,,,,,,,
415001,9370-2017-11828,1,False,9370,3/4/2017 6:02:00 PM,1802,25,14,109,Oakland,1,True,True,E,HIT OBJECT,,Saturday,Yes,True,,,False,True,True,Oakland Superior,I,FIXED OBJECT,concrete barrier wall,2,0,CLOUDY,,NO UNUSUAL CONDITIONS,,D,DARK-NO STREET LIGHTS,37.78163,-122.17444,,,,,A,NO PEDESTRIANS INVOLVED,3/5/2017 12:00:00 AM,C,,,,I-580 W/B,,,3/19/2017 9:25:28 AM,A,W,220.0,KUHNLE AVENUE,F,,D,3/19/2017 9:26:13 AM,3/19/2017 9:26:13 AM,,True,2,,,,,,,
414996,9370-2017-11884,1,False,9370,3/10/2017 1:05:00 PM,1305,54,14,109,Oakland,1,True,True,E,HIT OBJECT,,Friday,Yes,False,F,,False,True,True,Oakland Superior,I,FIXED OBJECT,concrete barrier wall,1,0,CLEAR,,NO UNUSUAL CONDITIONS,,A,DAYLIGHT,37.81049,-122.24874,,,,,A,NO PEDESTRIANS INVOLVED,3/10/2017 12:00:00 AM,A,21658(a),False,1,I-580 W/B,,,3/19/2017 8:43:50 AM,A,W,20.0,Grand Ave.,F,,D,3/19/2017 8:45:07 AM,3/19/2017 8:45:07 AM,,True,2,,,,,,,
414970,9370-2017-11973,1,False,9370,3/18/2017 1:46:00 PM,1346,25,14,109,Oakland,1,True,True,C,REAR END,,Saturday,Yes,False,,,False,True,True,Oakland Superior,C,OTHER MOTOR VEHICLE,,1,0,CLEAR,,NO UNUSUAL CONDITIONS,,A,DAYLIGHT,37.834367,-122.266364,,,,,A,NO PEDESTRIANS INVOLVED,3/18/2017 12:00:00 AM,A,22350,True,1,SR-24 W/B,,,3/18/2017 6:10:02 PM,A,E,310.0,45th St,F,,D,3/18/2017 6:10:53 PM,3/18/2017 6:10:53 PM,,True,2,,,,,,,
414966,9370-2017-11915,1,False,9370,3/12/2017 11:55:00 PM,2355,52,14,109,Oakland,1,True,True,E,HIT OBJECT,,Sunday,NotApplicable,False,,,False,True,False,Oakland Superior,I,FIXED OBJECT,3' CONCRETE WALL,0,0,CLEAR,,NO UNUSUAL CONDITIONS,,D,DARK-NO STREET LIGHTS,37.745566,-122.150061,,,,,A,NO PEDESTRIANS INVOLVED,3/12/2017 12:00:00 AM,A,22107,False,1,I-580 E/B TO 106TH AVENUE,,,3/18/2017 5:54:57 PM,A,N,30.0,Stanley Ave,F,,D,3/18/2017 5:55:26 PM,3/18/2017 5:55:26 PM,,True,2,,,,,,,
414932,9370-2017-11970,1,False,9370,3/17/2017 8:42:00 AM,842,52,14,109,Oakland,1,True,True,B,SIDE SWIPE,,Friday,NotApplicable,False,M,,False,True,False,Oakland Superior,C,OTHER MOTOR VEHICLE,,0,0,CLEAR,,NO UNUSUAL CONDITIONS,,A,DAYLIGHT,37.780257,-122.172081,,,,,A,NO PEDESTRIANS INVOLVED,3/17/2017 12:00:00 AM,A,21658(a) vc,False,1,i-580 westbound,,,3/18/2017 1:20:11 PM,A,E,534.0,kuhnle avenue,F,,D,3/18/2017 1:21:12 PM,3/18/2017 1:21:12 PM,,True,2,,,,,,,
414917,9370-2017-11906,1,False,9370,3/12/2017 11:45:00 AM,1145,176,14,109,Oakland,1,True,True,C,REAR END,,Sunday,NotApplicable,False,,,False,True,False,Oakland Superior,C,OTHER MOTOR VEHICLE,,1,0,CLEAR,,NO UNUSUAL CONDITIONS,,A,DAYLIGHT,37.728315,-122.185539,,,,,A,NO PEDESTRIANS INVOLVED,3/12/2017 12:00:00 AM,A,22350,False,1,I-880 N/B,,,3/18/2017 12:21:36 PM,A,S,1400.0,98th Ave,F,,D,3/18/2017 12:22:47 PM,3/18/2017 12:22:47 PM,,True,2,,,,,,,
414907,9370-2017-11968,1,False,9370,3/17/2017 3:10:00 PM,1510,176,14,109,Oakland,1,True,True,C,REAR END,,Friday,NotApplicable,False,,,False,True,True,Oakland Superior,C,OTHER MOTOR VEHICLE,,2,0,CLEAR,,NO UNUSUAL CONDITIONS,,A,DAYLIGHT,37.772046,-122.22463,,,,,A,NO PEDESTRIANS INVOLVED,3/17/2017 12:00:00 AM,A,22350,False,1,I-880 S/B,,,3/18/2017 11:14:40 AM,A,N,3000.0,High St,F,,D,3/18/2017 11:18:00 AM,3/18/2017 11:18:00 AM,,True,2,,,,,,,
414900,9370-2017-11694,1,False,9370,2/24/2017 6:45:00 PM,1845,24,14,109,Oakland,1,True,True,D,BROADSIDE,,Friday,Yes,False,M,,False,True,True,Oakland Superior,C,OTHER MOTOR VEHICLE,,0,0,CLEAR,,NO UNUSUAL CONDITIONS,,C,DARK-STREET LIGHTS,37.855332,-122.217334,,,,,A,NO PEDESTRIANS INVOLVED,2/24/2017 12:00:00 AM,A,23152(a),True,1,SR-24 W/B,,,3/18/2017 10:28:37 AM,A,W,400.0,Tunnel Road,F,,D,3/18/2017 10:29:14 AM,3/18/2017 10:29:14 AM,,True,2,,,,,,,
414866,9370-2017-11908,1,False,9370,3/12/2017 11:35:00 AM,1135,177,14,109,Oakland,1,True,True,C,REAR END,,Sunday,NotApplicable,False,,,False,True,False,Oakland Superior,C,OTHER MOTOR VEHICLE,,3,0,CLEAR,,NO UNUSUAL CONDITIONS,,A,DAYLIGHT,37.472415,-122.152895,,,,,A,NO PEDESTRIANS INVOLVED,3/12/2017 12:00:00 AM,A,21658(a) VC,False,1,I-880 Northbound,,,3/17/2017 5:43:52 PM,A,S,600.0,5th Avenue,F,,D,3/17/2017 5:49:38 PM,3/17/2017 5:49:38 PM,,True,2,,,,,,,
414777,9370-2017-11894,1,False,9370,3/11/2017 3:30:00 PM,1530,13,14,109,Oakland,1,True,True,C,REAR END,,Saturday,Yes,True,,,False,True,True,Oakland Superior,C,OTHER MOTOR VEHICLE,,2,0,CLEAR,,NO UNUSUAL CONDITIONS,,A,DAYLIGHT,37.81192,-122.19934,,,,,A,NO PEDESTRIANS INVOLVED,3/11/2017 12:00:00 AM,A,22350,False,1,SR-13 S/B,,,3/17/2017 3:03:20 PM,A,N,622.0,Joaquin Miller Rd,F,,D,3/17/2017 3:04:07 PM,3/17/2017 3:04:07 PM,,True,2,,,,,,,
414769,9370-2017-11797,3,False,9370,3/3/2017 6:20:00 PM,1820,8,14,109,Oakland,1,True,True,C,REAR END,,Friday,NotApplicable,False,,,False,True,True,Oakland Superior,C,OTHER MOTOR VEHICLE,,1,0,CLEAR,,NO UNUSUAL CONDITIONS,,C,DARK-STREET LIGHTS,37.82518,-122.30575,,,,,A,NO PEDESTRIANS INVOLVED,3/3/2017 12:00:00 AM,A,22350,False,1,I-80 W/B,,,4/8/2017 6:57:51 AM,A,E,1250.0,WEst grand avenue,F,,D,3/17/2017 2:59:55 PM,4/8/2017 6:58:40 AM,,True,2,,,,,,,
414386,9335-2017-11832,1,False,9335,3/8/2017 1:20:00 PM,1320,82,14,109,Oakland,1,True,True,B,SIDE SWIPE,,Wednesday,NotApplicable,False,,,False,True,False,Oakland Superior,C,OTHER MOTOR VEHICLE,,0,0,CLEAR,,NO UNUSUAL CONDITIONS,,A,DAYLIGHT,37.823882,-122.317502,,,,,A,NO PEDESTRIANS INVOLVED,3/8/2017 12:00:00 AM,A,21658(a),True,1,I-80 W/B,,,3/17/2017 9:35:00 AM,A,W,40.0,SFOBB TOLL PLAZA METERING LIGHTS,F,,A,3/17/2017 9:35:30 AM,3/17/2017 9:35:30 AM,,True,2,,,,,,,
414347,9370-2017-11810,1,False,9370,3/4/2017 7:38:00 PM,1938,176,14,109,Oakland,1,True,True,C,REAR END,,Saturday,NotApplicable,False,M,,False,True,False,Oakland Superior,C,OTHER MOTOR VEHICLE,,0,0,RAINING,,NO UNUSUAL CONDITIONS,,C,DARK-STREET LIGHTS,37.747833,-122.202899,,,,,A,NO PEDESTRIANS INVOLVED,3/4/2017 12:00:00 AM,A,22350,False,1,I-880 S/B,,,3/17/2017 9:07:21 AM,B,N,3160.0,Hegenberger Rd,F,,D,3/17/2017 9:07:55 AM,3/17/2017 9:07:55 AM,,True,2,,,,,,,
414272,9370-2017-11925,1,False,9370,3/14/2017 10:35:00 AM,1035,8,14,109,Oakland,1,True,True,B,SIDE SWIPE,,Tuesday,NotApplicable,False,,,False,True,False,Oakland Superior,C,OTHER MOTOR VEHICLE,,0,0,CLEAR,,NO UNUSUAL CONDITIONS,,A,DAYLIGHT,37.493011,-122.18271,,,,,A,NO PEDESTRIANS INVOLVED,3/14/2017 12:00:00 AM,A,22107,False,1,I-80 W/B,,,3/17/2017 8:01:32 AM,A,E,586.0,W. GRAND AVE,F,,D,3/17/2017 8:02:02 AM,3/17/2017 8:02:02 AM,,True,2,,,,,,,
414128,9370-2017-11944,1,False,9370,3/15/2017 4:00:00 PM,1600,177,14,109,Oakland,1,True,True,B,SIDE SWIPE,,Wednesday,NotApplicable,False,,,False,True,False,Oakland Superior,C,OTHER MOTOR VEHICLE,,0,0,CLOUDY,,NO UNUSUAL CONDITIONS,,A,DAYLIGHT,37.472694,-122.153733,,,,,A,NO PEDESTRIANS INVOLVED,3/15/2017 12:00:00 AM,A,21658(a),False,1,I-880 N/B,,,3/16/2017 5:11:38 PM,A,S,136.0,oak st.,F,,D,3/16/2017 5:12:12 PM,3/16/2017 5:12:12 PM,,True,2,,,,,,,
414120,9370-2017-11940,1,False,9370,3/15/2017 2:50:00 PM,1450,55,14,109,Oakland,1,True,True,C,REAR END,,Wednesday,NotApplicable,False,,,False,True,True,Oakland Superior,C,OTHER MOTOR VEHICLE,,0,0,CLEAR,,NO UNUSUAL CONDITIONS,,A,DAYLIGHT,37.827228,-122.285853,,,,,A,NO PEDESTRIANS INVOLVED,3/15/2017 12:00:00 AM,A,22350,False,1,I-580 W/B,,,3/16/2017 4:48:14 PM,A,W,500.0,HOLLIS STREET,F,,D,3/16/2017 4:48:44 PM,3/16/2017 4:48:44 PM,,True,2,,,,,,,
414110,9370-2017-11780,1,False,9370,3/2/2017 8:05:00 AM,805,176,14,109,Oakland,1,True,True,C,REAR END,,Thursday,NotApplicable,False,M,,False,True,False,Oakland Superior,C,OTHER MOTOR VEHICLE,,0,0,CLEAR,,NO UNUSUAL CONDITIONS,,A,DAYLIGHT,37.77719,-122.23655,,,,,A,NO PEDESTRIANS INVOLVED,3/2/2017 12:00:00 AM,A,22350 VC,False,1,I-880 N/B,,,3/16/2017 4:27:03 PM,A,S,166.0,23rd Ave,F,,D,3/16/2017 4:27:46 PM,3/16/2017 4:27:46 PM,,True,2,,,,,,,
414062,9370-2017-11933,1,False,9370,3/13/2017 5:45:00 PM,1745,52,14,109,Oakland,1,True,True,C,REAR END,,Monday,NotApplicable,False,M,,False,True,False,Oakland Superior,C,OTHER MOTOR VEHICLE,,0,0,CLEAR,,NO UNUSUAL CONDITIONS,,A,DAYLIGHT,37.782553,-122.176342,,,,,A,NO PEDESTRIANS INVOLVED,3/13/2017 12:00:00 AM,A,22350,False,1,I-580 E/B,,,3/16/2017 3:33:54 PM,A,E,624.0,SR-13 S/B,F,,D,3/16/2017 3:34:40 PM,3/16/2017 3:34:40 PM,,True,2,,,,,,,
414051,9370-2017-11853,1,False,9370,3/8/2017 9:30:00 AM,930,176,14,109,Oakland,1,True,True,B,SIDE SWIPE,,Wednesday,NotApplicable,False,,,False,True,False,Oakland Superior,C,OTHER MOTOR VEHICLE,,0,0,CLEAR,,NO UNUSUAL CONDITIONS,,A,DAYLIGHT,37.77114,-122.22234,,,,,A,NO PEDESTRIANS INVOLVED,3/8/2017 12:00:00 AM,B,UNSAFE MERGE,,1,I-880 N/B From 42nd Avenue,,,3/16/2017 3:22:41 PM,A,N,200.0,42nd Ave,F,,D,3/16/2017 3:23:10 PM,3/16/2017 3:23:10 PM,,True,2,,,,,,,
413875,9335-2017-11807,1,False,9335,3/4/2017 10:05:00 PM,2205,84,14,109,Oakland,1,True,True,B,SIDE SWIPE,,Saturday,NotApplicable,False,M,,False,True,False,Oakland Superior,C,OTHER MOTOR VEHICLE,,0,0,CLOUDY,RAINING,NO UNUSUAL CONDITIONS,,C,DARK-STREET LIGHTS,37.821432,-122.331779,,,,,A,NO PEDESTRIANS INVOLVED,3/4/2017 12:00:00 AM,A,21658(a),False,1,I-80 E/B,,,3/16/2017 1:25:20 PM,B,W,1.0,SFOBB TOLL PLAZA,M,,D,3/16/2017 1:26:19 PM,3/16/2017 1:26:19 PM,,True,2,,,,,,,
413861,9370-2017-09678,1,False,9370,2/14/2017 7:50:00 AM,750,176,14,109,Oakland,1,True,True,B,SIDE SWIPE,,Tuesday,NotApplicable,True,M,,False,True,False,Oakland Superior,C,OTHER MOTOR VEHICLE,,0,0,CLEAR,,NO UNUSUAL CONDITIONS,,A,DAYLIGHT,37.444068,-122.120062,,,,,A,NO PEDESTRIANS INVOLVED,2/14/2017 12:00:00 AM,A,21658(a),False,1,I-880 S/B,,,3/16/2017 1:17:42 PM,A,N,1884.0,Hegenberger Rd,F,,D,3/16/2017 1:18:50 PM,3/16/2017 1:18:50 PM,,True,2,,,,,,,
413657,9370-2017-11851,1,False,9370,3/7/2017 5:20:00 AM,520,8,14,109,Oakland,1,True,True,C,REAR END,,Tuesday,NotApplicable,False,M,,False,True,False,Oakland Superior,C,OTHER MOTOR VEHICLE,,0,0,CLEAR,,NO UNUSUAL CONDITIONS,,B,DUSK-DAWN,37.82527,-122.30672,,,,,A,NO PEDESTRIANS INVOLVED,3/7/2017 12:00:00 AM,A,22350,False,3,I-80 W/B,,,3/16/2017 10:43:07 AM,A,W,52.0,W. GRAND AVE,F,,D,3/16/2017 10:43:38 AM,3/16/2017 10:43:38 AM,,True,2,,,,,,,
413621,9370-2017-11844,1,False,9370,3/6/2017 6:00:00 AM,600,8,14,109,Oakland,1,True,True,B,SIDE SWIPE,,Monday,NotApplicable,False,M,,False,True,False,Oakland Superior,C,OTHER MOTOR VEHICLE,,0,0,CLOUDY,RAINING,NO UNUSUAL CONDITIONS,,C,DARK-STREET LIGHTS,37.82509,-122.31247,,,,,A,NO PEDESTRIANS INVOLVED,3/6/2017 12:00:00 AM,A,21658(a),False,2,I-80 W/B,,,3/16/2017 10:19:47 AM,B,E,300.0,SFOBB TOLL PLAZA,F,,D,3/16/2017 10:20:20 AM,3/16/2017 10:20:20 AM,,True,2,,,,,,,
413193,9370-2017-11744,1,False,9370,2/27/2017 5:20:00 PM,1720,24,14,109,Oakland,1,True,True,C,REAR END,,Monday,NotApplicable,False,M,,False,True,True,Oakland Superior,C,OTHER MOTOR VEHICLE,,0,0,CLEAR,,NO UNUSUAL CONDITIONS,,A,DAYLIGHT,37.850168,-122.223615,,,,,A,NO PEDESTRIANS INVOLVED,2/27/2017 12:00:00 AM,A,22350,False,1,SR-24 W/B,,,3/15/2017 4:31:53 PM,A,W,218.0,Kay Street,F,,D,3/15/2017 4:32:24 PM,3/15/2017 4:32:24 PM,,True,2,,,,,,,
413083,9370-2017-11930,1,False,9370,3/4/2017 8:09:00 PM,2009,52,14,109,Oakland,1,True,True,E,HIT OBJECT,,Saturday,Yes,False,,,False,True,True,Oakland Superior,I,FIXED OBJECT,GUARD RAIL,0,0,RAINING,,NO UNUSUAL CONDITIONS,,E,DARK-STREET LIGHTS NOT FUNCTIONING*,37.45441,-122.85664,,,,,A,NO PEDESTRIANS INVOLVED,3/4/2017 12:00:00 AM,A,23152(a),True,1,I-580 W/B,,,3/15/2017 2:49:47 PM,B,W,1320.0,Oak Knoll Blvd,F,,D,3/15/2017 2:50:23 PM,3/15/2017 2:50:23 PM,,True,2,,,,,,,
413061,9370-2017-11937,1,False,9370,3/15/2017 7:50:00 AM,750,176,14,109,Oakland,1,True,True,C,REAR END,,Wednesday,NotApplicable,False,,,False,True,False,Oakland Superior,C,OTHER MOTOR VEHICLE,,0,0,CLEAR,,NO UNUSUAL CONDITIONS,,A,DAYLIGHT,37.461951,-122.132972,,,,,A,NO PEDESTRIANS INVOLVED,3/15/2017 12:00:00 AM,A,22350 VC,False,1,I-880 S/B,,,3/15/2017 2:33:27 PM,A,N,2000.0,High St,F,,D,3/15/2017 2:35:23 PM,3/15/2017 2:35:23 PM,,True,2,,,,,,,
412897,9370-2017-11922,1,False,9370,3/14/2017 7:55:00 AM,755,176,14,109,Oakland,1,True,True,B,SIDE SWIPE,,Tuesday,NotApplicable,False,,,False,True,False,Oakland Superior,C,OTHER MOTOR VEHICLE,,0,0,CLEAR,,NO UNUSUAL CONDITIONS,,A,DAYLIGHT,37.441027,-122.113239,,,,,A,NO PEDESTRIANS INVOLVED,3/14/2017 12:00:00 AM,A,21658(a) VC,False,1,I-880 N/B,,,3/15/2017 12:23:17 PM,A,N,1875.0,98th Ave,F,,D,3/15/2017 12:23:58 PM,3/15/2017 12:23:58 PM,,True,2,,,,,,,
412868,9370-2017-11936,1,False,9370,3/13/2017 2:45:00 PM,1445,54,14,109,Oakland,1,True,True,C,REAR END,,Monday,NotApplicable,False,,,False,True,False,Oakland Superior,C,OTHER MOTOR VEHICLE,,0,0,CLEAR,,NO UNUSUAL CONDITIONS,,A,DAYLIGHT,37.490905,-122.151563,,,,,A,NO PEDESTRIANS INVOLVED,3/13/2017 12:00:00 AM,A,22350 VC,False,1,I-580 E/B,,,3/15/2017 11:50:09 AM,A,W,1350.0,LAKESHORE AVE.,F,,D,3/15/2017 11:50:38 AM,3/15/2017 11:50:38 AM,,True,2,,,,,,,
412794,9370-2017-11847,1,False,9370,3/7/2017 5:22:00 PM,1722,8,14,109,Oakland,1,True,True,B,SIDE SWIPE,,Tuesday,NotApplicable,False,,,False,True,False,Oakland Superior,C,OTHER MOTOR VEHICLE,,0,0,CLEAR,,NO UNUSUAL CONDITIONS,,A,DAYLIGHT,37.8266,-122.197073,,,,,A,NO PEDESTRIANS INVOLVED,3/7/2017 12:00:00 AM,A,22107,False,,I-80 E/B,,,3/15/2017 10:26:31 AM,A,E,3391.0,w. grand ave,F,,D,3/15/2017 10:27:03 AM,3/15/2017 10:27:03 AM,,True,2,,,,,,,
412736,9370-2017-11928,1,False,9370,3/13/2017 8:00:00 PM,2000,177,14,109,Oakland,1,True,True,B,SIDE SWIPE,,Monday,NotApplicable,False,,,False,True,True,Oakland Superior,C,OTHER MOTOR VEHICLE,,0,0,CLEAR,,NO UNUSUAL CONDITIONS,,D,DARK-NO STREET LIGHTS,37.471934,-122.15524,,,,,A,NO PEDESTRIANS INVOLVED,3/14/2017 12:00:00 AM,A,21658(a),False,1,I-880 N/B,,,3/15/2017 9:47:48 AM,A,S,2500.0,5th Ave,F,,D,3/15/2017 9:48:25 AM,3/15/2017 9:48:25 AM,,True,2,,,,,,,
412706,9370-2017-11855,1,False,9370,3/8/2017 1:10:00 PM,1310,176,14,109,Oakland,1,True,True,C,REAR END,,Wednesday,NotApplicable,False,,,False,True,True,Oakland Superior,C,OTHER MOTOR VEHICLE,,0,0,CLEAR,,NO UNUSUAL CONDITIONS,,A,DAYLIGHT,37.772921,-122.226693,,,,,A,NO PEDESTRIANS INVOLVED,3/8/2017 12:00:00 AM,A,22350,False,1,I-880 S/B,,,3/15/2017 9:20:20 AM,A,S,500.0,Fruitvale Ave,F,,D,3/15/2017 9:20:49 AM,3/15/2017 9:20:49 AM,,True,2,,,,,,,
412688,9370-2017-11850,1,False,9370,3/8/2017 8:10:00 AM,810,55,14,109,Oakland,1,True,True,B,SIDE SWIPE,,Wednesday,NotApplicable,False,,,False,True,False,Oakland Superior,C,OTHER MOTOR VEHICLE,,0,0,CLEAR,,NO UNUSUAL CONDITIONS,,A,DAYLIGHT,37.819183,-122.270273,,,,,A,NO PEDESTRIANS INVOLVED,3/8/2017 12:00:00 AM,A,21658(a),False,,I-580 TO I-980 W/B,,,3/15/2017 9:09:28 AM,A,E,800.0,27th St,F,,D,3/15/2017 9:10:02 AM,3/15/2017 9:10:02 AM,,True,2,,,,,,,
412609,9370-2017-11920,1,False,9370,3/14/2017 1:08:00 AM,108,177,14,109,Oakland,1,True,True,E,HIT OBJECT,,Tuesday,Yes,False,,,False,True,True,Oakland Superior,I,FIXED OBJECT,Raised curb,1,0,CLEAR,,NO UNUSUAL CONDITIONS,,C,DARK-STREET LIGHTS,37.11982,-122.23806,,,,,A,NO PEDESTRIANS INVOLVED,3/14/2017 12:00:00 AM,A,22107,False,1,I-880 N/B,,,3/15/2017 8:03:26 AM,A,N,600.0,23rd Avenue overcrossing,F,,D,3/15/2017 8:04:07 AM,3/15/2017 8:04:07 AM,,True,2,,,,,,,
412568,9370-2017-11852,1,False,9370,3/7/2017 6:35:00 AM,635,8,14,109,Oakland,1,True,True,B,SIDE SWIPE,,Tuesday,NotApplicable,False,,,False,True,False,Oakland Superior,C,OTHER MOTOR VEHICLE,,0,0,CLEAR,,NO UNUSUAL CONDITIONS,,A,DAYLIGHT,37.82498,-122.31257,,,,,A,NO PEDESTRIANS INVOLVED,3/7/2017 12:00:00 AM,A,21658(a),False,2,I-80 W/B,,,3/15/2017 7:24:55 AM,A,E,340.0,SFOBB TOLL PLAZA,F,,D,3/15/2017 7:25:25 AM,3/15/2017 7:25:25 AM,,True,2,,,,,,,
412492,9370-2017-11866,1,False,9370,3/9/2017 12:38:00 AM,38,54,14,109,Oakland,1,True,True,B,SIDE SWIPE,,Thursday,Yes,False,,,False,True,True,Oakland Superior,C,OTHER MOTOR VEHICLE,,0,0,CLEAR,,NO UNUSUAL CONDITIONS,,C,DARK-STREET LIGHTS,37.80753,-122.23989,,,,,A,NO PEDESTRIANS INVOLVED,3/9/2017 12:00:00 AM,A,23152(a),False,1,I-580 E/B,,,3/15/2017 5:47:29 AM,A,W,2164.0,Park Blvd,F,,D,3/15/2017 5:48:15 AM,3/15/2017 5:48:15 AM,,True,2,,,,,,,
412483,9370-2017-11771,1,False,9370,3/2/2017 12:55:00 AM,55,177,14,109,Oakland,1,True,True,C,REAR END,,Thursday,NotApplicable,False,,,False,True,True,Oakland Superior,C,OTHER MOTOR VEHICLE,,1,0,CLEAR,,NO UNUSUAL CONDITIONS,,C,DARK-STREET LIGHTS,37.79646,-122.27019,,,,,A,NO PEDESTRIANS INVOLVED,3/2/2017 12:00:00 AM,A,22350,False,1,I-880 S/B,,,3/15/2017 5:20:40 AM,A,N,280.0,Jackson Street,F,,D,3/15/2017 5:23:45 AM,3/15/2017 5:23:45 AM,,True,2,,,,,,,
412438,9335-2017-11783,1,False,9335,3/2/2017 9:45:00 AM,945,82,14,109,Oakland,1,True,True,B,SIDE SWIPE,,Thursday,NotApplicable,False,,,False,True,False,Oakland Superior,C,OTHER MOTOR VEHICLE,,0,0,CLEAR,,NO UNUSUAL CONDITIONS,,A,DAYLIGHT,37.8246,-122.3156,,,,,A,NO PEDESTRIANS INVOLVED,3/3/2017 12:00:00 AM,B,Unsafe merge,,1,I-80 W/B,,,3/14/2017 8:35:43 PM,A,W,510.0,SFOBB Toll Plaza,F,,D,3/14/2017 8:36:15 PM,3/14/2017 8:36:15 PM,,True,2,,,,,,,
412204,9335-2017-11782,1,False,9335,3/3/2017 3:20:00 PM,1520,84,14,109,Oakland,1,True,True,B,SIDE SWIPE,,Friday,NotApplicable,False,,,False,True,False,Oakland Superior,C,OTHER MOTOR VEHICLE,,0,0,CLOUDY,,NO UNUSUAL CONDITIONS,,A,DAYLIGHT,37.820057,-122.341697,,,,,A,NO PEDESTRIANS INVOLVED,3/3/2017 12:00:00 AM,A,22107,False,1,I-80 E/B,,,3/14/2017 1:56:35 PM,A,E,0.9,SAN FRANCISCO COUNTY LINE,M,,D,3/14/2017 1:57:06 PM,3/14/2017 1:57:06 PM,,True,2,,,,,,,
412148,9370-2017-11916,1,False,9370,3/13/2017 6:20:00 AM,620,52,14,109,Oakland,1,True,True,B,SIDE SWIPE,,Monday,NotApplicable,False,M,,False,True,True,Oakland Superior,C,OTHER MOTOR VEHICLE,,0,0,CLEAR,,NO UNUSUAL CONDITIONS,,A,DAYLIGHT,37.450313,-122.090663,,,,,A,NO PEDESTRIANS INVOLVED,3/13/2017 12:00:00 AM,A,21658(a)VC,False,1,I-580 E/B,,,3/14/2017 1:17:42 PM,A,W,2050.0,106th Ave,F,,D,3/14/2017 1:18:13 PM,3/14/2017 1:18:13 PM,,True,2,,,,,,,
412054,9370-2017-11918,1,False,9370,3/13/2017 3:00:00 PM,1500,177,14,109,Oakland,1,True,True,C,REAR END,,Monday,NotApplicable,False,,,False,True,True,Oakland Superior,C,OTHER MOTOR VEHICLE,,0,0,CLEAR,,NO UNUSUAL CONDITIONS,,A,DAYLIGHT,37.79223,-122.26153,,,,,A,NO PEDESTRIANS INVOLVED,3/13/2017 12:00:00 AM,A,22350,False,1,I-880 N/B,,,3/14/2017 11:38:55 AM,A,S,600.0,5th Ave,F,,D,3/14/2017 11:39:34 AM,3/14/2017 11:39:34 AM,,True,2,,,,,,,