collision-id,report-number,report-version,is-preliminary,ncic-code,crash-date-time,crash-time-description,beat,city-id,city-code,city-name,county-code,city-is-active,city-is-incorporated,collision-type-code,collision-type-description,collision-type-other-desc,day-of-week,dispatch-notified,has-photographs,hit-run,is-attachments-mailed,is-deleted,is-highway-related,is-tow-away,judicial-district,motor-vehicle-involved-with-code,motor-vehicle-involved-with-desc,motor-vehicle-involved-with-other-desc,number-injured,number-killed,weather-1,weather-2,road-condition-1,road-condition-2,special-condition-lighting-code,lighting-description,latitude,longitude,milepost-direction,milepost-distance,milepost-marker,milepost-unit-of-measure,pedestrian-action-code,pedestrian-action-desc,prepared-date,primary-collision-factor-code,primary-collision-factor-violation,primary-collision-factor-is-cited,primary-collision-party-number,primary-road,reporting-district,reporting-district-code,reviewed-date,roadway-surface-code,secondary-direction,secondary-distance,secondary-road,secondary-unit-of-measure,sketch-desc,traffic-control-device-code,created-date,modified-date,is-county-road,is-freeway,chp-555-version,is-additonal-object-struck,notification-date,notification-time-description,has-digital-media-files,evidence-number,is-location-refer-to-narrative,is-aoi-one-same-as-location
451891,9370-2017-12607,1,False,9370,4/30/2017 4:45:00 AM,445,178,14,109,Oakland,1,True,True,E,HIT OBJECT,,Sunday,Yes,False,,,False,True,True,Oakland Superior,I,FIXED OBJECT,Guard Rail,0,0,CLEAR,,NO UNUSUAL CONDITIONS,,D,DARK-NO STREET LIGHTS,37.48961,-122.17593,,,,,A,NO PEDESTRIANS INVOLVED,4/30/2017 12:00:00 AM,A,22107,True,1,I-880 N/B,,,5/9/2017 9:18:53 AM,A,S,2100.0,7th St,F,,D,5/9/2017 9:19:35 AM,5/9/2017 9:19:35 AM,,True,2,,,,,,,
451834,9370-2017-12530,1,False,9370,4/30/2017 9:25:00 PM,2125,98,14,109,Oakland,1,True,True,E,HIT OBJECT,,Sunday,NotApplicable,False,,,False,True,False,Oakland Superior,J,OTHER OBJECT,Metal Table,0,0,CLEAR,,NO UNUSUAL CONDITIONS,,D,DARK-NO STREET LIGHTS,37.809774,-122.276128,,,,,A,NO PEDESTRIANS INVOLVED,5/1/2017 12:00:00 AM,C,,,,I-980 W/B,,,5/9/2017 8:38:20 AM,A,E,275.0,The 18th Street Overcrossing,F,,D,5/9/2017 8:39:03 AM,5/9/2017 8:39:03 AM,,True,2,,,,,,,
451817,9370-2017-12520,1,False,9370,4/30/2017 5:05:00 AM,505,52,14,109,Oakland,1,True,True,C,REAR END,,Sunday,Yes,False,,,False,True,True,Oakland Superior,C,OTHER MOTOR VEHICLE,,0,0,CLEAR,,NO UNUSUAL CONDITIONS,,D,DARK-NO STREET LIGHTS,37.77372,-122.159216,,,,,A,NO PEDESTRIANS INVOLVED,4/30/2017 12:00:00 AM,A,23152(a) VC,True,1,I-580 E/B,,,5/9/2017 8:25:21 AM,A,W,1100.0,Keller Ave,F,,D,5/9/2017 8:28:30 AM,5/9/2017 8:28:30 AM,,True,2,,,,,,,
451661,9370-2017-12488,1,False,9370,4/27/2017 11:00:00 PM,2300,176,14,109,Oakland,1,True,True,C,REAR END,,Thursday,Yes,False,F,,False,True,True,Oakland Superior,C,OTHER MOTOR VEHICLE,,1,0,CLOUDY,,NO UNUSUAL CONDITIONS,,C,DARK-STREET LIGHTS,37.462196,-122.133464,,,,,A,NO PEDESTRIANS INVOLVED,4/27/2017 12:00:00 AM,A,22350,False,1,I-880 N/B,,,5/9/2017 5:58:11 AM,A,S,506.0,FRUITVALE AVE.,F,,D,5/9/2017 5:59:00 AM,5/9/2017 5:59:00 AM,,True,2,,,,,,,
451653,9370-2017-12486,1,False,9370,4/27/2017 11:57:00 PM,2357,176,14,109,Oakland,1,True,True,B,SIDE SWIPE,,Thursday,NotApplicable,False,,,False,True,True,Oakland Superior,C,OTHER MOTOR VEHICLE,,0,0,CLOUDY,,NO UNUSUAL CONDITIONS,,C,DARK-STREET LIGHTS,37.461881,-122.132604,,,,,A,NO PEDESTRIANS INVOLVED,4/27/2017 12:00:00 AM,A,21658(a),False,1,I-880 N/B,,,5/9/2017 5:44:15 AM,A,S,1056.0,Fruitvale Ave,F,,D,5/9/2017 5:44:49 AM,5/9/2017 5:44:49 AM,,,2,,,,,,,
451644,9370-2017-12485,1,False,9370,4/27/2017 8:07:00 PM,2007,901,14,109,Oakland,1,True,True,B,SIDE SWIPE,,Thursday,NotApplicable,False,,,False,False,False,Oakland Superior,C,OTHER MOTOR VEHICLE,,0,0,CLOUDY,,NO UNUSUAL CONDITIONS,,On-Duty Emergency VehicleC,DARK-STREET LIGHTS,37.485049,-122.155403,,,,,A,NO PEDESTRIANS INVOLVED,4/27/2017 12:00:00 AM,A,22107,False,1,Broadway (2400 Block),,,5/9/2017 5:24:04 AM,A,S,25.0,25th St,F,,D,5/9/2017 5:24:44 AM,5/9/2017 5:24:44 AM,,,2,,,,,,,
451640,9370-2017-12489,1,False,9370,4/27/2017 10:33:00 PM,2233,13,14,109,Oakland,1,True,True,C,REAR END,,Thursday,Yes,False,,,False,True,True,Oakland Superior,C,OTHER MOTOR VEHICLE,,1,0,CLEAR,,NO UNUSUAL CONDITIONS,,C,DARK-STREET LIGHTS,37.83138,-122.21588,,,,,A,NO PEDESTRIANS INVOLVED,4/27/2017 12:00:00 AM,A,23152(a),True,1,SR-13 S/B,,,5/9/2017 5:02:36 AM,A,S,417.0,Moraga Avenue,F,,D,5/9/2017 5:03:20 AM,5/9/2017 5:03:20 AM,,True,2,,,,,,,
450580,9370-2017-12521,1,False,9370,4/30/2017 12:55:00 AM,55,8,14,109,Oakland,1,True,True,C,REAR END,,Sunday,Yes,False,,,False,True,True,Oakland Superior,C,OTHER MOTOR VEHICLE,,0,0,CLEAR,,NO UNUSUAL CONDITIONS,,C,DARK-STREET LIGHTS,37.825027,-122.313668,,,,,A,NO PEDESTRIANS INVOLVED,4/30/2017 12:00:00 AM,A,23152(a) VC,True,1,I-80 W/B,,,5/7/2017 9:19:14 PM,A,E,30.0,THE S.F.O.B.B. Toll Plaza,F,,A,5/7/2017 9:20:07 PM,5/7/2017 9:20:07 PM,,True,2,,,,,,,
450571,9370-2017-12508,1,False,9370,4/29/2017 1:30:00 PM,1330,55,14,109,Oakland,1,True,True,B,SIDE SWIPE,,Saturday,NotApplicable,False,,,False,True,False,Oakland Superior,C,OTHER MOTOR VEHICLE,,0,0,CLEAR,,NO UNUSUAL CONDITIONS,,A,DAYLIGHT,37.82632,-122.276598,,,,,A,NO PEDESTRIANS INVOLVED,4/29/2017 12:00:00 AM,A,22350,False,1,I-580 W/B,,,5/7/2017 8:25:27 PM,A,W,400.0,Market Street,F,,D,5/7/2017 8:26:01 PM,5/7/2017 8:26:01 PM,,True,2,,,,,,,
450561,9370-2017-12539,1,False,9370,5/1/2017 5:20:00 AM,520,177,14,109,Oakland,1,True,True,C,REAR END,,Monday,NotApplicable,False,,,False,True,True,Oakland Superior,C,OTHER MOTOR VEHICLE,,2,0,CLEAR,,NO UNUSUAL CONDITIONS,,B,DUSK-DAWN,37.78441,-122.24155,,,,,A,NO PEDESTRIANS INVOLVED,5/1/2017 12:00:00 AM,A,22350 VC,False,1,I-880 N/B,,,5/7/2017 7:15:15 PM,A,S,500.0,16th Ave,F,,D,5/7/2017 7:16:12 PM,5/7/2017 7:16:12 PM,,True,2,,,,,,,
450555,9370-2017-12584,1,False,9370,5/4/2017 7:25:00 PM,1925,52,14,109,Oakland,1,True,True,C,REAR END,,Thursday,NotApplicable,False,,,False,True,True,Oakland Superior,C,OTHER MOTOR VEHICLE,,0,0,CLEAR,,NO UNUSUAL CONDITIONS,,A,DAYLIGHT,37.783997,-122.183195,,,,,A,NO PEDESTRIANS INVOLVED,5/4/2017 12:00:00 AM,A,22350,False,1,I-580 E/B,,,5/7/2017 6:33:37 PM,A,E,1354.0,Macarthur Blvd,F,,D,5/7/2017 6:34:13 PM,5/7/2017 6:34:13 PM,,True,2,,,,,,,
450553,9370-2017-12502,1,False,9370,4/28/2017 8:10:00 PM,2010,178,14,109,Oakland,1,True,True,E,HIT OBJECT,,Friday,NotApplicable,False,M,,False,True,True,Oakland Superior,I,FIXED OBJECT,CONCRETE WALL,0,0,CLEAR,,NO UNUSUAL CONDITIONS,,C,DARK-STREET LIGHTS,37.482818,-122.181899,,,,,A,NO PEDESTRIANS INVOLVED,4/28/2017 12:00:00 AM,A,22107,False,1,I-880 S/B FROM 7TH STREET,,,5/7/2017 6:28:39 PM,A,S,30.0,7th St,F,,D,5/7/2017 6:29:09 PM,5/7/2017 6:29:09 PM,,True,2,,,,,,,
450552,9370-2017-12519,1,False,9370,4/28/2017 10:15:00 AM,1015,176,14,109,Oakland,1,True,True,C,REAR END,,Friday,NotApplicable,False,,,False,True,False,Oakland Superior,C,OTHER MOTOR VEHICLE,,0,0,CLEAR,,NO UNUSUAL CONDITIONS,,A,DAYLIGHT,37.733705,-122.189892,,,,,A,NO PEDESTRIANS INVOLVED,4/30/2017 12:00:00 AM,A,22350,False,1,I-880 N/B FROM 98TH AVENUE,,,5/7/2017 6:23:41 PM,A,N,750.0,98th Ave,F,,A,5/7/2017 6:24:14 PM,5/7/2017 6:24:14 PM,,True,2,,,,,,,
450525,9370-2017-12591,2,False,9370,5/5/2017 2:57:00 PM,1457,176,14,109,Oakland,1,True,True,C,REAR END,,Friday,Yes,False,,,False,True,True,Oakland Superior,C,OTHER MOTOR VEHICLE,,1,0,CLEAR,,NO UNUSUAL CONDITIONS,,A,DAYLIGHT,37.453616,-122.124929,,,,,A,NO PEDESTRIANS INVOLVED,5/5/2017 12:00:00 AM,A,22350,False,2,I-880 S/B,,,8/13/2017 2:11:28 PM,A,N,2942.0,66th Ave,F,,D,5/7/2017 4:41:38 PM,8/13/2017 2:11:41 PM,,True,2,,,,,,,
450523,9370-2017-12592,1,False,9370,5/5/2017 6:33:00 PM,1833,176,14,109,Oakland,1,True,True,C,REAR END,,Friday,NotApplicable,False,,,False,True,True,Oakland Superior,C,OTHER MOTOR VEHICLE,,0,0,CLEAR,,NO UNUSUAL CONDITIONS,,A,DAYLIGHT,37.453616,-122.124929,,,,,A,NO PEDESTRIANS INVOLVED,5/5/2017 12:00:00 AM,A,22350,False,2,I-880 S/B,,,5/7/2017 4:33:42 PM,A,N,2852.0,66th Ave,F,,D,5/7/2017 4:34:11 PM,5/7/2017 4:34:11 PM,,True,2,,,,,,,
450516,9370-2017-12603,1,False,9370,5/6/2017 11:22:00 AM,1122,54,14,109,Oakland,1,True,True,C,REAR END,,Saturday,NotApplicable,False,,,False,True,True,Oakland Superior,C,OTHER MOTOR VEHICLE,,0,0,CLEAR,,NO UNUSUAL CONDITIONS,,A,DAYLIGHT,37.482954,-122.14274,,,,,A,NO PEDESTRIANS INVOLVED,5/6/2017 12:00:00 AM,A,22350 VC,False,1,I-580 Westbound,,,5/7/2017 3:49:31 PM,A,E,300.0,Lake Park Avenue,F,,D,5/7/2017 3:50:02 PM,5/7/2017 3:50:02 PM,,True,2,,,,,,,
450501,9370-2017-12513,1,False,9370,4/29/2017 9:45:00 AM,945,176,14,109,Oakland,1,True,True,C,REAR END,,Saturday,NotApplicable,False,,,False,True,False,Oakland Superior,C,OTHER MOTOR VEHICLE,,2,0,CLEAR,,NO UNUSUAL CONDITIONS,,A,DAYLIGHT,37.740377,-122.19612,,,,,A,NO PEDESTRIANS INVOLVED,4/29/2017 12:00:00 AM,A,22350,False,1,I-880 N/B,,,5/7/2017 2:17:29 PM,A,S,30.0,Hegenberger Rd,F,,D,5/7/2017 2:18:07 PM,5/7/2017 2:18:07 PM,,True,2,,,,,,,
450494,9370-2017-12615,1,False,9370,5/5/2017 3:50:00 PM,1550,8,14,109,Oakland,1,True,True,C,REAR END,,Friday,NotApplicable,False,,,False,True,True,Oakland Superior,C,OTHER MOTOR VEHICLE,,0,0,CLEAR,,NO UNUSUAL CONDITIONS,,A,DAYLIGHT,37.824908,-122.313298,,,,,A,NO PEDESTRIANS INVOLVED,5/5/2017 12:00:00 AM,A,21658(a),False,1,I-80 W/B,,,5/7/2017 1:42:01 PM,A,E,150.0,SFOBB Toll Plaza,F,,D,5/7/2017 1:42:30 PM,5/7/2017 1:42:30 PM,,True,2,,,,,,,
450492,9370-2017-12585,1,False,9370,5/4/2017 12:20:00 PM,1220,177,14,109,Oakland,1,True,True,B,SIDE SWIPE,,Thursday,NotApplicable,False,M,,False,True,False,Oakland Superior,C,OTHER MOTOR VEHICLE,,0,0,CLEAR,,NO UNUSUAL CONDITIONS,,A,DAYLIGHT,37.796495,-122.269002,,,,,A,NO PEDESTRIANS INVOLVED,5/4/2017 12:00:00 AM,A,22107,False,1,i-880 n/b from jackson street,,,5/7/2017 1:35:45 PM,A,N,90.0,Jackson St,F,,A,5/7/2017 1:36:22 PM,5/7/2017 1:36:22 PM,,True,2,,,,,,,
450490,9370-2017-12523,1,False,9370,4/29/2017 12:00:00 PM,1200,52,14,109,Oakland,1,True,True,B,SIDE SWIPE,,Saturday,NotApplicable,True,,,False,True,False,Oakland Superior,C,OTHER MOTOR VEHICLE,,1,0,CLEAR,,NO UNUSUAL CONDITIONS,,A,DAYLIGHT,37.74989,-122.15122,,,,,A,NO PEDESTRIANS INVOLVED,4/29/2017 12:00:00 AM,A,21658(a),False,1,I-580 W/B,,,5/7/2017 1:30:08 PM,A,E,1340.0,GOLF LINKS RD.,F,,D,5/7/2017 1:30:50 PM,5/7/2017 1:30:50 PM,,True,2,,,,,,,
450444,9370-2017-12512,1,False,9370,4/29/2017 7:00:00 PM,1900,54,14,109,Oakland,1,True,True,E,HIT OBJECT,,Saturday,NotApplicable,False,,,False,True,False,Oakland Superior,I,FIXED OBJECT,Concrete Wall,0,0,CLEAR,,NO UNUSUAL CONDITIONS,,A,DAYLIGHT,37.483618,-122.145171,,,,,A,NO PEDESTRIANS INVOLVED,4/29/2017 12:00:00 AM,A,22107,False,1,I-580 E/B,,,5/7/2017 10:11:32 AM,A,E,250.0,Grand Ave,F,,D,5/7/2017 10:12:07 AM,5/7/2017 10:12:07 AM,,True,2,,,,,,,
450442,9370-2017-12516,1,False,9370,4/30/2017 1:41:00 PM,1341,25,14,109,Oakland,1,True,True,B,SIDE SWIPE,,Sunday,Yes,False,F,,False,True,True,Oakland Superior,C,OTHER MOTOR VEHICLE,,2,0,CLEAR,,NO UNUSUAL CONDITIONS,,A,DAYLIGHT,37.8275,-122.26783,,,,,A,NO PEDESTRIANS INVOLVED,4/30/2017 12:00:00 AM,A,23152(a),True,1,SR-24 W/B,,,5/7/2017 10:03:13 AM,A,E,180.0,West MacArthur Boulevard,F,,D,5/7/2017 10:03:53 AM,5/7/2017 10:03:53 AM,,True,2,,,,,,,
450436,9370-2017-12581,1,False,9370,5/4/2017 5:00:00 PM,1700,13,14,109,Oakland,1,True,True,C,REAR END,,Thursday,NotApplicable,False,,,False,True,False,Oakland Superior,C,OTHER MOTOR VEHICLE,,0,0,CLEAR,,NO UNUSUAL CONDITIONS,,A,DAYLIGHT,37.806826,-122.193518,,,,,A,NO PEDESTRIANS INVOLVED,5/4/2017 12:00:00 AM,A,21703,False,1,SR-13 S/B,,,5/7/2017 9:50:09 AM,A,S,2000.0,Joaquin Miller Rd,F,,D,5/7/2017 9:50:47 AM,5/7/2017 9:50:47 AM,,True,2,,,,,,,
450418,9370-2017-12511,1,False,9370,4/29/2017 9:00:00 PM,2100,54,14,109,Oakland,1,True,True,B,SIDE SWIPE,,Saturday,NotApplicable,False,M,,False,True,False,Oakland Superior,C,OTHER MOTOR VEHICLE,,0,0,CLEAR,,NO UNUSUAL CONDITIONS,,C,DARK-STREET LIGHTS,37.483345,-122.144591,,,,,A,NO PEDESTRIANS INVOLVED,4/29/2017 12:00:00 AM,A,22107,False,1,I-580 E/B FROM Lakeshore Avenue,,,5/7/2017 8:05:56 AM,A,E,200.0,Lakeshore Avenue,F,,D,5/7/2017 8:06:27 AM,5/7/2017 8:06:27 AM,,True,2,,,,,,,
450391,9370-2017-12590,1,False,9370,5/5/2017 3:06:00 PM,1506,176,14,109,Oakland,1,True,True,B,SIDE SWIPE,,Friday,NotApplicable,False,,,False,True,False,Oakland Superior,C,OTHER MOTOR VEHICLE,,0,0,CLEAR,,NO UNUSUAL CONDITIONS,,A,DAYLIGHT,37.435679,-122.1217,,,,,A,NO PEDESTRIANS INVOLVED,5/5/2017 12:00:00 AM,A,21658(a),False,1,I-880 N/B,,,5/6/2017 7:54:06 PM,A,N,342.0,98th Ave,F,,D,5/6/2017 7:54:37 PM,5/6/2017 7:54:37 PM,,True,2,,,,,,,
450390,9370-2017-12538,1,False,9370,5/1/2017 4:10:00 AM,410,13,14,109,Oakland,1,True,True,H,OTHER,ANIMAL,Monday,NotApplicable,False,,,False,True,False,Oakland Superior,H,ANIMAL,DEER,0,0,CLEAR,,NO UNUSUAL CONDITIONS,,D,DARK-NO STREET LIGHTS,37.81262,-122.2,,,,,A,NO PEDESTRIANS INVOLVED,5/1/2017 12:00:00 AM,C,,,,SR-13 S/B,,,5/6/2017 7:43:56 PM,A,N,900.0,Lincoln Ave,F,,D,5/6/2017 7:44:30 PM,5/6/2017 7:44:30 PM,,True,2,,,,,,,
450384,9370-2017-12532,1,False,9370,4/29/2017 10:25:00 PM,2225,53,14,109,Oakland,1,True,True,B,SIDE SWIPE,,Saturday,NotApplicable,False,,,False,True,False,Oakland Superior,C,OTHER MOTOR VEHICLE,,0,0,CLEAR,,NO UNUSUAL CONDITIONS,,D,DARK-NO STREET LIGHTS,37.795829,-122.209304,,,,,A,NO PEDESTRIANS INVOLVED,4/29/2017 12:00:00 AM,A,21658(a) VC,False,,I-580 E/B,,,5/6/2017 7:07:37 PM,A,W,1350.0,35th Ave,F,,D,5/6/2017 7:08:12 PM,5/6/2017 7:08:12 PM,,True,2,,,,,,,
450383,9370-2017-12525,1,False,9370,4/29/2017 1:00:00 PM,1300,52,14,109,Oakland,1,True,True,B,SIDE SWIPE,,Saturday,NotApplicable,False,,,False,True,False,Oakland Superior,C,OTHER MOTOR VEHICLE,,0,0,CLEAR,,NO UNUSUAL CONDITIONS,,A,DAYLIGHT,37.75818,-122.14791,,,,,A,NO PEDESTRIANS INVOLVED,4/29/2017 12:00:00 AM,A,21658(a),False,1,I-580 E/B,,,5/6/2017 5:40:38 PM,A,E,275.0,TWIN OAKS WAY O/C,F,,D,5/6/2017 5:41:26 PM,5/6/2017 5:41:26 PM,,True,2,,,,,,,
450380,9370-2017-12517,1,False,9370,4/28/2017 9:45:00 AM,945,176,14,109,Oakland,1,True,True,C,REAR END,,Friday,NotApplicable,False,,,False,True,False,Oakland Superior,C,OTHER MOTOR VEHICLE,,1,0,CLEAR,,NO UNUSUAL CONDITIONS,,A,DAYLIGHT,37.753176,-122.206841,,,,,A,NO PEDESTRIANS INVOLVED,4/28/2017 12:00:00 AM,A,22350,False,1,I-880 N/B FROM COLISEUM WAY,,,5/6/2017 4:58:16 PM,A,S,385.0,66th Ave,F,,D,5/6/2017 4:58:53 PM,5/6/2017 4:58:53 PM,,True,2,,,,,,,
450379,9370-2017-12524,1,False,9370,4/29/2017 3:45:00 PM,1545,52,14,109,Oakland,1,True,True,B,SIDE SWIPE,,Saturday,NotApplicable,False,,,False,True,False,Oakland Superior,C,OTHER MOTOR VEHICLE,,0,0,CLEAR,,NO UNUSUAL CONDITIONS,,A,DAYLIGHT,37.77817,-122.16827,,,,,A,NO PEDESTRIANS INVOLVED,4/29/2017 12:00:00 AM,A,21658(a),False,2,I-580 E/B,,,5/6/2017 4:05:12 PM,A,W,1250.0,EDWARDS AVENUE,F,,D,5/6/2017 4:05:46 PM,5/6/2017 4:05:46 PM,,True,2,,,,,,,
450376,9370-2017-12522,1,False,9370,4/30/2017 3:20:00 PM,1520,25,14,109,Oakland,1,True,True,E,HIT OBJECT,,Sunday,Yes,True,,,False,True,True,Oakland Superior,I,FIXED OBJECT,CONCRETE WALL,1,0,CLEAR,,NO UNUSUAL CONDITIONS,,A,DAYLIGHT,37.778,-122.16794,,,,,A,NO PEDESTRIANS INVOLVED,4/30/2017 12:00:00 AM,A,22107,False,1,SR-24 W/B,,,5/6/2017 3:41:57 PM,A,E,700.0,34TH STREET,F,,D,5/6/2017 3:42:40 PM,5/6/2017 3:42:40 PM,,True,2,,,,,,,
450351,9370-2017-12594,1,False,9370,5/5/2017 3:50:00 PM,1550,13,14,109,Oakland,1,True,True,C,REAR END,,Friday,NotApplicable,False,,,False,True,False,Oakland Superior,C,OTHER MOTOR VEHICLE,,1,0,CLEAR,,NO UNUSUAL CONDITIONS,,A,DAYLIGHT,37.82401,-122.20934,,,,,A,NO PEDESTRIANS INVOLVED,5/5/2017 12:00:00 AM,A,22350,False,1,SR-13 S/B,,,5/6/2017 12:42:45 PM,A,N,1000.0,Park Blvd,F,,D,5/6/2017 12:43:21 PM,5/6/2017 12:43:21 PM,,True,2,,,,,,,
450349,9370-2017-12588,1,False,9370,5/5/2017 3:20:00 PM,1520,55,14,109,Oakland,1,True,True,C,REAR END,,Friday,NotApplicable,False,,,False,True,False,Oakland Superior,C,OTHER MOTOR VEHICLE,,0,0,CLOUDY,,NO UNUSUAL CONDITIONS,,A,DAYLIGHT,37.492955,-122.161254,,,,,A,NO PEDESTRIANS INVOLVED,5/5/2017 12:00:00 AM,A,22350 VC,False,1,I-580 Westbound,,,5/6/2017 12:35:14 PM,A,E,600.0,West Street,F,,D,5/6/2017 12:35:58 PM,5/6/2017 12:35:58 PM,,True,2,,,,,,,
450318,9370-2017-12580,1,False,9370,4/28/2017 9:00:00 PM,2100,52,14,109,Oakland,1,True,True,B,SIDE SWIPE,,Friday,NotApplicable,False,M,,False,True,False,Oakland Superior,C,OTHER MOTOR VEHICLE,,0,0,CLEAR,,NO UNUSUAL CONDITIONS,,C,DARK-STREET LIGHTS,37.375074,-122.151539,,,,,A,NO PEDESTRIANS INVOLVED,4/28/2017 12:00:00 AM,A,21658(a),False,1,I-580 W/B,,,5/6/2017 7:54:30 AM,A,E,300.0,98th Avenue,F,,D,5/6/2017 7:55:05 AM,5/6/2017 7:55:05 AM,,True,2,,,,,,,
450274,9370-2017-12433,1,False,9370,4/23/2017 3:15:00 PM,1515,176,14,109,Oakland,1,True,True,C,REAR END,,Sunday,NotApplicable,True,M,,False,True,False,Oakland Superior,C,OTHER MOTOR VEHICLE,,2,0,CLEAR,,NO UNUSUAL CONDITIONS,,A,DAYLIGHT,37.735638,-122.192081,,,,,A,NO PEDESTRIANS INVOLVED,4/23/2017 12:00:00 AM,A,22350,False,1,I-880 S/B,,,5/5/2017 6:15:17 PM,A,N,1700.0,98th Ave,F,,D,5/5/2017 6:16:19 PM,5/5/2017 6:16:19 PM,,True,2,,,,,,,
450273,9370-2017-12504,1,False,9370,4/28/2017 10:17:00 PM,2217,24,14,109,Oakland,1,True,True,C,REAR END,,Friday,Yes,False,,,False,True,True,Oakland Superior,C,OTHER MOTOR VEHICLE,,1,0,CLEAR,,NO UNUSUAL CONDITIONS,,D,DARK-NO STREET LIGHTS,37.850083,-122.223596,,,,,A,NO PEDESTRIANS INVOLVED,4/29/2017 12:00:00 AM,A,22350 VC,False,1,SR-24 W/B,,,5/5/2017 6:10:44 PM,A,W,250.0,Kay Ave O/C,F,,D,5/5/2017 6:11:32 PM,5/5/2017 6:11:32 PM,,True,2,,,,,,,
450121,9335-2017-12288,1,False,9335,4/29/2017 10:35:00 AM,1035,82,14,109,Oakland,1,True,True,C,REAR END,,Saturday,NotApplicable,False,,,False,True,False,Oakland Superior,C,OTHER MOTOR VEHICLE,,0,0,CLEAR,,NO UNUSUAL CONDITIONS,,A,DAYLIGHT,37.822481,-122.323417,,,,,A,NO PEDESTRIANS INVOLVED,4/29/2017 12:00:00 AM,A,22350,False,1,I-80 W/B,,,5/5/2017 1:55:52 PM,A,W,0.35,SAN FRANCISCO OAKLAND BAY BRIDGE METER,M,,D,5/5/2017 1:56:34 PM,5/5/2017 1:56:34 PM,,True,2,,,,,,,
449737,9370-2017-12578,1,False,9370,5/4/2017 7:55:00 AM,755,177,14,109,Oakland,1,True,True,C,REAR END,,Thursday,NotApplicable,False,,,False,True,False,Oakland Superior,C,OTHER MOTOR VEHICLE,,1,0,CLEAR,,NO UNUSUAL CONDITIONS,,A,DAYLIGHT,37.789883,-122.256997,,,,,A,NO PEDESTRIANS INVOLVED,5/4/2017 12:00:00 AM,A,21703,False,1,I-880 N/B,,,5/5/2017 8:33:26 AM,A,S,850.0,5th Ave,F,,D,5/5/2017 8:34:04 AM,5/5/2017 8:34:04 AM,,True,2,,,,,,,
449716,9370-2017-12577,1,False,9370,5/4/2017 5:50:00 AM,550,98,14,109,Oakland,1,True,True,C,REAR END,,Thursday,NotApplicable,False,M,,False,True,False,Oakland Superior,C,OTHER MOTOR VEHICLE,,0,0,CLEAR,,NO UNUSUAL CONDITIONS,,B,DUSK-DAWN,37.79927,-122.277613,,,,,A,NO PEDESTRIANS INVOLVED,5/4/2017 12:00:00 AM,A,22350,False,1,I-980 W/B,,,5/5/2017 8:14:38 AM,A,E,400.0,Washington St,F,,D,5/5/2017 8:15:17 AM,5/5/2017 8:15:17 AM,,True,2,,,,,,,
449559,9370-2017-12563,1,False,9370,5/3/2017 8:43:00 AM,843,901,14,109,Oakland,1,True,True,C,REAR END,,Wednesday,NotApplicable,False,,,False,True,False,Oakland Superior,C,OTHER MOTOR VEHICLE,,0,0,CLEAR,,NO UNUSUAL CONDITIONS,,School Bus CollisionA,DAYLIGHT,37.847033,-122.277465,,,,,A,NO PEDESTRIANS INVOLVED,5/3/2017 12:00:00 AM,A,22350,True,1,Sacramento St,,,5/4/2017 4:39:31 PM,A,,,63rd St,,,D,5/4/2017 4:40:23 PM,5/4/2017 4:40:23 PM,,,2,,,,,,,
449434,9370-2017-12568,1,False,9370,5/3/2017 8:15:00 AM,815,176,14,109,Oakland,1,True,True,C,REAR END,,Wednesday,NotApplicable,False,,,False,True,False,Oakland Superior,C,OTHER MOTOR VEHICLE,,0,0,CLEAR,,NO UNUSUAL CONDITIONS,,A,DAYLIGHT,37.454744,-122.125817,,,,,A,NO PEDESTRIANS INVOLVED,5/3/2017 12:00:00 AM,A,22350,False,2,I-880 N/B,,,5/4/2017 2:58:10 PM,A,S,2175.0,High St,F,,D,5/4/2017 2:58:40 PM,5/4/2017 2:58:40 PM,,True,2,,,,,,,