collision-id,report-number,report-version,is-preliminary,ncic-code,crash-date-time,crash-time-description,beat,city-id,city-code,city-name,county-code,city-is-active,city-is-incorporated,collision-type-code,collision-type-description,collision-type-other-desc,day-of-week,dispatch-notified,has-photographs,hit-run,is-attachments-mailed,is-deleted,is-highway-related,is-tow-away,judicial-district,motor-vehicle-involved-with-code,motor-vehicle-involved-with-desc,motor-vehicle-involved-with-other-desc,number-injured,number-killed,weather-1,weather-2,road-condition-1,road-condition-2,special-condition-lighting-code,lighting-description,latitude,longitude,milepost-direction,milepost-distance,milepost-marker,milepost-unit-of-measure,pedestrian-action-code,pedestrian-action-desc,prepared-date,primary-collision-factor-code,primary-collision-factor-violation,primary-collision-factor-is-cited,primary-collision-party-number,primary-road,reporting-district,reporting-district-code,reviewed-date,roadway-surface-code,secondary-direction,secondary-distance,secondary-road,secondary-unit-of-measure,sketch-desc,traffic-control-device-code,created-date,modified-date,is-county-road,is-freeway,chp-555-version,is-additonal-object-struck,notification-date,notification-time-description,has-digital-media-files,evidence-number,is-location-refer-to-narrative,is-aoi-one-same-as-location
470494,9370-2017-13003,1,False,9370,6/3/2017 1:25:00 PM,1325,52,14,109,Oakland,1,True,True,B,SIDE SWIPE,,Saturday,NotApplicable,False,M,,False,True,False,Oakland Superior,C,OTHER MOTOR VEHICLE,,0,0,CLEAR,,NO UNUSUAL CONDITIONS,,A,DAYLIGHT,37.7566,-122.14855,,,,,A,NO PEDESTRIANS INVOLVED,6/3/2017 12:00:00 AM,A,22107,False,1,I-580 E/B,,,6/4/2017 3:51:20 PM,A,W,1300.0,Golf Links Road,F,,D,6/4/2017 3:51:49 PM,6/4/2017 3:51:49 PM,,True,2,,,,,,,
470493,9370-2017-13007,1,False,9370,6/3/2017 3:20:00 PM,1520,24,14,109,Oakland,1,True,True,C,REAR END,,Saturday,NotApplicable,False,,,False,True,True,Oakland Superior,C,OTHER MOTOR VEHICLE,,5,0,CLEAR,,NO UNUSUAL CONDITIONS,,A,DAYLIGHT,37.84856,-122.23405,,,,,A,NO PEDESTRIANS INVOLVED,6/3/2017 12:00:00 AM,A,22350,False,1,SR-24 E/B,,,6/4/2017 3:48:28 PM,A,W,1600.0,SR-13 S/B,F,,D,6/4/2017 3:49:14 PM,6/4/2017 3:49:14 PM,,True,2,,,,,,,
470484,9370-2017-12993,1,False,9370,5/27/2017 9:15:00 AM,915,8,14,109,Oakland,1,True,True,B,SIDE SWIPE,,Saturday,NotApplicable,False,M,,False,True,False,Oakland Superior,C,OTHER MOTOR VEHICLE,,0,0,CLEAR,,NO UNUSUAL CONDITIONS,,A,DAYLIGHT,37.8249,-122.31338,,,,,A,NO PEDESTRIANS INVOLVED,5/27/2017 12:00:00 AM,A,21658(a),False,1,I-80 W/B,,,6/4/2017 2:38:59 PM,A,E,100.0,Toll Plaza,F,,D,6/4/2017 2:39:34 PM,6/4/2017 2:39:34 PM,,True,2,,,,,,,
470461,9370-2017-12980,1,False,9370,6/2/2017 8:05:00 AM,805,901,14,109,Oakland,1,True,True,B,SIDE SWIPE,,Friday,NotApplicable,False,,,False,False,False,Oakland Superior,E,PARKED MOTOR VEHICLE,,0,0,CLEAR,,NO UNUSUAL CONDITIONS,,School Bus CollisionA,DAYLIGHT,37.76593,-122.1943,,,,,A,NO PEDESTRIANS INVOLVED,6/2/2017 12:00:00 AM,A,22107,False,1,Bromley Ave- 6200 Block,,,6/4/2017 1:06:42 PM,A,E,3.0,62nd Ave,F,,D,6/4/2017 1:07:53 PM,6/4/2017 1:07:53 PM,,,2,,,,,,,
470457,9370-2017-13001,1,False,9370,6/2/2017 12:23:00 PM,1223,52,14,109,Oakland,1,True,True,C,REAR END,,Friday,NotApplicable,False,,,False,True,True,Oakland Superior,C,OTHER MOTOR VEHICLE,,0,0,CLEAR,,NO UNUSUAL CONDITIONS,,A,DAYLIGHT,37.74303,-122.1464,,,,,A,NO PEDESTRIANS INVOLVED,6/2/2017 12:00:00 AM,A,22350,False,1,I-580 E/B,,,6/4/2017 12:51:47 PM,A,E,1000.0,106th Ave,F,,D,6/4/2017 12:55:37 PM,6/4/2017 12:55:37 PM,,True,2,,,,,,,
470451,9370-2017-12999,2,False,9370,6/2/2017 4:20:00 PM,1620,24,14,109,Oakland,1,True,True,B,SIDE SWIPE,,Friday,NotApplicable,False,,,False,True,True,Oakland Superior,C,OTHER MOTOR VEHICLE,,0,0,CLEAR,,NO UNUSUAL CONDITIONS,,A,DAYLIGHT,37.84875,-122.23562,,,,,A,NO PEDESTRIANS INVOLVED,6/2/2017 12:00:00 AM,A,21658(a),False,1,SR-24 E/B,,,6/10/2017 9:25:13 AM,A,E,0.25,Golden Gate Ave,M,,D,6/4/2017 12:39:33 PM,6/10/2017 9:25:23 AM,,True,2,,,,,,,
470305,9370-2017-12901,1,False,9370,5/26/2017 6:15:00 PM,1815,176,14,109,Oakland,1,True,True,C,REAR END,,Friday,Yes,False,,,False,True,True,Oakland Superior,C,OTHER MOTOR VEHICLE,,1,0,CLEAR,,NO UNUSUAL CONDITIONS,,A,DAYLIGHT,37.77052,-122.22183,,,,,A,NO PEDESTRIANS INVOLVED,5/26/2017 12:00:00 AM,A,21658(a),False,1,I-880 N/B,,,6/3/2017 8:19:25 AM,A,N,1700.0,42nd Ave,F,,D,6/3/2017 8:20:09 AM,6/3/2017 8:20:09 AM,,True,2,,,,,,,
470279,9370-2017-12968,1,False,9370,6/1/2017 7:10:00 AM,710,8,14,109,Oakland,1,True,True,C,REAR END,,Thursday,NotApplicable,False,,,False,True,False,Oakland Superior,C,OTHER MOTOR VEHICLE,,0,0,CLOUDY,,NO UNUSUAL CONDITIONS,,A,DAYLIGHT,37.82715,-122.29698,,,,,A,NO PEDESTRIANS INVOLVED,6/1/2017 12:00:00 AM,A,21658(a),False,1,i-580 w/b,,,6/2/2017 7:29:58 PM,A,E,2640.0,I-880 N/B to I-80 W/B Overcrossing,F,,D,6/2/2017 7:30:28 PM,6/2/2017 7:30:28 PM,,True,2,,,,,,,
470252,9335-2017-12435,1,False,9335,5/15/2017 6:58:00 AM,658,82,14,109,Oakland,1,True,True,F,OVERTURNED,,Monday,Yes,False,,,False,True,True,Oakland Superior,A,NON-COLLISION,,1,0,CLEAR,,NO UNUSUAL CONDITIONS,,A,DAYLIGHT,37.819581,-122.346292,,,,,A,NO PEDESTRIANS INVOLVED,5/15/2017 12:00:00 AM,A,22350,False,1,I-80 W/B,,,6/2/2017 5:27:02 PM,A,E,1.2,Yerba Buena Island Tunnel,M,,D,6/2/2017 5:27:52 PM,6/2/2017 5:27:52 PM,,True,2,,,,,,,
469515,9370-2017-12967,1,False,9370,5/20/2017 7:15:00 AM,715,52,14,109,Oakland,1,True,True,B,SIDE SWIPE,,Saturday,NotApplicable,False,M,,False,True,False,Oakland Superior,C,OTHER MOTOR VEHICLE,,0,0,CLEAR,,NO UNUSUAL CONDITIONS,,A,DAYLIGHT,37.77785,-122.16759,,,,,A,NO PEDESTRIANS INVOLVED,5/20/2017 12:00:00 AM,A,21658(a),False,1,I-580 E/B,,,6/1/2017 6:38:48 PM,A,W,1100.0,Edwards Ave,F,,D,6/1/2017 6:39:24 PM,6/1/2017 6:39:24 PM,,True,2,,,,,,,
468920,9370-2017-12731,1,False,9370,5/13/2017 10:00:00 PM,2200,25,14,109,Oakland,1,True,True,B,SIDE SWIPE,,Saturday,NotApplicable,False,M,,False,True,False,Oakland Superior,C,OTHER MOTOR VEHICLE,,1,0,CLEAR,,NO UNUSUAL CONDITIONS,,C,DARK-STREET LIGHTS,37.49337,-122.16288,,,,,A,NO PEDESTRIANS INVOLVED,5/14/2017 12:00:00 AM,A,21658(a),False,1,SR-24 W/B TO I-580 W/B,,,6/1/2017 9:00:07 AM,A,E,100.0,Market St,F,,D,6/1/2017 9:00:51 AM,6/1/2017 9:00:51 AM,,True,2,,,,,,,
468888,9370-2017-12948,1,False,9370,5/30/2017 3:19:00 PM,1519,176,14,109,Oakland,1,True,True,C,REAR END,,Tuesday,NotApplicable,False,,,False,True,False,Oakland Superior,C,OTHER MOTOR VEHICLE,,0,0,CLOUDY,,NO UNUSUAL CONDITIONS,,A,DAYLIGHT,37.767597,-122.219661,,,,,A,NO PEDESTRIANS INVOLVED,5/31/2017 12:00:00 AM,A,22350,False,2,i-880 northbound,,,6/1/2017 8:32:02 AM,A,S,750.0,high street,F,,D,6/1/2017 8:34:14 AM,6/1/2017 8:34:14 AM,,True,2,,,,,,,
468279,9370-2017-12950,2,False,9370,5/31/2017 8:15:00 AM,815,25,14,109,Oakland,1,True,True,B,SIDE SWIPE,,Wednesday,NotApplicable,False,,,False,True,False,Oakland Superior,C,OTHER MOTOR VEHICLE,,0,0,CLEAR,,NO UNUSUAL CONDITIONS,,A,DAYLIGHT,37.832543,-122.266977,,,,,A,NO PEDESTRIANS INVOLVED,5/31/2017 12:00:00 AM,A,21658(a),False,1,SR-24 W/B FROM MARTIN LUTHER KING JR WY,,,6/21/2017 4:07:40 PM,A,W,305.0,45th St,F,,D,5/31/2017 12:43:40 PM,6/21/2017 4:07:52 PM,,True,2,,,,,,,
468148,9370-2017-12942,1,False,9370,5/30/2017 7:25:00 PM,1925,53,14,109,Oakland,1,True,True,H,OTHER,LOAD,Tuesday,NotApplicable,False,,,False,True,False,Oakland Superior,C,OTHER MOTOR VEHICLE,,0,0,CLEAR,,NO UNUSUAL CONDITIONS,,B,DUSK-DAWN,37.798618,-122.218776,,,,,A,NO PEDESTRIANS INVOLVED,5/30/2017 12:00:00 AM,A,23114(a),False,1,I-580 W/B,,,5/31/2017 11:03:53 AM,A,W,200.0,Fruitvale Ave,F,,D,5/31/2017 11:04:23 AM,5/31/2017 11:04:23 AM,,True,2,,,,,,,
468044,9370-2017-12949,1,False,9370,5/31/2017 8:10:00 AM,810,25,14,109,Oakland,1,True,True,C,REAR END,,Wednesday,NotApplicable,False,,,False,True,False,Oakland Superior,C,OTHER MOTOR VEHICLE,,1,0,CLEAR,,NO UNUSUAL CONDITIONS,,A,DAYLIGHT,37.493223,-122.162138,,,,,A,NO PEDESTRIANS INVOLVED,5/31/2017 12:00:00 AM,A,22350,False,1,SR-24 W/B TO I-580 W/B,,,5/31/2017 10:12:11 AM,A,E,699.0,Market St,F,,D,5/31/2017 10:12:50 AM,5/31/2017 10:12:50 AM,,True,2,,,,,,,
467917,9370-2017-12937,1,False,9370,5/30/2017 9:15:00 AM,915,176,14,109,Oakland,1,True,True,B,SIDE SWIPE,,Tuesday,NotApplicable,False,,,False,True,False,Oakland Superior,C,OTHER MOTOR VEHICLE,,0,0,CLOUDY,,NO UNUSUAL CONDITIONS,,A,DAYLIGHT,37.729047,-122.186099,,,,,A,NO PEDESTRIANS INVOLVED,5/30/2017 12:00:00 AM,A,21658(a),False,2,I-880 Northbound,,,5/31/2017 9:04:01 AM,A,S,1200.0,98TH AVENUE,F,,D,5/31/2017 9:05:23 AM,5/31/2017 9:05:23 AM,,True,2,,,,,,,
467883,9370-2017-12947,1,False,9370,5/30/2017 4:15:00 PM,1615,54,14,109,Oakland,1,True,True,C,REAR END,,Tuesday,NotApplicable,False,,,False,True,False,Oakland Superior,C,OTHER MOTOR VEHICLE,,0,0,CLEAR,,NO UNUSUAL CONDITIONS,,A,DAYLIGHT,37.80915,-122.24493,,,,,A,NO PEDESTRIANS INVOLVED,5/30/2017 12:00:00 AM,A,22350,False,3,I-580 E/B,,,5/31/2017 8:47:20 AM,A,E,510.0,Lakeshore Ave,F,,D,5/31/2017 8:47:50 AM,5/31/2017 8:47:50 AM,,True,2,,,,,,,
467847,9370-2017-12280,1,False,9370,3/11/2017 10:38:00 AM,1038,55,14,109,Oakland,1,True,True,C,REAR END,,Saturday,NotApplicable,False,M,,False,True,False,Oakland Superior,C,OTHER MOTOR VEHICLE,,0,0,CLEAR,,NO UNUSUAL CONDITIONS,,A,DAYLIGHT,37.82705,-122.28586,,,,,A,NO PEDESTRIANS INVOLVED,3/11/2017 12:00:00 AM,A,22350,False,1,I-580 W/B (MACARTHUR FREEWAY),,,5/31/2017 8:30:06 AM,A,W,600.0,Hollis St,F,,D,5/31/2017 8:30:43 AM,5/31/2017 8:30:43 AM,,True,2,,,,,,,
467732,9370-2017-12944,1,False,9370,5/30/2017 6:30:00 PM,1830,55,14,109,Oakland,1,True,True,C,REAR END,,Tuesday,NotApplicable,False,,,False,True,False,Oakland Superior,C,OTHER MOTOR VEHICLE,,0,0,CLOUDY,,NO UNUSUAL CONDITIONS,,A,DAYLIGHT,37.492108,-122.153741,,,,,A,NO PEDESTRIANS INVOLVED,5/30/2017 12:00:00 AM,A,22350,False,1,I-580 W/B,,,5/31/2017 7:08:37 AM,A,W,10.0,Piedmont Ave,F,,D,5/31/2017 7:09:11 AM,5/31/2017 7:09:11 AM,,True,2,,,,,,,
467729,9370-2017-12876,1,False,9370,5/25/2017 1:25:00 AM,125,176,14,109,Oakland,1,True,True,C,REAR END,,Thursday,Yes,False,,,False,True,True,Oakland Superior,C,OTHER MOTOR VEHICLE,,0,0,CLOUDY,,CONSTRUCTION-REPAIR ZONE,,C,DARK-STREET LIGHTS,37.461961,-122.132796,,,,,A,NO PEDESTRIANS INVOLVED,5/25/2017 12:00:00 AM,A,23152(a),True,1,I-880 N/B,,,5/31/2017 7:07:20 AM,A,S,1056.0,Fruitvale Ave,F,,D,5/31/2017 7:08:03 AM,5/31/2017 7:08:03 AM,,True,2,,,,,,,
467709,9370-2017-12880,1,False,9370,4/8/2017 10:30:00 PM,2230,176,14,109,Oakland,1,True,True,B,SIDE SWIPE,,Saturday,NotApplicable,False,M,,False,True,False,Oakland Superior,C,OTHER MOTOR VEHICLE,,0,0,CLEAR,,NO UNUSUAL CONDITIONS,,Counter ReportD,DARK-NO STREET LIGHTS,37.4597,-122.122501,,,,,A,NO PEDESTRIANS INVOLVED,4/8/2017 12:00:00 AM,A,21658(a),False,1,I-880 N/B,,,5/31/2017 6:52:25 AM,A,S,528.0,66th Ave,F,,D,5/31/2017 6:52:57 AM,5/31/2017 6:52:57 AM,,True,2,,,,,,,
467703,9370-2017-12939,1,False,9370,5/30/2017 9:05:00 AM,905,52,14,109,Oakland,1,True,True,C,REAR END,,Tuesday,NotApplicable,False,,,False,True,False,Oakland Superior,C,OTHER MOTOR VEHICLE,,0,0,CLOUDY,,NO UNUSUAL CONDITIONS,,On-Duty Emergency VehicleA,DAYLIGHT,37.7842,-122.18693,,,,,A,NO PEDESTRIANS INVOLVED,5/30/2017 12:00:00 AM,A,22350,False,2,I-580 W/B,,,5/31/2017 6:47:26 AM,A,E,180.0,Buell St,F,,D,5/31/2017 6:48:08 AM,5/31/2017 6:48:08 AM,,True,2,,,,,,,
467656,9370-2017-12871,1,False,9370,5/24/2017 6:25:00 PM,1825,54,14,109,Oakland,1,True,True,C,REAR END,,Wednesday,NotApplicable,False,M,,False,True,False,Oakland Superior,C,OTHER MOTOR VEHICLE,,0,0,CLEAR,,NO UNUSUAL CONDITIONS,,A,DAYLIGHT,37.49306,-122.15526,,,,,A,NO PEDESTRIANS INVOLVED,5/24/2017 12:00:00 AM,D,,,,I-580 E/B,,,5/31/2017 6:06:11 AM,A,E,60.0,Piedmont Ave,F,,D,5/31/2017 6:08:49 AM,5/31/2017 6:08:49 AM,,True,2,,,,,,,
467331,9370-2017-12936,1,False,9370,5/30/2017 9:55:00 AM,955,53,14,109,Oakland,1,True,True,B,SIDE SWIPE,,Tuesday,NotApplicable,False,M,,False,True,False,Oakland Superior,C,OTHER MOTOR VEHICLE,,0,0,CLEAR,,NO UNUSUAL CONDITIONS,,A,DAYLIGHT,37.795279,-122.20747,,,,,A,NO PEDESTRIANS INVOLVED,5/30/2017 12:00:00 AM,A,21658(a),False,1,I-580 W/B,,,5/30/2017 1:58:58 PM,A,W,50.0,Maple Ave,F,,D,5/30/2017 2:00:23 PM,5/30/2017 2:00:23 PM,,True,2,,,,,,,
467156,9370-2017-12912,1,False,9370,5/27/2017 1:15:00 AM,115,52,14,109,Oakland,1,True,True,E,HIT OBJECT,,Saturday,Yes,False,,,False,True,True,Oakland Superior,I,FIXED OBJECT,CEMENT CURB,0,0,CLEAR,,NO UNUSUAL CONDITIONS,,D,DARK-NO STREET LIGHTS,37.78433,-122.12133,,,,,A,NO PEDESTRIANS INVOLVED,5/27/2017 12:00:00 AM,A,23152(a),True,1,I-580 W/B FROM CALAVERAS AVENUE,,,5/30/2017 12:18:45 PM,A,W,30.0,Davenport Ave,F,,D,5/30/2017 12:19:26 PM,5/30/2017 12:19:26 PM,,True,2,,,,,,,
467132,9370-2017-12874,1,False,9370,5/24/2017 3:35:00 PM,1535,24,14,109,Oakland,1,True,True,C,REAR END,,Wednesday,NotApplicable,False,M,,False,True,False,Oakland Superior,C,OTHER MOTOR VEHICLE,,0,0,CLEAR,,NO UNUSUAL CONDITIONS,,A,DAYLIGHT,37.85423,-122.219851,,,,,A,NO PEDESTRIANS INVOLVED,5/24/2017 12:00:00 AM,A,22350,False,1,SR-24 E/B,,,5/30/2017 12:00:43 PM,A,W,901.0,Caldecott Tunl,F,,D,5/30/2017 12:01:16 PM,5/30/2017 12:01:16 PM,,True,2,,,,,,,
466978,9370-2017-12921,1,False,9370,5/28/2017 1:42:00 PM,1342,8,14,109,Oakland,1,True,True,B,SIDE SWIPE,,Sunday,NotApplicable,False,,,False,True,False,Oakland Superior,C,OTHER MOTOR VEHICLE,,0,0,CLEAR,,NO UNUSUAL CONDITIONS,,A,DAYLIGHT,37.82621,-122.301344,,,,,A,NO PEDESTRIANS INVOLVED,5/28/2017 12:00:00 AM,A,21658(a),False,1,I-80 W/B,,,5/30/2017 10:28:17 AM,A,E,1349.0,I-880 N/B to I-80 W/B overcrossing,F,,D,5/30/2017 10:28:53 AM,5/30/2017 10:28:53 AM,,True,2,,,,,,,
466909,9370-2017-12926,1,False,9370,5/25/2017 5:40:00 AM,540,177,14,109,Oakland,1,True,True,E,HIT OBJECT,,Thursday,NotApplicable,False,M,,False,True,False,Oakland Superior,J,OTHER OBJECT,CARDBOARD DEBRIS,0,0,CLEAR,,NO UNUSUAL CONDITIONS,,Counter Report / Late-ReportedB,DUSK-DAWN,37.789686,-122.25721,,,,,A,NO PEDESTRIANS INVOLVED,5/25/2017 12:00:00 AM,A,23114(a),False,1,I-880 S/B,,,5/30/2017 9:59:22 AM,A,S,815.0,5th Ave,F,,D,5/30/2017 10:00:43 AM,5/30/2017 10:00:43 AM,,True,2,,,,,,,
466839,9370-2017-12890,1,False,9370,5/25/2017 6:00:00 PM,1800,53,14,109,Oakland,1,True,True,C,REAR END,,Thursday,Yes,False,,,False,True,False,Oakland Superior,C,OTHER MOTOR VEHICLE,,1,0,CLOUDY,,NO UNUSUAL CONDITIONS,,A,DAYLIGHT,37.47305,-122.121144,,,,,A,NO PEDESTRIANS INVOLVED,5/25/2017 12:00:00 AM,A,22350,False,2,I-580 E/B,,,5/30/2017 9:27:14 AM,A,E,91.0,35th Ave,F,,D,5/30/2017 9:28:06 AM,5/30/2017 9:28:06 AM,,True,2,,,,,,,
466827,9370-2017-12887,1,False,9370,5/25/2017 5:25:00 PM,1725,52,14,109,Oakland,1,True,True,E,HIT OBJECT,,Thursday,NotApplicable,False,M,,False,True,False,Oakland Superior,J,OTHER OBJECT,Debris,0,0,CLEAR,,NO UNUSUAL CONDITIONS,,A,DAYLIGHT,37.78414,-122.18321,,,,,A,NO PEDESTRIANS INVOLVED,5/25/2017 12:00:00 AM,A,23114(a),False,1,I-580 W/B,,,5/30/2017 9:20:34 AM,A,E,1285.0,Buell Street,F,,D,5/30/2017 9:21:15 AM,5/30/2017 9:21:15 AM,,True,2,,,,,,,
466800,9370-2017-12891,1,False,9370,5/25/2017 6:44:00 PM,1844,176,14,109,Oakland,1,True,True,B,SIDE SWIPE,,Thursday,Yes,False,,,False,True,True,Oakland Superior,C,OTHER MOTOR VEHICLE,,1,0,CLEAR,,NO UNUSUAL CONDITIONS,,A,DAYLIGHT,37.745355,-122.200686,,,,,A,NO PEDESTRIANS INVOLVED,5/25/2017 12:00:00 AM,A,23152(a),True,1,I-880 S/B,,,5/30/2017 9:11:11 AM,A,N,2058.0,Hegenberger Rd,F,,D,5/30/2017 9:12:02 AM,5/30/2017 9:12:02 AM,,True,2,,,,,,,
466731,9370-2017-12928,1,False,9370,5/29/2017 10:20:00 AM,1020,8,14,109,Oakland,1,True,True,C,REAR END,,Monday,NotApplicable,False,,,False,True,False,Oakland Superior,C,OTHER MOTOR VEHICLE,,0,0,CLOUDY,,NO UNUSUAL CONDITIONS,,A,DAYLIGHT,37.493039,-122.182982,,,,,A,NO PEDESTRIANS INVOLVED,5/29/2017 12:00:00 AM,A,22350,False,1,I-80 W/B,,,5/30/2017 8:38:35 AM,A,E,341.0,W. GRAND AVE,F,,D,5/30/2017 8:39:09 AM,5/30/2017 8:39:09 AM,,True,2,,,,,,,
466654,9370-2017-12886,1,False,9370,5/24/2017 6:20:00 PM,1820,53,14,109,Oakland,1,True,True,C,REAR END,,Wednesday,NotApplicable,False,,,False,True,False,Oakland Superior,C,OTHER MOTOR VEHICLE,,0,0,CLEAR,,NO UNUSUAL CONDITIONS,,A,DAYLIGHT,37.47492,-122.12493,,,,,A,NO PEDESTRIANS INVOLVED,5/24/2017 12:00:00 AM,A,22350,False,2,I-580 E/B,,,5/30/2017 7:51:10 AM,A,W,100.0,Champion Street,F,,D,5/30/2017 7:51:40 AM,5/30/2017 7:51:40 AM,,True,2,,,,,,,
466652,9370-2017-12857,1,False,9370,5/23/2017 4:50:00 AM,450,8,14,109,Oakland,1,True,True,B,SIDE SWIPE,,Tuesday,Yes,False,,,False,True,True,Oakland Superior,C,OTHER MOTOR VEHICLE,,1,0,CLEAR,,NO UNUSUAL CONDITIONS,,B,DUSK-DAWN,37.824866,-122.31326,,,,,A,NO PEDESTRIANS INVOLVED,5/23/2017 12:00:00 AM,A,21658(a),False,1,I-80 W/B,,,5/30/2017 7:48:36 AM,A,E,100.0,SFO Bay Bridge Toll Plaza,F,,D,5/30/2017 7:49:22 AM,5/30/2017 7:49:22 AM,,True,2,,,,,,,
466584,9370-2017-12858,1,False,9370,5/22/2017 9:15:00 PM,2115,177,14,109,Oakland,1,True,True,B,SIDE SWIPE,,Monday,NotApplicable,False,M,,False,True,False,Oakland Superior,C,OTHER MOTOR VEHICLE,,0,0,CLEAR,,NO UNUSUAL CONDITIONS,,C,DARK-STREET LIGHTS,37.786979,-122.246847,,,,,A,NO PEDESTRIANS INVOLVED,5/22/2017 12:00:00 AM,A,22107,False,1,I-880 S/B,,,5/30/2017 6:57:48 AM,A,S,617.0,16th Ave,F,,D,5/30/2017 6:58:17 AM,5/30/2017 6:58:17 AM,,True,2,,,,,,,
466557,9370-2017-12842,1,False,9370,5/23/2017 3:53:00 AM,353,176,14,109,Oakland,1,True,True,E,HIT OBJECT,,Tuesday,Yes,True,,,False,True,True,Oakland Superior,I,FIXED OBJECT,Concrete Curb,1,0,CLOUDY,,NO UNUSUAL CONDITIONS,,D,DARK-NO STREET LIGHTS,37.462643,-122.135227,,,,,A,NO PEDESTRIANS INVOLVED,5/23/2017 12:00:00 AM,A,22107,False,1,I-880 S/B to Fruitvale Avenue,,,5/30/2017 6:38:48 AM,A,N,110.0,Derby Ave,F,,D,5/30/2017 6:39:41 AM,5/30/2017 6:39:41 AM,,True,2,,,,,,,
466544,9370-2017-12877,1,False,9370,5/24/2017 7:50:00 PM,1950,176,14,109,Oakland,1,True,True,F,OVERTURNED,,Wednesday,NotApplicable,False,,,False,True,False,Oakland Superior,I,FIXED OBJECT,RAISED CONCRETE CURB,0,0,CLEAR,,NO UNUSUAL CONDITIONS,,B,DUSK-DAWN,37.774541,-122.232317,,,,,A,NO PEDESTRIANS INVOLVED,5/24/2017 12:00:00 AM,A,22107,False,1,I-880 S/B,,,5/30/2017 6:23:40 AM,A,N,1290.0,Fruitvale Ave,F,,D,5/30/2017 6:24:13 AM,5/30/2017 6:24:13 AM,,True,2,,,,,,,
466517,9370-2017-12855,1,False,9370,5/23/2017 3:15:00 PM,1515,52,14,109,Oakland,1,True,True,C,REAR END,,Tuesday,NotApplicable,False,,,False,True,False,Oakland Superior,C,OTHER MOTOR VEHICLE,,1,0,CLEAR,,NO UNUSUAL CONDITIONS,,A,DAYLIGHT,37.75546,-122.150001,,,,,A,NO PEDESTRIANS INVOLVED,5/23/2017 12:00:00 AM,A,22350,False,1,I-580 E/B to Golf Links Road,,,5/30/2017 5:49:13 AM,A,W,733.0,Golf Links Rd,F,,D,5/30/2017 5:49:49 AM,5/30/2017 5:49:49 AM,,True,2,,,,,,,
466472,9370-2017-12884,1,False,9370,5/25/2017 9:25:00 AM,925,54,14,109,Oakland,1,True,True,C,REAR END,,Thursday,NotApplicable,False,,,False,True,True,Oakland Superior,C,OTHER MOTOR VEHICLE,,0,0,CLOUDY,,NO UNUSUAL CONDITIONS,,A,DAYLIGHT,37.475854,-122.132043,,,,,A,NO PEDESTRIANS INVOLVED,5/25/2017 12:00:00 AM,A,22350,False,4,I-580 W/B,,,5/29/2017 4:56:23 PM,A,W,385.0,Sheffield Ave,F,,D,5/29/2017 4:57:10 PM,5/29/2017 4:57:10 PM,,True,2,,,,,,,
466466,9370-2017-12875,1,False,9370,5/24/2017 5:55:00 PM,1755,13,14,109,Oakland,1,True,True,C,REAR END,,Wednesday,NotApplicable,False,,,False,True,True,Oakland Superior,C,OTHER MOTOR VEHICLE,,0,0,CLEAR,,NO UNUSUAL CONDITIONS,,A,DAYLIGHT,37.835129,-122.21864,,,,,A,NO PEDESTRIANS INVOLVED,5/24/2017 12:00:00 AM,A,22350,False,1,SR-13 N/B,,,5/29/2017 4:27:30 PM,A,N,1067.0,Moraga Ave,F,,D,5/29/2017 4:28:01 PM,5/29/2017 4:28:01 PM,,True,2,,,,,,,
466465,9370-2017-12868,1,False,9370,5/23/2017 3:20:00 PM,1520,177,14,109,Oakland,1,True,True,C,REAR END,,Tuesday,NotApplicable,False,,,False,True,True,Oakland Superior,C,OTHER MOTOR VEHICLE,,0,0,CLEAR,,NO UNUSUAL CONDITIONS,,A,DAYLIGHT,37.78879,-122.24846,,,,,A,NO PEDESTRIANS INVOLVED,5/23/2017 12:00:00 AM,A,22350,False,1,I-880 S/B,,,5/29/2017 4:22:11 PM,A,N,1500.0,16th Ave,F,,D,5/29/2017 4:22:51 PM,5/29/2017 4:22:51 PM,,True,2,,,,,,,
466352,9370-2017-12870,1,False,9370,5/24/2017 1:54:00 PM,1354,98,14,109,Oakland,1,True,True,E,HIT OBJECT,,Wednesday,Yes,False,,,False,True,True,Oakland Superior,I,FIXED OBJECT,YELLOW SAND BARREL,1,0,CLEAR,,NO UNUSUAL CONDITIONS,,A,DAYLIGHT,37.821938,-122.269337,,,,,A,NO PEDESTRIANS INVOLVED,5/24/2017 12:00:00 AM,A,22107,False,1,I-980 W/B,,,5/29/2017 10:56:41 AM,A,W,425.0,34th St,F,,D,5/29/2017 10:57:23 AM,5/29/2017 10:57:23 AM,,True,2,,,,,,,