collision-id,report-number,report-version,is-preliminary,ncic-code,crash-date-time,crash-time-description,beat,city-id,city-code,city-name,county-code,city-is-active,city-is-incorporated,collision-type-code,collision-type-description,collision-type-other-desc,day-of-week,dispatch-notified,has-photographs,hit-run,is-attachments-mailed,is-deleted,is-highway-related,is-tow-away,judicial-district,motor-vehicle-involved-with-code,motor-vehicle-involved-with-desc,motor-vehicle-involved-with-other-desc,number-injured,number-killed,weather-1,weather-2,road-condition-1,road-condition-2,special-condition-lighting-code,lighting-description,latitude,longitude,milepost-direction,milepost-distance,milepost-marker,milepost-unit-of-measure,pedestrian-action-code,pedestrian-action-desc,prepared-date,primary-collision-factor-code,primary-collision-factor-violation,primary-collision-factor-is-cited,primary-collision-party-number,primary-road,reporting-district,reporting-district-code,reviewed-date,roadway-surface-code,secondary-direction,secondary-distance,secondary-road,secondary-unit-of-measure,sketch-desc,traffic-control-device-code,created-date,modified-date,is-county-road,is-freeway,chp-555-version,is-additonal-object-struck,notification-date,notification-time-description,has-digital-media-files,evidence-number,is-location-refer-to-narrative,is-aoi-one-same-as-location
463650,9370-2017-12769,1,False,9370,5/17/2017 1:30:00 PM,1330,55,14,109,Oakland,1,True,True,F,OVERTURNED,,Wednesday,Yes,False,,,False,True,True,Oakland Superior,A,NON-COLLISION,,1,0,CLEAR,,NO UNUSUAL CONDITIONS,,A,DAYLIGHT,37.82733,-122.280499,,,,,A,NO PEDESTRIANS INVOLVED,5/17/2017 12:00:00 AM,A,23152(a)VC,True,1,I-580 W/B,,,5/25/2017 11:54:35 AM,A,E,238.0,PERALTA STREET,F,,D,5/25/2017 11:56:20 AM,5/25/2017 11:56:20 AM,,True,2,,,,,,,
463556,9370-2017-12840,1,False,9370,5/23/2017 1:30:00 AM,130,177,14,109,Oakland,1,True,True,C,REAR END,,Tuesday,NotApplicable,False,,,False,True,True,Oakland Superior,C,OTHER MOTOR VEHICLE,,1,0,CLOUDY,,NO UNUSUAL CONDITIONS,,C,DARK-STREET LIGHTS,37.473125,-122.154318,,,,,A,NO PEDESTRIANS INVOLVED,5/23/2017 12:00:00 AM,A,22350,False,1,I-880 N/B,,,5/25/2017 10:28:39 AM,A,N,743.0,5th AVE.,F,,D,5/25/2017 10:29:23 AM,5/25/2017 10:29:23 AM,,True,2,,,,,,,
463505,9370-2017-12384,1,False,9370,4/18/2017 9:03:00 AM,903,25,14,109,Oakland,1,True,True,C,REAR END,,Tuesday,NotApplicable,False,M,,False,True,False,Oakland Superior,C,OTHER MOTOR VEHICLE,,0,0,CLOUDY,RAINING,NO UNUSUAL CONDITIONS,,A,DAYLIGHT,37.50151,-122.155904,,,,,A,NO PEDESTRIANS INVOLVED,4/18/2017 12:00:00 AM,A,22350,False,1,SR-24 W/B,,,5/25/2017 9:57:38 AM,B,W,118.0,45th St,F,,D,5/25/2017 9:58:21 AM,5/25/2017 9:58:21 AM,,True,2,,,,,,,
463477,9370-2017-12841,1,False,9370,5/22/2017 5:50:00 PM,1750,8,14,109,Oakland,1,True,True,B,SIDE SWIPE,,Monday,NotApplicable,False,,,False,True,False,Oakland Superior,C,OTHER MOTOR VEHICLE,,0,0,CLEAR,,NO UNUSUAL CONDITIONS,,A,DAYLIGHT,37.82638,-122.299199,,,,,A,NO PEDESTRIANS INVOLVED,5/22/2017 12:00:00 AM,A,21658(a),False,1,I-80 E/B,,,5/25/2017 9:42:00 AM,A,E,1790.0,WEST GRAND AVE,F,,D,5/25/2017 9:42:29 AM,5/25/2017 9:42:29 AM,,True,2,,,,,,,
463271,9370-2017-12861,1,False,9370,5/23/2017 9:35:00 PM,2135,98,14,109,Oakland,1,True,True,E,HIT OBJECT,,Tuesday,NotApplicable,False,,,False,True,False,Oakland Superior,J,OTHER OBJECT,Tire,0,0,CLOUDY,,NO UNUSUAL CONDITIONS,,C,DARK-STREET LIGHTS,37.82309,-122.26774,,,,,A,NO PEDESTRIANS INVOLVED,5/23/2017 12:00:00 AM,C,,,,I-980 E/B,,,5/25/2017 7:38:12 AM,A,E,73.0,34th Street,F,,D,5/25/2017 7:38:52 AM,5/25/2017 7:38:52 AM,,True,2,,,,,,,
463266,9370-2017-12848,1,False,9370,5/23/2017 8:30:00 AM,830,176,14,109,Oakland,1,True,True,H,OTHER,Unk object,Tuesday,NotApplicable,False,,,False,True,False,Oakland Superior,J,OTHER OBJECT,unknown object,0,0,CLEAR,,NO UNUSUAL CONDITIONS,,A,DAYLIGHT,37.77519,-122.23351,,,,,A,NO PEDESTRIANS INVOLVED,5/23/2017 12:00:00 AM,C,,,,I-880 N/B,,,5/25/2017 7:34:50 AM,A,N,2.0,29th Ave.,F,,D,5/25/2017 7:35:30 AM,5/25/2017 7:35:30 AM,,True,2,,,,,,,
463061,9370-2017-12849,1,False,9370,5/23/2017 8:30:00 AM,830,176,14,109,Oakland,1,True,True,C,REAR END,,Tuesday,NotApplicable,False,,,False,True,True,Oakland Superior,D,MOTOR VEHICLE ON OTHER ROADWAY,,0,0,CLEAR,,NO UNUSUAL CONDITIONS,,A,DAYLIGHT,37.757092,-122.210774,,,,,A,NO PEDESTRIANS INVOLVED,5/23/2017 12:00:00 AM,A,22350,False,2,i-880 northbound,,,5/24/2017 4:01:08 PM,A,N,1300.0,66th Ave,F,,D,5/24/2017 4:01:47 PM,5/24/2017 4:01:47 PM,,True,2,,,,,,,
462898,9370-2017-12472,1,False,9370,4/26/2017 4:30:00 PM,1630,53,14,109,Oakland,1,True,True,C,REAR END,,Wednesday,NotApplicable,False,,,False,True,True,Oakland Superior,C,OTHER MOTOR VEHICLE,,0,0,CLEAR,,NO UNUSUAL CONDITIONS,,A,DAYLIGHT,37.79971,-122.22386,,,,,A,NO PEDESTRIANS INVOLVED,4/26/2017 12:00:00 AM,A,22350,False,1,I-580 E/B,,,5/24/2017 1:56:51 PM,A,E,120.0,Ardley Ave,F,,D,5/24/2017 1:57:31 PM,5/24/2017 1:57:31 PM,,True,2,,,,,,,
462847,9370-2017-12469,1,False,9370,4/26/2017 4:55:00 PM,1655,179,14,109,Oakland,1,True,True,C,REAR END,,Wednesday,NotApplicable,False,,,False,True,False,Oakland Superior,C,OTHER MOTOR VEHICLE,,0,0,CLEAR,,NO UNUSUAL CONDITIONS,,A,DAYLIGHT,37.827659,-122.291538,,,,,A,NO PEDESTRIANS INVOLVED,4/26/2017 12:00:00 AM,A,22350,False,2,I-880 N/B,,,5/24/2017 1:33:25 PM,A,N,1070.0,Wood St,F,,D,5/24/2017 1:33:54 PM,5/24/2017 1:33:54 PM,,True,2,,,,,,,
462837,9370-2017-12867,1,False,9370,5/23/2017 5:00:00 PM,1700,13,14,109,Oakland,1,True,True,C,REAR END,,Tuesday,NotApplicable,False,,,False,True,False,Oakland Superior,C,OTHER MOTOR VEHICLE,,0,0,CLEAR,,NO UNUSUAL CONDITIONS,,A,DAYLIGHT,37.82875,-122.21425,,,,,A,NO PEDESTRIANS INVOLVED,5/23/2017 12:00:00 AM,A,22350,False,1,SR-13 N/B,,,5/24/2017 1:28:15 PM,A,S,1500.0,Moraga Ave,F,,D,5/24/2017 1:28:49 PM,5/24/2017 1:28:49 PM,,True,2,,,,,,,
462756,9370-2017-12762,1,False,9370,5/16/2017 3:26:00 PM,1526,176,14,109,Oakland,1,True,True,B,SIDE SWIPE,,Tuesday,NotApplicable,False,,,False,True,False,Oakland Superior,C,OTHER MOTOR VEHICLE,,0,0,CLEAR,,NO UNUSUAL CONDITIONS,,A,DAYLIGHT,37.735486,-122.191628,,,,,A,NO PEDESTRIANS INVOLVED,5/16/2017 12:00:00 AM,A,21658(a),False,1,I-880 NORTHBOUND,,,5/24/2017 12:38:39 PM,A,N,1500.0,98th Ave,F,,D,5/24/2017 12:42:00 PM,5/24/2017 12:42:00 PM,,True,2,,,,,,,
462742,9370-2017-12751,1,False,9370,5/15/2017 8:38:00 PM,2038,52,14,109,Oakland,1,True,True,E,HIT OBJECT,,Monday,NotApplicable,False,,,False,True,True,Oakland Superior,I,FIXED OBJECT,RAISED CURB,0,0,CLEAR,,NO UNUSUAL CONDITIONS,,A,DAYLIGHT,37.774253,-122.160334,,,,,A,NO PEDESTRIANS INVOLVED,5/15/2017 12:00:00 AM,A,22107,True,1,I-580 E/B,,,5/24/2017 12:31:57 PM,A,W,1380.0,Keller Ave,F,,D,5/24/2017 12:33:38 PM,5/24/2017 12:33:38 PM,,True,2,,,,,,,
462731,9370-2017-12844,1,False,9370,5/23/2017 7:20:00 AM,720,55,14,109,Oakland,1,True,True,C,REAR END,,Tuesday,NotApplicable,False,,,False,True,False,Oakland Superior,C,OTHER MOTOR VEHICLE,,0,0,CLOUDY,,NO UNUSUAL CONDITIONS,,A,DAYLIGHT,37.823177,-122.262534,,,,,A,NO PEDESTRIANS INVOLVED,5/23/2017 12:00:00 AM,A,22350 VC,False,2,I-580 W/B,,,5/24/2017 12:22:12 PM,A,W,115.0,Webster St.,F,,D,5/24/2017 12:26:57 PM,5/24/2017 12:26:57 PM,,True,2,,,,,,,
462657,9370-2017-12829,1,False,9370,5/22/2017 4:00:00 PM,1600,53,14,109,Oakland,1,True,True,B,SIDE SWIPE,,Monday,NotApplicable,False,,,False,True,True,Oakland Superior,C,OTHER MOTOR VEHICLE,,0,0,CLEAR,,NO UNUSUAL CONDITIONS,,A,DAYLIGHT,37.791715,-122.203083,,,,,A,NO PEDESTRIANS INVOLVED,5/22/2017 12:00:00 AM,A,21658(a),False,1,I-580 E/B,,,5/24/2017 11:34:40 AM,A,E,143.0,35th Ave,F,,D,5/24/2017 11:35:18 AM,5/24/2017 11:35:18 AM,,True,2,,,,,,,
462491,9370-2017-12821,1,False,9370,5/20/2017 12:20:00 AM,20,52,14,109,Oakland,1,True,True,B,SIDE SWIPE,,Saturday,NotApplicable,True,,,False,True,False,Oakland Superior,C,OTHER MOTOR VEHICLE,,0,0,CLEAR,,NO UNUSUAL CONDITIONS,,D,DARK-NO STREET LIGHTS,37.777951,-122.167957,,,,,A,NO PEDESTRIANS INVOLVED,5/20/2017 12:00:00 AM,A,21658(a) VC,False,1,I-580 E/B,,,5/24/2017 9:35:00 AM,A,W,1208.0,Edwards Ave,F,,D,5/24/2017 9:36:02 AM,5/24/2017 9:36:02 AM,,True,2,,,,,,,
462443,9370-2017-12835,1,False,9370,5/22/2017 8:20:00 AM,820,52,14,109,Oakland,1,True,True,C,REAR END,,Monday,NotApplicable,True,M,,False,True,False,Oakland Superior,C,OTHER MOTOR VEHICLE,,0,0,CLEAR,,NO UNUSUAL CONDITIONS,,A,DAYLIGHT,37.778223,-122.167922,,,,,A,NO PEDESTRIANS INVOLVED,5/22/2017 12:00:00 AM,A,22350 VC,False,2,I-580 W/B,,,5/24/2017 9:06:48 AM,A,W,1260.0,Edwards Ave,F,,D,5/24/2017 9:07:42 AM,5/24/2017 9:07:42 AM,,True,2,,,,,,,
462277,9370-2017-12851,1,False,9370,5/23/2017 4:25:00 PM,1625,24,14,109,Oakland,1,True,True,B,SIDE SWIPE,,Tuesday,NotApplicable,False,,,False,True,False,Oakland Superior,C,OTHER MOTOR VEHICLE,,0,0,CLEAR,,NO UNUSUAL CONDITIONS,,A,DAYLIGHT,37.848628,-122.225643,,,,,A,NO PEDESTRIANS INVOLVED,5/23/2017 12:00:00 AM,A,21658(a),False,,SR-24 E/B,,,5/24/2017 6:43:01 AM,A,E,650.0,SR-13,F,,D,5/24/2017 6:43:32 AM,5/24/2017 6:43:32 AM,,True,2,,,,,,,
462264,9370-2017-12449,1,False,9370,4/12/2017 9:30:00 PM,2130,25,14,109,Oakland,1,True,True,C,REAR END,,Wednesday,NotApplicable,True,M,,False,True,False,Oakland Superior,C,OTHER MOTOR VEHICLE,,0,0,RAINING,,NO UNUSUAL CONDITIONS,,Counter Report / Late-ReportedC,DARK-STREET LIGHTS,37.832012,-122.267119,,,,,A,NO PEDESTRIANS INVOLVED,4/12/2017 12:00:00 AM,A,22350,False,1,SR-24 W/B,,,5/24/2017 6:28:39 AM,B,E,160.0,42nd St,F,,D,5/24/2017 6:29:45 AM,5/24/2017 6:29:45 AM,,True,2,,,,,,,
462245,9370-2017-12830,1,False,9370,5/22/2017 4:10:00 PM,1610,177,14,109,Oakland,1,True,True,C,REAR END,,Monday,NotApplicable,False,M,,False,True,False,Oakland Superior,C,OTHER MOTOR VEHICLE,,0,0,CLEAR,,NO UNUSUAL CONDITIONS,,A,DAYLIGHT,37.78793,-122.24724,,,,,A,NO PEDESTRIANS INVOLVED,5/22/2017 12:00:00 AM,A,22350,False,1,I-880 S/B,,,5/24/2017 6:10:53 AM,A,N,915.0,16th Ave,F,,D,5/24/2017 6:11:32 AM,5/24/2017 6:11:32 AM,,True,2,,,,,,,
462233,9370-2017-12856,1,False,9370,5/12/2017 6:12:00 PM,1812,54,14,109,Oakland,1,True,True,C,REAR END,,Friday,NotApplicable,False,,,False,True,False,Oakland Superior,C,OTHER MOTOR VEHICLE,,0,0,CLEAR,,NO UNUSUAL CONDITIONS,,Counter ReportA,DAYLIGHT,37.824931,-122.31005,,,,,A,NO PEDESTRIANS INVOLVED,5/12/2017 12:00:00 AM,A,22350,False,1,I-80 W/B,,,5/24/2017 5:27:59 AM,A,W,150.0,W. Grand Ave,F,,D,5/24/2017 5:28:32 AM,5/24/2017 5:28:32 AM,,True,2,,,,,,,
462231,9370-2017-12765,1,False,9370,5/16/2017 6:30:00 PM,1830,52,14,109,Oakland,1,True,True,B,SIDE SWIPE,,Tuesday,NotApplicable,False,,,False,True,False,Oakland Superior,C,OTHER MOTOR VEHICLE,,0,0,CLEAR,,NO UNUSUAL CONDITIONS,,A,DAYLIGHT,37.47281,-122.11111,,,,,A,NO PEDESTRIANS INVOLVED,5/16/2017 12:00:00 AM,A,21658(a),False,1,I-580 E/B,,,5/24/2017 5:08:17 AM,A,E,356.0,Buell St,F,,D,5/24/2017 5:08:54 AM,5/24/2017 5:08:54 AM,,True,2,,,,,,,
462230,9370-2017-12836,1,False,9370,5/22/2017 4:30:00 PM,1630,55,14,109,Oakland,1,True,True,C,REAR END,,Monday,NotApplicable,False,,,False,True,False,Oakland Superior,C,OTHER MOTOR VEHICLE,,0,0,CLEAR,,NO UNUSUAL CONDITIONS,,A,DAYLIGHT,37.825262,-122.272694,,,,,A,NO PEDESTRIANS INVOLVED,5/22/2017 12:00:00 AM,A,22350 VC,False,2,I-580 E/B,,,5/24/2017 5:03:23 AM,A,W,90.0,West St.,F,,D,5/24/2017 5:04:01 AM,5/24/2017 5:04:01 AM,,True,2,,,,,,,
462138,9370-2017-12839,1,False,9370,5/22/2017 3:50:00 PM,1550,52,14,109,Oakland,1,True,True,B,SIDE SWIPE,,Monday,NotApplicable,False,M,,False,True,True,Oakland Superior,C,OTHER MOTOR VEHICLE,,0,0,CLEAR,,NO UNUSUAL CONDITIONS,,A,DAYLIGHT,37.743611,-122.147229,,,,,A,NO PEDESTRIANS INVOLVED,5/22/2017 12:00:00 AM,A,21658(a),False,1,I-580 E/B,,,5/23/2017 4:16:44 PM,A,E,680.0,106th Ave,F,,D,5/23/2017 4:17:28 PM,5/23/2017 4:17:28 PM,,True,2,,,,,,,
462070,9370-2017-12791,1,False,9370,5/19/2017 7:30:00 PM,1930,55,14,109,Oakland,1,True,True,C,REAR END,,Friday,NotApplicable,False,,,False,True,False,Oakland Superior,C,OTHER MOTOR VEHICLE,,0,0,CLEAR,,NO UNUSUAL CONDITIONS,,D,DARK-NO STREET LIGHTS,37.827366,-122.280589,,,,,A,NO PEDESTRIANS INVOLVED,5/19/2017 12:00:00 AM,A,22350,False,2,I-580,,,5/23/2017 3:18:27 PM,A,W,700.0,San Pablo Ave,F,,D,5/23/2017 3:18:56 PM,5/23/2017 3:18:56 PM,,True,2,,,,,,,
482905,9370-2017-13229,1,False,9370,6/20/2017 5:15:00 PM,1715,177,14,109,Oakland,1,True,True,C,REAR END,,Tuesday,NotApplicable,False,,,False,True,False,Oakland Superior,C,OTHER MOTOR VEHICLE,,0,0,CLEAR,,NO UNUSUAL CONDITIONS,,A,DAYLIGHT,37.78872,-122.25107,,,,,A,NO PEDESTRIANS INVOLVED,6/20/2017 12:00:00 AM,A,22350,False,1,I-880 S/B,,,6/21/2017 1:16:12 PM,A,N,2300.0,16th Ave,F,,D,6/21/2017 1:17:17 PM,6/21/2017 1:17:17 PM,,True,2,,,,,,,
482896,9370-2017-13231,1,False,9370,6/21/2017 9:30:00 AM,930,55,14,109,Oakland,1,True,True,C,REAR END,,Wednesday,NotApplicable,False,,,False,True,False,Oakland Superior,C,OTHER MOTOR VEHICLE,,0,0,CLEAR,,NO UNUSUAL CONDITIONS,,A,DAYLIGHT,37.826948,-122.286164,,,,,A,NO PEDESTRIANS INVOLVED,6/21/2017 12:00:00 AM,A,22350,False,1,I-580 W/B,,,6/21/2017 1:09:20 PM,A,W,445.0,Hollis St,F,,D,6/21/2017 1:10:31 PM,6/21/2017 1:10:31 PM,,True,2,,,,,,,
482887,9370-2017-13112,1,False,9370,6/13/2017 1:50:00 AM,150,24,14,109,Oakland,1,True,True,B,SIDE SWIPE,,Tuesday,NotApplicable,False,,,False,True,True,Oakland Superior,C,OTHER MOTOR VEHICLE,,0,0,CLEAR,,NO UNUSUAL CONDITIONS,,C,DARK-STREET LIGHTS,37.854439,-122.219042,,,,,A,NO PEDESTRIANS INVOLVED,6/13/2017 12:00:00 AM,A,22107,False,1,SR-24 E/B,,,6/21/2017 1:05:06 PM,A,W,650.0,Caldecott Tunnel,F,,D,6/21/2017 1:05:41 PM,6/21/2017 1:05:41 PM,,True,2,,,,,,,
482846,9370-2017-13224,1,False,9370,6/19/2017 2:15:00 PM,1415,55,14,109,Oakland,1,True,True,C,REAR END,,Monday,NotApplicable,False,,,False,True,False,Oakland Superior,C,OTHER MOTOR VEHICLE,,0,0,CLEAR,,NO UNUSUAL CONDITIONS,,A,DAYLIGHT,37.826792,-122.288565,,,,,A,NO PEDESTRIANS INVOLVED,6/19/2017 12:00:00 AM,A,22350,False,1,I-580 w/b to I-80 E/B transition,,,6/21/2017 12:33:24 PM,A,E,315.0,Mandela Pky,F,,D,6/21/2017 12:33:56 PM,6/21/2017 12:33:56 PM,,True,2,,,,,,,
482840,9370-2017-13185,1,False,9370,6/18/2017 1:10:00 AM,110,54,14,109,Oakland,1,True,True,B,SIDE SWIPE,,Sunday,Yes,False,,,False,True,True,Oakland Superior,C,OTHER MOTOR VEHICLE,,0,0,CLEAR,,NO UNUSUAL CONDITIONS,,D,DARK-NO STREET LIGHTS,37.807525,-122.239949,,,,,A,NO PEDESTRIANS INVOLVED,6/18/2017 12:00:00 AM,A,23152(a)VC,True,1,I-580 E/B,,,6/21/2017 12:27:45 PM,A,W,2184.0,Park Ave,F,,D,6/21/2017 12:28:31 PM,6/21/2017 12:28:31 PM,,True,2,,,,,,,
482781,9370-2017-12927,1,False,9370,5/15/2017 5:40:00 PM,1740,177,14,109,Oakland,1,True,True,C,REAR END,,Monday,NotApplicable,False,M,,False,True,False,Oakland Superior,C,OTHER MOTOR VEHICLE,,0,0,CLEAR,,NO UNUSUAL CONDITIONS,,Counter ReportA,DAYLIGHT,37.78915,-122.2532,,,,,A,NO PEDESTRIANS INVOLVED,5/15/2017 12:00:00 AM,A,22350,False,2,I-880 N/B,,,6/21/2017 11:28:11 AM,A,S,2000.0,5TH AVE.,F,,D,6/21/2017 11:29:42 AM,6/21/2017 11:29:42 AM,,True,2,,,,,,,
482755,9370-2017-13214,1,False,9370,6/19/2017 8:50:00 PM,2050,52,14,109,Oakland,1,True,True,E,HIT OBJECT,,Monday,NotApplicable,False,,,False,True,False,Oakland Superior,H,ANIMAL,DEER,0,0,CLEAR,,NO UNUSUAL CONDITIONS,,C,DARK-STREET LIGHTS,37.442009,-122.83172,,,,,A,NO PEDESTRIANS INVOLVED,6/19/2017 12:00:00 AM,C,,,,I-580 W/B,,,6/21/2017 11:07:23 AM,A,W,555.0,Foothill Blvd,F,,D,6/21/2017 11:08:04 AM,6/21/2017 11:08:04 AM,,True,2,,,,,,,
482559,9370-2017-13222,1,False,9370,6/20/2017 1:40:00 PM,1340,24,14,109,Oakland,1,True,True,C,REAR END,,Tuesday,NotApplicable,False,,,False,True,False,Oakland Superior,C,OTHER MOTOR VEHICLE,,0,0,CLEAR,,NO UNUSUAL CONDITIONS,,A,DAYLIGHT,37.854392,-122.219533,,,,,A,NO PEDESTRIANS INVOLVED,6/20/2017 12:00:00 AM,A,22350,False,1,SR-24 E/B,,,6/21/2017 8:59:10 AM,A,W,795.0,Caldecott Tunl,F,,D,6/21/2017 8:59:40 AM,6/21/2017 8:59:40 AM,,True,2,,,,,,,
482523,9370-2017-13211,1,False,9370,6/19/2017 10:16:00 AM,1016,176,14,109,Oakland,1,True,True,C,REAR END,,Monday,NotApplicable,False,,,False,True,True,Oakland Superior,D,MOTOR VEHICLE ON OTHER ROADWAY,,0,0,CLEAR,,NO UNUSUAL CONDITIONS,,A,DAYLIGHT,37.763735,-122.216633,,,,,A,NO PEDESTRIANS INVOLVED,6/19/2017 12:00:00 AM,A,22350,False,2,I-880 NORTHBOUND,,,6/21/2017 8:42:22 AM,A,S,1900.0,HIGH STREET,F,,D,6/21/2017 8:42:55 AM,6/21/2017 8:42:55 AM,,True,2,,,,,,,
482503,9370-2017-13099,1,False,9370,6/12/2017 8:00:00 AM,800,52,14,109,Oakland,1,True,True,C,REAR END,,Monday,NotApplicable,False,,,False,True,False,Oakland Superior,C,OTHER MOTOR VEHICLE,,0,0,CLOUDY,,NO UNUSUAL CONDITIONS,,A,DAYLIGHT,37.464244,-122.10611,,,,,A,NO PEDESTRIANS INVOLVED,6/12/2017 12:00:00 AM,A,22350,False,3,I-580 W/B,,,6/21/2017 8:28:40 AM,A,W,1422.0,Edwards Ave,F,,D,6/21/2017 8:29:22 AM,6/21/2017 8:29:22 AM,,True,2,,,,,,,
482462,9370-2017-13109,1,False,9370,6/12/2017 4:57:00 PM,1657,54,14,109,Oakland,1,True,True,B,SIDE SWIPE,,Monday,NotApplicable,False,M,,False,True,False,Oakland Superior,C,OTHER MOTOR VEHICLE,,0,0,CLEAR,,NO UNUSUAL CONDITIONS,,A,DAYLIGHT,37.819812,-122.254729,,,,,A,NO PEDESTRIANS INVOLVED,6/12/2017 12:00:00 AM,A,21658(a),False,1,I-580 W/B,,,6/21/2017 8:00:34 AM,A,W,69.0,Harrison St,F,,D,6/21/2017 8:01:04 AM,6/21/2017 8:01:04 AM,,True,2,,,,,,,
482366,9370-2017-13107,1,False,9370,6/12/2017 7:45:00 AM,745,55,14,109,Oakland,1,True,True,D,BROADSIDE,,Monday,NotApplicable,False,,,False,True,False,Oakland Superior,C,OTHER MOTOR VEHICLE,,0,0,CLOUDY,,NO UNUSUAL CONDITIONS,,A,DAYLIGHT,37.826869,-122.286703,,,,,A,NO PEDESTRIANS INVOLVED,6/12/2017 12:00:00 AM,A,21658(a),False,1,I-580 W/B,,,6/21/2017 6:54:36 AM,A,W,610.0,Hollis St,F,,D,6/21/2017 6:55:07 AM,6/21/2017 6:55:07 AM,,True,2,,,,,,,
482104,9370-2017-13190,1,False,9370,6/16/2017 3:25:00 PM,1525,177,14,109,Oakland,1,True,True,C,REAR END,,Friday,NotApplicable,False,M,,False,True,False,Oakland Superior,C,OTHER MOTOR VEHICLE,,1,0,CLEAR,,NO UNUSUAL CONDITIONS,,A,DAYLIGHT,37.78961,-122.25652,,,,,A,NO PEDESTRIANS INVOLVED,6/16/2017 12:00:00 AM,A,22350,False,3,I-880 S/B,,,6/20/2017 2:40:57 PM,A,S,1030.0,5TH AVENUE,F,,D,6/20/2017 2:41:35 PM,6/20/2017 2:41:35 PM,,True,2,,,,,,,
482100,9370-2017-13142,1,False,9370,6/14/2017 5:31:00 PM,1731,8,14,109,Oakland,1,True,True,B,SIDE SWIPE,,Wednesday,NotApplicable,False,,,False,True,False,Oakland Superior,C,OTHER MOTOR VEHICLE,,0,0,CLEAR,,NO UNUSUAL CONDITIONS,,A,DAYLIGHT,37.824575,-122.308588,,,,,A,NO PEDESTRIANS INVOLVED,6/14/2017 12:00:00 AM,A,21658(a),False,1,I-80 E/B,,,6/20/2017 2:37:30 PM,A,E,275.0,Grand Avenue over-crossing,F,,D,6/20/2017 2:38:04 PM,6/20/2017 2:38:04 PM,,True,2,,,,,,,
482029,9370-2017-13147,1,False,9370,6/15/2017 2:30:00 AM,230,176,14,109,Oakland,1,True,True,C,REAR END,,Thursday,NotApplicable,False,,,False,True,True,Oakland Superior,C,OTHER MOTOR VEHICLE,,2,0,CLEAR,,NO UNUSUAL CONDITIONS,,C,DARK-STREET LIGHTS,37.434211,-122.11775,,,,,A,NO PEDESTRIANS INVOLVED,6/15/2017 12:00:00 AM,A,22350,False,1,I-880 N/B,,,6/20/2017 1:44:51 PM,A,S,1480.0,98th Ave,F,,D,6/20/2017 1:45:33 PM,6/20/2017 1:45:33 PM,,True,2,,,,,,,
482009,9370-2017-13193,1,False,9370,6/18/2017 4:05:00 AM,405,55,14,109,Oakland,1,True,True,E,HIT OBJECT,,Sunday,NotApplicable,False,M,,False,True,True,Oakland Superior,I,FIXED OBJECT,CONCRETE MEDIAN WALL,0,0,CLEAR,,NO UNUSUAL CONDITIONS,,C,DARK-STREET LIGHTS,37.825076,-122.271547,,,,,A,NO PEDESTRIANS INVOLVED,6/18/2017 12:00:00 AM,A,22107,False,1,I-580 W/B,,,6/20/2017 1:36:28 PM,A,E,200.0,WEST STREET,F,,D,6/20/2017 1:36:59 PM,6/20/2017 1:36:59 PM,,True,2,,,,,,,
481982,9370-2017-13176,1,False,9370,6/17/2017 9:00:00 AM,900,179,14,109,Oakland,1,True,True,E,HIT OBJECT,,Saturday,NotApplicable,False,,,False,True,True,Oakland Superior,I,FIXED OBJECT,CONCRETE WALL,1,0,CLEAR,,NO UNUSUAL CONDITIONS,,A,DAYLIGHT,37.83075,-122.29241,,,,,A,NO PEDESTRIANS INVOLVED,6/17/2017 12:00:00 AM,A,22107 VC,False,1,I-880 N/B TO I-80 E/B,,,6/20/2017 1:21:07 PM,A,S,2850.0,POWELL STREET,F,,D,6/20/2017 1:21:39 PM,6/20/2017 1:21:39 PM,,True,2,,,,,,,
481966,9370-2017-13186,1,False,9370,6/17/2017 6:45:00 PM,1845,176,14,109,Oakland,1,True,True,C,REAR END,,Saturday,NotApplicable,False,,,False,True,False,Oakland Superior,C,OTHER MOTOR VEHICLE,,0,0,CLEAR,,NO UNUSUAL CONDITIONS,,A,DAYLIGHT,37.75333,-122.20902,,,,,A,NO PEDESTRIANS INVOLVED,6/17/2017 12:00:00 AM,A,22350,False,1,I-880 S/B FROM 66TH AVE,,,6/20/2017 1:14:56 PM,A,E,500.0,Oakport St,F,,D,6/20/2017 1:15:27 PM,6/20/2017 1:15:27 PM,,True,2,,,,,,,