collision-id,report-number,report-version,is-preliminary,ncic-code,crash-date-time,crash-time-description,beat,city-id,city-code,city-name,county-code,city-is-active,city-is-incorporated,collision-type-code,collision-type-description,collision-type-other-desc,day-of-week,dispatch-notified,has-photographs,hit-run,is-attachments-mailed,is-deleted,is-highway-related,is-tow-away,judicial-district,motor-vehicle-involved-with-code,motor-vehicle-involved-with-desc,motor-vehicle-involved-with-other-desc,number-injured,number-killed,weather-1,weather-2,road-condition-1,road-condition-2,special-condition-lighting-code,lighting-description,latitude,longitude,milepost-direction,milepost-distance,milepost-marker,milepost-unit-of-measure,pedestrian-action-code,pedestrian-action-desc,prepared-date,primary-collision-factor-code,primary-collision-factor-violation,primary-collision-factor-is-cited,primary-collision-party-number,primary-road,reporting-district,reporting-district-code,reviewed-date,roadway-surface-code,secondary-direction,secondary-distance,secondary-road,secondary-unit-of-measure,sketch-desc,traffic-control-device-code,created-date,modified-date,is-county-road,is-freeway,chp-555-version,is-additonal-object-struck,notification-date,notification-time-description,has-digital-media-files,evidence-number,is-location-refer-to-narrative,is-aoi-one-same-as-location
502582,9370-2017-13378,1,False,9370,7/5/2017 12:10:00 AM,10,8,14,109,Oakland,1,True,True,C,REAR END,,Wednesday,NotApplicable,False,,,False,True,True,Oakland Superior,C,OTHER MOTOR VEHICLE,,0,0,CLEAR,,NO UNUSUAL CONDITIONS,,D,DARK-NO STREET LIGHTS,37.493033,-122.183462,,,,,A,NO PEDESTRIANS INVOLVED,7/5/2017 12:00:00 AM,A,22350,False,3,I-80 W/B,,,7/18/2017 8:13:06 AM,A,W,53.0,West Grand Avenue,F,,D,7/18/2017 8:13:40 AM,7/18/2017 8:13:40 AM,,True,2,,,,,,,
502541,9370-2017-13406,1,False,9370,7/4/2017 9:30:00 PM,2130,8,14,109,Oakland,1,True,True,E,HIT OBJECT,,Tuesday,Yes,False,,,False,True,True,Oakland Superior,I,FIXED OBJECT,CONCRETE WALL,0,0,CLEAR,,NO UNUSUAL CONDITIONS,,D,DARK-NO STREET LIGHTS,37.825668,-122.303815,,,,,A,NO PEDESTRIANS INVOLVED,7/4/2017 12:00:00 AM,A,23152(a),True,1,I-80 W/B,,,7/18/2017 7:32:02 AM,A,E,1580.0,West Grand Ave Overcrossing,F,,D,7/18/2017 7:33:34 AM,7/18/2017 7:33:34 AM,,True,2,,,,,,,
502475,9370-2017-12534,1,False,9370,5/1/2017 5:18:00 AM,518,177,14,109,Oakland,1,True,True,C,REAR END,,Monday,Yes,True,,,False,True,True,Oakland Superior,C,OTHER MOTOR VEHICLE,,2,2,CLEAR,,NO UNUSUAL CONDITIONS,,FatalB,DUSK-DAWN,37.471818,-122.15096,,,,,A,NO PEDESTRIANS INVOLVED,5/1/2017 12:00:00 AM,A,23152(e) VC,True,2,I-880 N/B,,,7/18/2017 6:30:40 AM,A,N,1782.0,16th Ave. Over Crossing,F,,D,7/18/2017 6:31:22 AM,7/18/2017 6:31:22 AM,,True,2,,,,,,,
502471,9370-2017-13402,1,False,9370,7/4/2017 9:58:00 PM,2158,98,14,109,Oakland,1,True,True,B,SIDE SWIPE,,Tuesday,NotApplicable,False,M,,False,True,False,Oakland Superior,C,OTHER MOTOR VEHICLE,,0,0,CLEAR,,NO UNUSUAL CONDITIONS,,D,DARK-NO STREET LIGHTS,37.823566,-122.266273,,,,,A,NO PEDESTRIANS INVOLVED,7/4/2017 12:00:00 AM,A,23152(a),True,1,I-980 E/B TO I-580 E/B,,,7/18/2017 6:27:23 AM,A,W,40.0,Telegraph Ave,F,,D,7/18/2017 6:28:23 AM,7/18/2017 6:28:23 AM,,True,2,,,,,,,
502458,9370-2017-13452,1,False,9370,5/31/2017 6:00:00 AM,600,8,14,109,Oakland,1,True,True,B,SIDE SWIPE,,Wednesday,No,False,,,False,True,False,Oakland Superior,C,OTHER MOTOR VEHICLE,,0,0,CLEAR,,NO UNUSUAL CONDITIONS,,Counter Report / Late-ReportedA,DAYLIGHT,37.492897,-122.18431,,,,,A,NO PEDESTRIANS INVOLVED,5/31/2017 12:00:00 AM,A,21658(a),False,,I-80 W/B,,,7/18/2017 6:05:23 AM,A,E,510.0,BAY BRIDGE TOLL PLAZA,F,,D,7/18/2017 6:06:32 AM,7/18/2017 6:06:32 AM,,True,2,,,,,,,
502442,9370-2017-13403,1,False,9370,7/5/2017 5:05:00 PM,1705,55,14,109,Oakland,1,True,True,B,SIDE SWIPE,,Wednesday,Yes,False,,,False,True,True,Oakland Superior,C,OTHER MOTOR VEHICLE,,1,0,CLEAR,,NO UNUSUAL CONDITIONS,,A,DAYLIGHT,37.82444,-122.26908,,,,,A,NO PEDESTRIANS INVOLVED,7/5/2017 12:00:00 AM,A,22107,False,1,I 580 E/B,,,7/18/2017 5:48:57 AM,A,W,929.0,Telegraph Ave,F,,D,7/18/2017 5:49:51 AM,7/18/2017 5:49:51 AM,,True,2,,,,,,,
502438,9370-2017-13276,1,False,9370,6/25/2017 8:10:00 PM,2010,55,14,109,Oakland,1,True,True,C,REAR END,,Sunday,NotApplicable,False,,,False,True,False,Oakland Superior,C,OTHER MOTOR VEHICLE,,0,0,CLEAR,,NO UNUSUAL CONDITIONS,,A,DAYLIGHT,37.492127,-122.153757,,,,,A,NO PEDESTRIANS INVOLVED,6/25/2017 12:00:00 AM,A,22350,False,2,I-580 W/B,,,7/18/2017 5:21:39 AM,A,W,108.0,Broadway,F,,D,7/18/2017 5:22:15 AM,7/18/2017 5:22:15 AM,,True,2,,,,,,,
502192,9370-2017-13462,1,False,9370,7/11/2017 6:40:00 AM,640,54,14,109,Oakland,1,True,True,H,OTHER,NON CONTACT,Tuesday,NotApplicable,False,,,False,True,True,Oakland Superior,C,OTHER MOTOR VEHICLE,,0,0,CLEAR,,NO UNUSUAL CONDITIONS,,B,DUSK-DAWN,37.821384,-122.26957,,,,,A,NO PEDESTRIANS INVOLVED,7/11/2017 12:00:00 AM,A,21658(a),False,2,I-580 W/B TO I-980 W/B,,,7/17/2017 2:53:27 PM,A,W,650.0,34th St,F,,D,7/17/2017 2:54:11 PM,7/17/2017 2:54:11 PM,,True,2,,,,,,,
502034,9370-2017-13540,1,False,9370,7/16/2017 10:55:00 PM,2255,8,14,109,Oakland,1,True,True,C,REAR END,,Sunday,Yes,False,,,False,True,True,Oakland Superior,C,OTHER MOTOR VEHICLE,,3,0,CLEAR,,NO UNUSUAL CONDITIONS,,C,DARK-STREET LIGHTS,37.82504,-122.311615,,,,,A,NO PEDESTRIANS INVOLVED,7/16/2017 12:00:00 AM,A,23153(a),True,1,I-80 W/B,,,7/17/2017 1:17:12 PM,A,E,630.0,SAN FRANCISCO OAKLAND BAY BRIDGE TP,F,,D,7/17/2017 1:17:56 PM,7/17/2017 1:17:56 PM,,True,2,,,,,,,
501850,9370-2017-12027,1,False,9370,3/22/2017 4:28:00 AM,428,55,14,109,Oakland,1,True,True,G,VEHICLE/PEDESTRAIN,,Wednesday,Yes,True,F,,False,True,False,Oakland Superior,B,PEDESTRIAN,,0,1,CLOUDY,RAINING,NO UNUSUAL CONDITIONS,,FatalD,DARK-NO STREET LIGHTS,37.822711,-122.260735,,,,,E,IN ROAD - INCLUDES SHOULDER,3/22/2017 12:00:00 AM,A,21954(a),False,1,I-580 W/B,,,7/17/2017 10:34:24 AM,B,W,225.0,Broadway,F,,D,7/17/2017 10:35:09 AM,7/17/2017 10:35:09 AM,,True,2,,,,,,,
501680,9370-2017-13471,1,False,9370,7/12/2017 7:35:00 AM,735,53,14,109,Oakland,1,True,True,C,REAR END,,Wednesday,NotApplicable,False,M,,False,True,False,Oakland Superior,C,OTHER MOTOR VEHICLE,,2,0,CLEAR,,NO UNUSUAL CONDITIONS,,A,DAYLIGHT,37.481315,-122.135705,,,,,A,NO PEDESTRIANS INVOLVED,7/12/2017 12:00:00 AM,A,22350,False,1,I-580 W/B,,,7/17/2017 8:29:06 AM,A,E,200.0,Boston Ave.,F,,D,7/17/2017 8:29:51 AM,7/17/2017 8:29:51 AM,,True,2,,,,,,,
501618,9370-2017-13416,1,False,9370,7/7/2017 11:50:00 PM,2350,53,14,109,Oakland,1,True,True,B,SIDE SWIPE,,Friday,Yes,False,,,False,True,True,Oakland Superior,C,OTHER MOTOR VEHICLE,,2,0,CLEAR,,NO UNUSUAL CONDITIONS,,D,DARK-NO STREET LIGHTS,37.786822,-122.196408,,,,,A,NO PEDESTRIANS INVOLVED,7/7/2017 12:00:00 AM,A,23152(a),True,1,I-580 E/B,,,7/17/2017 7:42:19 AM,A,W,55.0,High St,F,,D,7/17/2017 7:43:10 AM,7/17/2017 7:43:10 AM,,True,2,,,,,,,
501532,9370-2017-13512,1,False,9370,7/14/2017 8:47:00 PM,2047,54,14,109,Oakland,1,True,True,E,HIT OBJECT,,Friday,Yes,False,,,False,True,True,Oakland Superior,I,FIXED OBJECT,CONCRETE CENTER MEDIAN WA,3,0,CLEAR,,NO UNUSUAL CONDITIONS,,C,DARK-STREET LIGHTS,37.80512,-122.23467,,,,,A,NO PEDESTRIANS INVOLVED,7/14/2017 12:00:00 AM,A,23152(a),True,1,I-580 W/B,,,7/17/2017 6:02:13 AM,A,W,430.0,Park Blvd,F,,D,7/17/2017 6:03:54 AM,7/17/2017 6:03:54 AM,,True,2,,,,,,,
501460,9370-2017-13517,2,False,9370,7/15/2017 2:20:00 PM,1420,8,14,109,Oakland,1,True,True,C,REAR END,,Saturday,NotApplicable,False,M,,False,True,False,Oakland Superior,C,OTHER MOTOR VEHICLE,,0,0,CLEAR,,NO UNUSUAL CONDITIONS,,A,DAYLIGHT,37.82542,-122.30539,,,,,A,NO PEDESTRIANS INVOLVED,7/15/2017 12:00:00 AM,A,22350 VC,False,1,I-80 W/B,,,8/15/2017 6:01:24 AM,A,E,2400.0,SFOBB TOLL PLAZA,F,,D,7/16/2017 5:28:18 PM,8/15/2017 6:02:14 AM,,True,2,,,,,,,
501445,9370-2017-13487,1,False,9370,7/13/2017 10:20:00 AM,1020,177,14,109,Oakland,1,True,True,B,SIDE SWIPE,,Thursday,NotApplicable,False,M,,False,True,False,Oakland Superior,C,OTHER MOTOR VEHICLE,,0,0,CLEAR,,NO UNUSUAL CONDITIONS,,A,DAYLIGHT,37.47462,-122.16776,,,,,A,NO PEDESTRIANS INVOLVED,7/13/2017 12:00:00 AM,A,21658(a),False,1,I-880 N/B,,,7/16/2017 3:00:23 PM,A,S,230.0,Jackson St,F,,D,7/16/2017 3:01:05 PM,7/16/2017 3:01:05 PM,,True,2,,,,,,,
501420,9370-2017-13495,1,False,9370,7/13/2017 4:55:00 PM,1655,8,14,109,Oakland,1,True,True,C,REAR END,,Thursday,Yes,False,,,False,True,True,Oakland Superior,C,OTHER MOTOR VEHICLE,,1,0,CLEAR,,NO UNUSUAL CONDITIONS,,A,DAYLIGHT,37.49327,-122.18743,,,,,A,NO PEDESTRIANS INVOLVED,7/13/2017 12:00:00 AM,A,22350 VC,False,1,I-80 E/B,,,7/16/2017 12:43:57 PM,A,E,2205.0,THE WEST GRAND AVE. O/C,F,,D,7/16/2017 12:44:40 PM,7/16/2017 12:44:40 PM,,True,2,,,,,,,
501411,9370-2017-13519,1,False,9370,7/15/2017 5:00:00 PM,1700,176,14,109,Oakland,1,True,True,C,REAR END,,Saturday,NotApplicable,False,,,False,True,True,Oakland Superior,C,OTHER MOTOR VEHICLE,,0,0,CLEAR,,NO UNUSUAL CONDITIONS,,A,DAYLIGHT,37.4428,-122.11483,,,,,A,NO PEDESTRIANS INVOLVED,7/15/2017 12:00:00 AM,A,22350 VC,False,1,I-880 N/B,,,7/16/2017 11:56:28 AM,A,N,45.0,Hegenberger Rd,F,,D,7/16/2017 11:57:02 AM,7/16/2017 11:57:02 AM,,True,2,,,,,,,
501369,9370-2017-13418,1,False,9370,7/8/2017 12:35:00 AM,35,8,14,109,Oakland,1,True,True,E,HIT OBJECT,,Saturday,Yes,False,,,False,True,True,Oakland Superior,J,OTHER OBJECT,TREE,1,0,CLEAR,,NO UNUSUAL CONDITIONS,,C,DARK-STREET LIGHTS,37.82541,-122.30285,,,,,A,NO PEDESTRIANS INVOLVED,7/8/2017 12:00:00 AM,A,22107,False,1,I-80 E/B  TO I-580 E/B,,,7/16/2017 8:00:12 AM,A,E,702.0,WEST GRAND AVENUE,F,,D,7/16/2017 8:00:55 AM,7/16/2017 8:00:55 AM,,True,2,,,,,,,
501348,9370-2017-13506,1,False,9370,7/14/2017 1:00:00 PM,1300,25,14,109,Oakland,1,True,True,C,REAR END,,Friday,NotApplicable,False,,,False,True,True,Oakland Superior,C,OTHER MOTOR VEHICLE,,0,0,CLEAR,,NO UNUSUAL CONDITIONS,,A,DAYLIGHT,37.50028,-122.15594,,,,,A,NO PEDESTRIANS INVOLVED,7/14/2017 12:00:00 AM,A,22350 VC,False,1,SR-24 W/B,,,7/15/2017 9:07:44 PM,A,E,50.0,45TH ST.,F,,D,7/15/2017 9:08:19 PM,7/15/2017 9:08:19 PM,,True,2,,,,,,,
501347,9370-2017-13494,1,False,9370,7/13/2017 1:10:00 PM,1310,55,14,109,Oakland,1,True,True,C,REAR END,,Thursday,NotApplicable,False,,,False,True,False,Oakland Superior,C,OTHER MOTOR VEHICLE,,0,0,CLEAR,,NO UNUSUAL CONDITIONS,,A,DAYLIGHT,37.49333,-122.16284,,,,,A,NO PEDESTRIANS INVOLVED,7/13/2017 12:00:00 AM,A,22350 VC,False,1,I-580 W/B,,,7/15/2017 9:02:19 PM,A,E,120.0,Market St,F,FOR SKETCH DIAGRAM- SEE PAGE 4.,D,7/15/2017 9:03:06 PM,7/15/2017 9:03:06 PM,,True,2,,,,,,,
501346,9370-2017-13439,1,False,9370,7/9/2017 3:35:00 PM,1535,178,14,109,Oakland,1,True,True,B,SIDE SWIPE,,Sunday,NotApplicable,False,,,False,True,True,Oakland Superior,C,OTHER MOTOR VEHICLE,,1,0,CLEAR,,NO UNUSUAL CONDITIONS,,A,DAYLIGHT,37.48369,-122.18154,,,,,A,NO PEDESTRIANS INVOLVED,7/9/2017 12:00:00 AM,A,21658(a) VC,False,1,I-880 N/B,,,7/15/2017 8:58:47 PM,A,N,820.0,7th St,F,,D,7/15/2017 8:59:35 PM,7/15/2017 8:59:35 PM,,True,2,,,,,,,
501330,9370-2017-13499,1,False,9370,7/14/2017 2:05:00 AM,205,13,14,109,Oakland,1,True,True,E,HIT OBJECT,,Friday,Yes,False,,,False,True,True,Oakland Superior,J,OTHER OBJECT,Yellow Attenuator Barrels,1,0,CLOUDY,,NO UNUSUAL CONDITIONS,,D,DARK-NO STREET LIGHTS,37.841992,-122.225057,,,,,A,NO PEDESTRIANS INVOLVED,7/14/2017 12:00:00 AM,A,23152(a) VC,True,1,SR-13 Southbound,,,7/15/2017 6:40:33 PM,A,N,111.0,Broadway Terrace,F,,D,7/15/2017 6:41:14 PM,7/15/2017 6:41:14 PM,,True,2,,,,,,,
501318,9370-2017-13445,1,False,9370,7/9/2017 12:50:00 AM,50,52,14,109,Oakland,1,True,True,E,HIT OBJECT,,Sunday,Yes,False,,,False,True,True,Oakland Juvenile,I,FIXED OBJECT,CONCRETE CENTER DIVIDER,0,0,CLEAR,,NO UNUSUAL CONDITIONS,,C,DARK-STREET LIGHTS,37.73815,-122.14133,,,,,A,NO PEDESTRIANS INVOLVED,7/9/2017 12:00:00 AM,A,23152(a),True,1,I-580 W/B,,,7/15/2017 5:28:37 PM,A,W,150.0,Dutton Ave,F,,D,7/15/2017 5:29:55 PM,7/15/2017 5:29:55 PM,,True,2,,,,,,,
501314,9370-2017-13437,1,False,9370,7/9/2017 3:05:00 PM,1505,176,14,109,Oakland,1,True,True,C,REAR END,,Sunday,NotApplicable,False,M,,False,True,False,Oakland Superior,C,OTHER MOTOR VEHICLE,,0,0,CLEAR,,NO UNUSUAL CONDITIONS,,A,DAYLIGHT,37.772591,-122.226122,,,,,A,NO PEDESTRIANS INVOLVED,7/9/2017 12:00:00 AM,A,22350,False,1,I-880 S/B,,,7/15/2017 5:04:07 PM,A,N,2300.0,High St,F,,D,7/15/2017 5:04:45 PM,7/15/2017 5:04:45 PM,,True,2,,,,,,,
501303,9370-2017-13145,1,False,9370,6/6/2017 9:55:00 PM,2155,177,14,109,Oakland,1,True,True,B,SIDE SWIPE,,Tuesday,NotApplicable,False,M,,False,True,False,Oakland Superior,C,OTHER MOTOR VEHICLE,,0,0,CLOUDY,,NO UNUSUAL CONDITIONS,,Counter Report / Late-ReportedC,DARK-STREET LIGHTS,37.472252,-122.151931,,,,,A,NO PEDESTRIANS INVOLVED,6/6/2017 12:00:00 AM,A,21658(a),False,1,I-880 N/B,,,7/15/2017 1:57:56 PM,A,S,1372.0,5th Ave,F,,D,7/15/2017 1:58:34 PM,7/15/2017 1:58:34 PM,,True,2,,,,,,,
501282,9370-2017-13434,1,False,9370,6/19/2017 2:25:00 PM,1425,55,14,109,Oakland,1,True,True,C,REAR END,,Monday,NotApplicable,False,M,,False,True,False,Oakland Superior,C,OTHER MOTOR VEHICLE,,0,0,CLEAR,,NO UNUSUAL CONDITIONS,,Counter Report / Late-ReportedA,DAYLIGHT,37.82722,-122.285167,,,,,A,NO PEDESTRIANS INVOLVED,7/9/2017 12:00:00 AM,A,22350,False,1,I-580 W/B,,,7/15/2017 12:30:51 PM,A,W,150.0,Hollis St,F,,D,7/15/2017 12:31:23 PM,7/15/2017 12:31:23 PM,,True,2,,,,,,,
501260,9370-2017-13426,1,False,9370,5/5/2017 5:00:00 PM,1700,13,14,109,Oakland,1,True,True,C,REAR END,,Friday,NotApplicable,False,M,,False,True,False,Oakland Superior,C,OTHER MOTOR VEHICLE,,0,0,CLEAR,,NO UNUSUAL CONDITIONS,,Counter ReportA,DAYLIGHT,37.850437,-122.2322,,,,,A,NO PEDESTRIANS INVOLVED,5/5/2017 12:00:00 AM,A,22350,False,1,SR-13 S/B,,,7/15/2017 10:08:02 AM,A,S,340.0,Tunnel Rd,F,,D,7/15/2017 10:08:43 AM,7/15/2017 10:08:43 AM,,True,2,,,,,,,
501250,9370-2017-13361,1,False,9370,7/2/2017 11:53:00 PM,2353,52,14,109,Oakland,1,True,True,C,REAR END,,Sunday,Yes,False,,,False,True,True,Oakland Superior,C,OTHER MOTOR VEHICLE,,0,0,CLEAR,,NO UNUSUAL CONDITIONS,,D,DARK-NO STREET LIGHTS,37.47194,-122.11579,,,,,A,NO PEDESTRIANS INVOLVED,7/2/2017 12:00:00 AM,A,23152(a),True,1,I-580 W/B,,,7/15/2017 8:57:14 AM,A,W,1250.0,HIGH STREET,F,,D,7/15/2017 8:57:57 AM,7/15/2017 8:57:57 AM,,True,2,,,,,,,
500479,9370-2017-13436,1,False,9370,7/9/2017 2:00:00 PM,1400,176,14,109,Oakland,1,True,True,C,REAR END,,Sunday,NotApplicable,False,,,False,True,False,Oakland Superior,C,OTHER MOTOR VEHICLE,,0,0,CLEAR,,NO UNUSUAL CONDITIONS,,A,DAYLIGHT,37.462508,-122.134532,,,,,A,NO PEDESTRIANS INVOLVED,7/9/2017 12:00:00 AM,A,22350,False,1,I-880 S/B,,,7/14/2017 6:06:31 AM,A,N,300.0,Fruitvale Ave,F,,D,7/14/2017 6:07:05 AM,7/14/2017 6:07:05 AM,,True,2,,,,,,,
500475,9370-2017-13433,1,False,9370,7/9/2017 1:25:00 PM,1325,176,14,109,Oakland,1,True,True,C,REAR END,,Sunday,NotApplicable,False,M,,False,True,False,Oakland Superior,C,OTHER MOTOR VEHICLE,,1,0,CLEAR,,NO UNUSUAL CONDITIONS,,A,DAYLIGHT,37.462171,-122.133469,,,,,A,NO PEDESTRIANS INVOLVED,7/9/2017 12:00:00 AM,A,21658(a),False,1,I-880 N/B,,,7/14/2017 6:04:05 AM,A,S,500.0,Fruitvale Ave,F,,D,7/14/2017 6:04:38 AM,7/14/2017 6:04:38 AM,,True,2,,,,,,,
500473,9370-2017-13360,1,False,9370,7/2/2017 11:52:00 PM,2352,52,14,109,Oakland,1,True,True,B,SIDE SWIPE,,Sunday,NotApplicable,True,F,,False,True,True,Oakland Superior,C,OTHER MOTOR VEHICLE,,1,0,CLEAR,,NO UNUSUAL CONDITIONS,,D,DARK-NO STREET LIGHTS,37.47117,-122.11427,,,,,A,NO PEDESTRIANS INVOLVED,7/2/2017 12:00:00 AM,A,23152(a),True,1,I-580 W/B,,,7/14/2017 6:00:41 AM,A,E,150.0,High St,F,,D,7/14/2017 6:01:22 AM,7/14/2017 6:01:22 AM,,True,2,,,,,,,
500431,9370-2017-13421,1,False,9370,7/8/2017 8:35:00 AM,835,176,14,109,Oakland,1,True,True,C,REAR END,,Saturday,NotApplicable,False,,,False,True,False,Oakland Superior,C,OTHER MOTOR VEHICLE,,3,0,CLEAR,,NO UNUSUAL CONDITIONS,,A,DAYLIGHT,37.462556,-122.134524,,,,,A,NO PEDESTRIANS INVOLVED,7/8/2017 12:00:00 AM,A,22350,False,2,I-880 N/B,,,7/13/2017 7:39:35 PM,A,N,320.0,Fruitvale Ave,F,,D,7/13/2017 7:40:37 PM,7/13/2017 7:40:37 PM,,True,2,,,,,,,
500414,9370-2017-13479,1,False,9370,7/12/2017 11:50:00 AM,1150,52,14,109,Oakland,1,True,True,E,HIT OBJECT,,Wednesday,NotApplicable,False,,,False,True,True,Oakland Superior,I,FIXED OBJECT,CONCRETE CENTER DIVIDER,1,0,CLEAR,,NO UNUSUAL CONDITIONS,,A,DAYLIGHT,37.757517,-122.148266,,,,,A,NO PEDESTRIANS INVOLVED,7/12/2017 12:00:00 AM,A,22107,False,1,I-580 E/B,,,7/13/2017 6:31:25 PM,A,W,200.0,98th Ave,F,,D,7/13/2017 6:32:01 PM,7/13/2017 6:32:01 PM,,True,2,,,,,,,
500366,9335-2017-12820,1,False,9335,5/18/2017 6:05:00 PM,1805,82,14,109,Oakland,1,True,True,B,SIDE SWIPE,,Thursday,NotApplicable,False,M,,False,True,False,Oakland Superior,C,OTHER MOTOR VEHICLE,,0,0,CLEAR,,NO UNUSUAL CONDITIONS,,A,DAYLIGHT,37.823253,-122.320392,,,,,A,NO PEDESTRIANS INVOLVED,5/26/2017 12:00:00 AM,B,UNSAFE MERGE,,,I-80 W/B,,,7/13/2017 4:26:28 PM,A,W,0.37,SFOBB TOLL PLAZA,M,,D,7/13/2017 4:27:26 PM,7/13/2017 4:27:26 PM,,True,2,,,,,,,
500287,9370-2017-13412,1,False,9370,7/7/2017 10:00:00 AM,1000,177,14,109,Oakland,1,True,True,B,SIDE SWIPE,,Friday,NotApplicable,False,,,False,True,True,Oakland Superior,C,OTHER MOTOR VEHICLE,,0,0,CLEAR,,NO UNUSUAL CONDITIONS,,A,DAYLIGHT,37.472273,-122.152714,,,,,A,NO PEDESTRIANS INVOLVED,7/7/2017 12:00:00 AM,A,21658(a),False,1,I-880 S/B,,,7/13/2017 3:20:51 PM,A,S,750.0,5th Ave,F,,D,7/13/2017 3:21:39 PM,7/13/2017 3:21:39 PM,,True,2,,,,,,,
500003,9370-2017-13469,1,False,9370,7/12/2017 7:50:00 AM,750,13,14,109,Oakland,1,True,True,C,REAR END,,Wednesday,NotApplicable,False,,,False,True,False,Oakland Superior,C,OTHER MOTOR VEHICLE,,0,0,CLEAR,,NO UNUSUAL CONDITIONS,,A,DAYLIGHT,37.82239,-122.20775,,,,,A,NO PEDESTRIANS INVOLVED,7/12/2017 12:00:00 AM,A,22350,False,1,SR-13  N/B,,,7/13/2017 12:07:05 PM,A,N,239.0,Park Blvd,F,,D,7/13/2017 12:07:39 PM,7/13/2017 12:07:39 PM,,True,2,,,,,,,
499977,9370-2017-13472,1,False,9370,7/12/2017 8:40:00 AM,840,25,14,109,Oakland,1,True,True,C,REAR END,,Wednesday,NotApplicable,False,,,False,True,False,Oakland Superior,C,OTHER MOTOR VEHICLE,,0,0,CLEAR,,NO UNUSUAL CONDITIONS,,A,DAYLIGHT,37.829195,-122.267597,,,,,A,NO PEDESTRIANS INVOLVED,7/12/2017 12:00:00 AM,A,22350,False,1,SR-24 W/B TO I-580,,,7/13/2017 11:45:48 AM,A,W,130.0,40th St,F,,D,7/13/2017 11:46:30 AM,7/13/2017 11:46:30 AM,,True,2,,,,,,,
499606,9370-2017-13466,1,False,9370,7/11/2017 7:30:00 PM,1930,176,14,109,Oakland,1,True,True,C,REAR END,,Tuesday,Yes,False,,,False,True,True,Oakland Superior,C,OTHER MOTOR VEHICLE,,1,0,CLEAR,,NO UNUSUAL CONDITIONS,,A,DAYLIGHT,37.462703,-122.13497,,,,,A,NO PEDESTRIANS INVOLVED,7/11/2017 12:00:00 AM,A,22350,False,3,I-880 N/B,,,7/13/2017 7:35:50 AM,A,S,840.0,29th Ave,F,,D,7/13/2017 7:36:32 AM,7/13/2017 7:36:32 AM,,True,2,,,,,,,
499597,9370-2017-13481,1,False,9370,5/25/2017 4:45:00 PM,1645,8,14,109,Oakland,1,True,True,B,SIDE SWIPE,,Thursday,NotApplicable,False,,,False,True,False,Oakland Superior,C,OTHER MOTOR VEHICLE,,0,0,CLEAR,,NO UNUSUAL CONDITIONS,,Counter Report / Late-ReportedA,DAYLIGHT,37.825011,-122.312611,,,,,A,NO PEDESTRIANS INVOLVED,5/25/2017 12:00:00 AM,A,21658(a),False,,I-80 W/B,,,7/13/2017 7:26:59 AM,A,E,327.0,SFO BAY BRIDGE TOLL PLAZA,F,,D,7/13/2017 7:27:30 AM,7/13/2017 7:27:30 AM,,True,2,,,,,,,
499441,9370-2017-13470,1,False,9370,7/11/2017 10:00:00 AM,1000,53,14,109,Oakland,1,True,True,C,REAR END,,Tuesday,NotApplicable,False,,,False,True,False,Oakland Superior,C,OTHER MOTOR VEHICLE,,0,0,CLEAR,,NO UNUSUAL CONDITIONS,,A,DAYLIGHT,37.794397,-122.205952,,,,,A,NO PEDESTRIANS INVOLVED,7/11/2017 12:00:00 AM,A,22350,False,1,I-580 W/B,,,7/12/2017 4:57:04 PM,A,E,1630.0,Coolidge Ave,F,,D,7/12/2017 4:57:32 PM,7/12/2017 4:57:32 PM,,True,2,,,,,,,
499192,9370-2017-13464,1,False,9370,7/11/2017 4:00:00 PM,1600,13,14,109,Oakland,1,True,True,C,REAR END,,Tuesday,NotApplicable,False,,,False,True,False,Oakland Superior,C,OTHER MOTOR VEHICLE,,0,0,CLEAR,,NO UNUSUAL CONDITIONS,,A,DAYLIGHT,37.78597,-122.17953,,,,,A,NO PEDESTRIANS INVOLVED,7/11/2017 12:00:00 AM,A,22350,False,2,SR-13 S/B,,,7/12/2017 1:51:01 PM,A,N,827.0,I-580 W/B,F,,D,7/12/2017 1:51:31 PM,7/12/2017 1:51:31 PM,,True,2,,,,,,,