collision-id,report-number,report-version,is-preliminary,ncic-code,crash-date-time,crash-time-description,beat,city-id,city-code,city-name,county-code,city-is-active,city-is-incorporated,collision-type-code,collision-type-description,collision-type-other-desc,day-of-week,dispatch-notified,has-photographs,hit-run,is-attachments-mailed,is-deleted,is-highway-related,is-tow-away,judicial-district,motor-vehicle-involved-with-code,motor-vehicle-involved-with-desc,motor-vehicle-involved-with-other-desc,number-injured,number-killed,weather-1,weather-2,road-condition-1,road-condition-2,special-condition-lighting-code,lighting-description,latitude,longitude,milepost-direction,milepost-distance,milepost-marker,milepost-unit-of-measure,pedestrian-action-code,pedestrian-action-desc,prepared-date,primary-collision-factor-code,primary-collision-factor-violation,primary-collision-factor-is-cited,primary-collision-party-number,primary-road,reporting-district,reporting-district-code,reviewed-date,roadway-surface-code,secondary-direction,secondary-distance,secondary-road,secondary-unit-of-measure,sketch-desc,traffic-control-device-code,created-date,modified-date,is-county-road,is-freeway,chp-555-version,is-additonal-object-struck,notification-date,notification-time-description,has-digital-media-files,evidence-number,is-location-refer-to-narrative,is-aoi-one-same-as-location
517863,9370-2017-13767,1,False,9370,8/2/2017 2:38:00 PM,1438,13,14,109,Oakland,1,True,True,C,REAR END,,Wednesday,NotApplicable,False,,,False,True,False,Oakland Superior,C,OTHER MOTOR VEHICLE,,0,0,CLEAR,,NO UNUSUAL CONDITIONS,,A,DAYLIGHT,37.838005,-122.221463,,,,,A,NO PEDESTRIANS INVOLVED,8/2/2017 12:00:00 AM,A,22350,False,1,SR-13 N/B,,,8/7/2017 11:13:22 AM,A,S,1540.0,Broadway Ter,F,,D,8/7/2017 11:14:00 AM,8/7/2017 11:14:00 AM,,True,2,,,,,,,
517668,9370-2017-08078,1,False,9370,1/22/2017 5:09:00 AM,509,177,14,109,Oakland,1,True,True,E,HIT OBJECT,,Sunday,Yes,False,,,False,True,True,Oakland Superior,I,FIXED OBJECT,Raised Concrete Wall,0,1,RAINING,,NO UNUSUAL CONDITIONS,,FatalC,DARK-STREET LIGHTS,37.78976,-122.25655,,,,,A,NO PEDESTRIANS INVOLVED,1/22/2017 12:00:00 AM,A,22107,False,1,I-880 N/B,,,8/7/2017 9:23:45 AM,B,S,1223.0,5th Avenue,F,,D,8/7/2017 9:24:29 AM,8/7/2017 9:24:29 AM,,True,2,,,,,,,
517556,9370-2017-13781,1,False,9370,8/3/2017 10:35:00 AM,1035,24,14,109,Oakland,1,True,True,C,REAR END,,Thursday,Yes,False,,,False,True,True,Oakland Superior,C,OTHER MOTOR VEHICLE,,0,0,CLEAR,,NO UNUSUAL CONDITIONS,,A,DAYLIGHT,37.849112,-122.230268,,,,,A,NO PEDESTRIANS INVOLVED,8/3/2017 12:00:00 AM,A,23152(a),True,1,SR-24 W/B,,,8/7/2017 8:09:04 AM,A,W,360.0,SR-13,F,,D,8/7/2017 8:09:49 AM,8/7/2017 8:09:49 AM,,True,2,,,,,,,
517511,9370-2017-13760,1,False,9370,8/2/2017 11:00:00 AM,1100,177,14,109,Oakland,1,True,True,B,SIDE SWIPE,,Wednesday,NotApplicable,False,M,,False,True,False,Oakland Superior,C,OTHER MOTOR VEHICLE,,0,0,CLEAR,,NO UNUSUAL CONDITIONS,,A,DAYLIGHT,37.7944,-122.26451,,,,,A,NO PEDESTRIANS INVOLVED,8/2/2017 12:00:00 AM,A,21658(a),False,1,I-880 N/B,,,8/7/2017 7:22:32 AM,A,S,500.0,Oak St,F,,D,8/7/2017 7:23:11 AM,8/7/2017 7:23:11 AM,,True,2,,,,,,,
517429,9370-2017-13496,1,False,9370,7/13/2017 4:33:00 PM,1633,179,14,109,Oakland,1,True,True,B,SIDE SWIPE,,Thursday,NotApplicable,False,,,False,True,False,Oakland Superior,C,OTHER MOTOR VEHICLE,,0,0,CLEAR,,NO UNUSUAL CONDITIONS,,A,DAYLIGHT,37.822936,-122.291736,,,,,A,NO PEDESTRIANS INVOLVED,7/13/2017 12:00:00 AM,A,21658(a),False,1,I-880 N/B TO I-80 E/B,,,8/6/2017 8:31:56 PM,A,N,1654.0,West Grand Avenue,F,,D,8/6/2017 8:32:31 PM,8/6/2017 8:32:31 PM,,True,2,,,,,,,
517417,9370-2017-13742,2,False,9370,7/30/2017 7:25:00 PM,1925,8,14,109,Oakland,1,True,True,C,REAR END,,Sunday,NotApplicable,False,M,,False,True,False,Oakland Superior,C,OTHER MOTOR VEHICLE,,0,0,CLEAR,,NO UNUSUAL CONDITIONS,,A,DAYLIGHT,37.49587,-122.17403,,,,,A,NO PEDESTRIANS INVOLVED,7/30/2017 12:00:00 AM,A,22350,False,2,I-80 W/B,,,8/20/2017 7:52:37 AM,A,W,1900.0,POWELL STREET,F,,D,8/6/2017 7:49:23 PM,8/20/2017 7:52:51 AM,,True,2,,,,,,,
517415,9370-2017-13701,2,False,9370,7/29/2017 10:30:00 AM,1030,53,14,109,Oakland,1,True,True,B,SIDE SWIPE,,Saturday,Yes,False,,,False,True,True,Oakland Superior,C,OTHER MOTOR VEHICLE,,1,0,CLEAR,,NO UNUSUAL CONDITIONS,,A,DAYLIGHT,37.797207,-122.213042,,,,,A,NO PEDESTRIANS INVOLVED,7/29/2017 12:00:00 AM,A,21658(a),False,3,I-580 E/B,,,8/21/2017 7:22:02 AM,A,W,15.0,Boston Ave,F,,D,8/6/2017 7:40:49 PM,8/21/2017 7:23:04 AM,,True,2,,,,,,,
517406,9370-2017-13692,2,False,9370,7/28/2017 5:10:00 PM,1710,13,14,109,Oakland,1,True,True,C,REAR END,,Friday,NotApplicable,False,,,False,True,False,Oakland Superior,C,OTHER MOTOR VEHICLE,,0,0,CLEAR,,NO UNUSUAL CONDITIONS,,A,DAYLIGHT,37.82646,-122.21109,,,,,A,NO PEDESTRIANS INVOLVED,7/28/2017 12:00:00 AM,A,22350,False,3,SR-13 N/B,,,8/11/2017 5:15:47 PM,A,S,932.0,Moraga Ave,F,,D,8/6/2017 6:56:27 PM,8/11/2017 5:16:30 PM,,True,2,,,,,,,
517405,9370-2017-13815,1,False,9370,7/29/2017 12:45:00 PM,1245,177,14,109,Oakland,1,True,True,C,REAR END,,Saturday,NotApplicable,False,M,,False,True,False,Oakland Superior,C,OTHER MOTOR VEHICLE,,0,0,CLEAR,,NO UNUSUAL CONDITIONS,,A,DAYLIGHT,37.79443,-122.26546,,,,,A,NO PEDESTRIANS INVOLVED,7/29/2017 12:00:00 AM,A,22106,False,1,I-880 S/B,,,8/6/2017 6:52:53 PM,A,S,400.0,Oak St,F,,D,8/6/2017 6:53:25 PM,8/6/2017 6:53:25 PM,,True,2,,,,,,,
517402,9370-2017-13724,1,False,9370,7/30/2017 7:23:00 PM,1923,53,14,109,Oakland,1,True,True,F,OVERTURNED,,Sunday,Yes,False,,,False,True,False,Oakland Superior,A,NON-COLLISION,,1,0,CLEAR,,NO UNUSUAL CONDITIONS,,A,DAYLIGHT,37.78818,-122.19887,,,,,A,NO PEDESTRIANS INVOLVED,7/30/2017 12:00:00 AM,A,22107,False,1,I-580 E/B,,,8/6/2017 6:38:46 PM,A,W,1000.0,High St,F,,D,8/6/2017 6:39:31 PM,8/6/2017 6:39:31 PM,,True,2,,,,,,,
517400,9370-2017-13722,1,False,9370,7/29/2017 9:53:00 PM,2153,177,14,109,Oakland,1,True,True,E,HIT OBJECT,,Saturday,Yes,False,,,False,True,True,Oakland Superior,J,OTHER OBJECT,METAL SIGN,1,0,CLEAR,,NO UNUSUAL CONDITIONS,,C,DARK-STREET LIGHTS,37.75397,-122.20844,,,,,A,NO PEDESTRIANS INVOLVED,7/29/2017 12:00:00 AM,A,22107,False,1,I-880 SOUTHBOUND FROM 66th avenue w/b,,,8/6/2017 6:35:10 PM,A,N,22.0,66th Ave,F,,D,8/6/2017 6:35:54 PM,8/6/2017 6:35:54 PM,,True,2,,,,,,,
517397,9370-2017-13723,1,False,9370,7/30/2017 2:33:00 AM,233,8,14,109,Oakland,1,True,True,B,SIDE SWIPE,,Sunday,Yes,False,,,False,True,True,Oakland Superior,C,OTHER MOTOR VEHICLE,,0,0,CLEAR,,NO UNUSUAL CONDITIONS,,C,DARK-STREET LIGHTS,37.8323,-122.29423,,,,,A,NO PEDESTRIANS INVOLVED,7/30/2017 12:00:00 AM,A,23152(a),True,1,I-80 W/B,,,8/6/2017 6:10:04 PM,A,W,2460.0,Powell St,F,,D,8/6/2017 6:10:45 PM,8/6/2017 6:10:45 PM,,True,2,,,,,,,
517354,9335-2017-13050,1,False,9335,7/26/2017 7:35:00 AM,735,82,14,109,Oakland,1,True,True,B,SIDE SWIPE,,Wednesday,NotApplicable,False,,,False,True,False,Oakland Superior,C,OTHER MOTOR VEHICLE,,0,0,CLOUDY,,NO UNUSUAL CONDITIONS,,A,DAYLIGHT,37.82445,-122.31499,,,,,A,NO PEDESTRIANS INVOLVED,7/26/2017 12:00:00 AM,B,Unsafe Merging,,1,I-80 W/B,,,8/6/2017 2:51:00 PM,A,W,320.0,SFOBB Toll Plaza,F,,D,8/6/2017 2:51:34 PM,8/6/2017 2:51:34 PM,,True,2,,,,,,,
517348,9370-2017-13728,1,False,9370,7/31/2017 8:51:00 AM,851,52,14,109,Oakland,1,True,True,E,HIT OBJECT,,Monday,NotApplicable,False,,,False,True,False,Oakland Superior,I,FIXED OBJECT,Concrete Center Divide,0,0,CLEAR,,NO UNUSUAL CONDITIONS,,A,DAYLIGHT,37.773939,-122.159326,,,,,A,NO PEDESTRIANS INVOLVED,7/31/2017 12:00:00 AM,C,,,,I-580 W/B,,,8/6/2017 2:17:49 PM,A,W,750.0,Keller Ave,F,,A,8/6/2017 2:18:20 PM,8/6/2017 2:18:20 PM,,True,2,,,,,,,
517337,9370-2017-13807,1,False,9370,8/5/2017 4:35:00 PM,1635,54,14,109,Oakland,1,True,True,C,REAR END,,Saturday,NotApplicable,False,M,,False,True,True,Oakland Superior,C,OTHER MOTOR VEHICLE,,0,0,CLEAR,,NO UNUSUAL CONDITIONS,,A,DAYLIGHT,37.805929,-122.236596,,,,,A,NO PEDESTRIANS INVOLVED,8/5/2017 12:00:00 AM,A,22350 vc,False,1,I-580 eastbound,,,8/6/2017 1:04:24 PM,A,W,1042.0,park boulevard,F,,D,8/6/2017 1:04:59 PM,8/6/2017 1:04:59 PM,,True,2,,,,,,,
517334,9370-2017-13798,1,False,9370,8/5/2017 1:50:00 PM,1350,24,14,109,Oakland,1,True,True,C,REAR END,,Saturday,NotApplicable,False,,,False,True,True,Oakland Superior,C,OTHER MOTOR VEHICLE,,3,0,CLEAR,,NO UNUSUAL CONDITIONS,,A,DAYLIGHT,37.84917,-122.23006,,,,,A,NO PEDESTRIANS INVOLVED,8/5/2017 12:00:00 AM,A,22350,False,1,SR-24 W/B,,,8/6/2017 12:56:46 PM,A,W,20.0,SR-13,F,,D,8/6/2017 12:57:22 PM,8/6/2017 12:57:22 PM,,True,2,,,,,,,
517331,9370-2017-13725,1,False,9370,7/31/2017 1:29:00 AM,129,176,14,109,Oakland,1,True,True,C,REAR END,,Monday,Yes,False,,,False,True,True,Oakland Superior,C,OTHER MOTOR VEHICLE,,1,0,CLEAR,,REDUCED ROADWAY WIDTH,,D,DARK-NO STREET LIGHTS,37.78308,-122.24074,,,,,A,NO PEDESTRIANS INVOLVED,7/31/2017 12:00:00 AM,A,23152(a),True,1,I-880 S/B,,,8/6/2017 12:51:46 PM,A,N,2500.0,23rd Ave,F,,D,8/6/2017 12:52:29 PM,8/6/2017 12:52:29 PM,,True,2,,,,,,,
517316,9370-2017-13712,1,False,9370,7/29/2017 11:45:00 AM,1145,176,14,109,Oakland,1,True,True,C,REAR END,,Saturday,Yes,True,,,False,True,True,Oakland Superior,C,OTHER MOTOR VEHICLE,,4,0,CLEAR,,NO UNUSUAL CONDITIONS,,A,DAYLIGHT,37.772464,-122.225972,,,,,A,NO PEDESTRIANS INVOLVED,7/29/2017 12:00:00 AM,A,22350,False,1,I-880 S/B,,,8/6/2017 11:36:02 AM,A,N,2345.0,42nd Ave,F,,D,8/6/2017 11:37:02 AM,8/6/2017 11:37:02 AM,,True,2,,,,,,,
517313,9370-2017-13674,1,False,9370,7/26/2017 5:15:00 PM,1715,55,14,109,Oakland,1,True,True,C,REAR END,,Wednesday,Yes,False,,,False,True,False,Oakland Superior,C,OTHER MOTOR VEHICLE,,1,0,CLEAR,,NO UNUSUAL CONDITIONS,,A,DAYLIGHT,37.827292,-122.284866,,,,,A,NO PEDESTRIANS INVOLVED,7/26/2017 12:00:00 AM,A,22350 VC,False,1,I-580 W/B,,,8/6/2017 11:29:22 AM,A,W,38.0,Hollis St,F,,D,8/6/2017 11:30:04 AM,8/6/2017 11:30:04 AM,,True,2,,,,,,,
517295,9370-2017-13681,1,False,9370,7/27/2017 9:00:00 AM,900,177,14,109,Oakland,1,True,True,B,SIDE SWIPE,,Thursday,NotApplicable,False,M,,False,True,False,Oakland Superior,C,OTHER MOTOR VEHICLE,,0,0,CLEAR,,NO UNUSUAL CONDITIONS,,A,DAYLIGHT,37.77557,-122.23342,,,,,A,NO PEDESTRIANS INVOLVED,7/27/2017 12:00:00 AM,A,22107,False,1,I-880 N/B,,,8/6/2017 9:48:06 AM,A,N,250.0,29th Ave,F,,D,8/6/2017 9:48:40 AM,8/6/2017 9:48:40 AM,,True,2,,,,,,,
517279,9370-2017-13710,1,False,9370,7/30/2017 2:40:00 AM,240,176,14,109,Oakland,1,True,True,B,SIDE SWIPE,,Sunday,NotApplicable,False,,,False,True,False,Oakland Superior,C,OTHER MOTOR VEHICLE,,0,0,CLEAR,,REDUCED ROADWAY WIDTH,,D,DARK-NO STREET LIGHTS,37.78308,-122.24021,,,,,A,NO PEDESTRIANS INVOLVED,7/30/2017 12:00:00 AM,A,21658(a),False,1,I-880 S/B,,,8/6/2017 8:03:04 AM,A,N,900.0,23rd Ave,F,,D,8/6/2017 8:03:37 AM,8/6/2017 8:03:37 AM,,True,2,,,,,,,
517276,9370-2017-13797,1,False,9370,8/5/2017 11:00:00 AM,1100,8,14,109,Oakland,1,True,True,C,REAR END,,Saturday,NotApplicable,False,,,False,True,False,Oakland Superior,C,OTHER MOTOR VEHICLE,,1,0,CLEAR,,NO UNUSUAL CONDITIONS,,A,DAYLIGHT,37.49301,-122.184948,,,,,A,NO PEDESTRIANS INVOLVED,8/5/2017 12:00:00 AM,A,22350,False,1,I-80 W/B,,,8/6/2017 7:59:03 AM,A,E,25.0,SF BAY BRIDGE TOLL PLAZA,F,,D,8/6/2017 7:59:40 AM,8/6/2017 7:59:40 AM,,True,2,,,,,,,
517198,9335-2017-13047,1,False,9335,7/26/2017 8:50:00 AM,850,82,14,109,Oakland,1,True,True,C,REAR END,,Wednesday,NotApplicable,False,,,False,True,False,Oakland Superior,C,OTHER MOTOR VEHICLE,,1,0,CLOUDY,,NO UNUSUAL CONDITIONS,,A,DAYLIGHT,37.821023,-122.336823,E,1000.0,77 ALA 5.348,F,A,NO PEDESTRIANS INVOLVED,7/26/2017 12:00:00 AM,A,21658(a),False,2,I-80 W/B,,,8/5/2017 4:10:42 PM,A,E,1000.0,SF/ALAMEDA COUNTY LINE,F,,D,8/5/2017 4:11:26 PM,8/5/2017 4:11:26 PM,,True,2,,,,,,,
517193,9370-2017-13706,1,False,9370,7/29/2017 1:10:00 PM,1310,176,14,109,Oakland,1,True,True,C,REAR END,,Saturday,Yes,False,,,False,True,True,Oakland Superior,C,OTHER MOTOR VEHICLE,,2,0,CLEAR,,NO UNUSUAL CONDITIONS,,A,DAYLIGHT,37.772303,-122.224831,,,,,A,NO PEDESTRIANS INVOLVED,7/29/2017 12:00:00 AM,A,22350 VC,False,1,I-880 N/B,,,8/5/2017 3:49:19 PM,A,S,940.0,Fruitvale Ave,F,,D,8/5/2017 3:50:05 PM,8/5/2017 3:50:05 PM,,True,2,,,,,,,
517191,9370-2017-13688,1,False,9370,7/27/2017 1:55:00 PM,1355,24,14,109,Oakland,1,True,True,C,REAR END,,Thursday,Yes,False,,,False,True,True,Oakland Superior,C,OTHER MOTOR VEHICLE,,3,0,CLEAR,,NO UNUSUAL CONDITIONS,,A,DAYLIGHT,37.84904,-122.229293,,,,,A,NO PEDESTRIANS INVOLVED,7/27/2017 12:00:00 AM,A,22350 VC,False,1,SR-24 W/B,,,8/5/2017 3:44:02 PM,A,W,33.0,SR-13 S/B,F,,D,8/5/2017 3:44:46 PM,8/5/2017 3:44:46 PM,,True,2,,,,,,,
517140,9370-2017-13735,1,False,9370,8/1/2017 6:05:00 AM,605,177,14,109,Oakland,1,True,True,C,REAR END,,Tuesday,NotApplicable,False,,,False,True,False,Oakland Superior,C,OTHER MOTOR VEHICLE,,0,0,CLEAR,,NO UNUSUAL CONDITIONS,,B,DUSK-DAWN,37.784933,-122.243134,,,,,A,NO PEDESTRIANS INVOLVED,8/1/2017 12:00:00 AM,A,22350,False,1,I-880 S/B,,,8/5/2017 11:09:17 AM,A,S,436.0,16th Ave,F,,D,8/5/2017 11:09:49 AM,8/5/2017 11:09:49 AM,,True,2,,,,,,,
517102,9370-2017-13684,1,False,9370,7/27/2017 5:27:00 PM,1727,8,14,109,Oakland,1,True,True,C,REAR END,,Thursday,NotApplicable,False,,,False,True,True,Oakland Superior,C,OTHER MOTOR VEHICLE,,0,0,CLEAR,,NO UNUSUAL CONDITIONS,,A,DAYLIGHT,37.82512,-122.30508,,,,,A,NO PEDESTRIANS INVOLVED,7/27/2017 12:00:00 AM,A,22350,False,1,I-80 E/B,,,8/5/2017 8:50:12 AM,A,E,58.0,the I-880 N/B to I-80 W/B over-crossing,F,,D,8/5/2017 8:50:42 AM,8/5/2017 8:50:42 AM,,True,2,,,,,,,
517096,9370-2017-13693,1,False,9370,7/28/2017 1:05:00 PM,1305,13,14,109,Oakland,1,True,True,C,REAR END,,Friday,NotApplicable,False,,,False,True,True,Oakland Superior,C,OTHER MOTOR VEHICLE,,1,0,CLEAR,,NO UNUSUAL CONDITIONS,,A,DAYLIGHT,37.82112,-122.20668,,,,,A,NO PEDESTRIANS INVOLVED,7/28/2017 12:00:00 AM,A,22350,False,3,SR-13 N/B,,,8/5/2017 8:18:53 AM,A,S,250.0,Park Blvd.,F,,D,8/5/2017 8:19:28 AM,8/5/2017 8:19:28 AM,,True,2,,,,,,,
517068,9370-2017-13784,1,False,9370,8/3/2017 9:20:00 AM,920,55,14,109,Oakland,1,True,True,C,REAR END,,Thursday,NotApplicable,False,,,False,True,True,Oakland Superior,C,OTHER MOTOR VEHICLE,,0,0,CLEAR,,NO UNUSUAL CONDITIONS,,A,DAYLIGHT,37.826958,-122.289264,,,,,A,NO PEDESTRIANS INVOLVED,8/3/2017 12:00:00 AM,A,22350,False,1,I-580 W/B,,,8/4/2017 7:46:38 PM,A,W,475.0,Hollis St,F,,D,8/4/2017 7:47:07 PM,8/4/2017 7:47:07 PM,,True,2,,,,,,,
517053,9370-2017-13787,1,False,9370,7/28/2017 10:20:00 AM,1020,176,14,109,Oakland,1,True,True,C,REAR END,,Friday,NotApplicable,False,M,,False,True,False,Oakland Superior,C,OTHER MOTOR VEHICLE,,0,0,CLEAR,,NO UNUSUAL CONDITIONS,,A,DAYLIGHT,37.76101,-122.21393,,,,,A,NO PEDESTRIANS INVOLVED,7/28/2017 12:00:00 AM,A,22350,False,1,I-880 N/B,,,8/4/2017 5:40:20 PM,A,S,3200.0,High St,F,,D,8/4/2017 5:41:00 PM,8/4/2017 5:41:00 PM,,True,2,,,,,,,
516991,9370-2017-13762,1,False,9370,8/2/2017 4:30:00 PM,1630,53,14,109,Oakland,1,True,True,B,SIDE SWIPE,,Wednesday,NotApplicable,False,M,,False,True,False,Oakland Superior,C,OTHER MOTOR VEHICLE,,0,0,CLEAR,,NO UNUSUAL CONDITIONS,,A,DAYLIGHT,37.7908,-122.20232,,,,,A,NO PEDESTRIANS INVOLVED,8/2/2017 12:00:00 AM,A,21658(a),False,1,I-580 E/B,,,8/4/2017 3:13:33 PM,A,E,600.0,35th Ave,F,,D,8/4/2017 3:14:08 PM,8/4/2017 3:14:08 PM,,True,2,,,,,,,
516921,9370-2017-13766,1,False,9370,8/2/2017 5:28:00 PM,1728,25,14,109,Oakland,1,True,True,C,REAR END,,Wednesday,NotApplicable,False,,,False,True,False,Oakland Superior,C,OTHER MOTOR VEHICLE,,0,0,CLEAR,,NO UNUSUAL CONDITIONS,,A,DAYLIGHT,37.828709,-122.267678,,,,,A,NO PEDESTRIANS INVOLVED,8/2/2017 12:00:00 AM,A,22350,False,1,SR-24 W/B to I-580,,,8/4/2017 1:53:30 PM,A,W,302.0,40th St,F,,D,8/4/2017 1:54:05 PM,8/4/2017 1:54:05 PM,,True,2,,,,,,,
516887,9370-2017-13763,1,False,9370,8/2/2017 5:05:00 PM,1705,53,14,109,Oakland,1,True,True,C,REAR END,,Wednesday,NotApplicable,False,M,,False,True,False,Oakland Superior,C,OTHER MOTOR VEHICLE,,1,0,CLEAR,,NO UNUSUAL CONDITIONS,,A,DAYLIGHT,37.79868,-122.21917,,,,,A,NO PEDESTRIANS INVOLVED,8/2/2017 12:00:00 AM,A,22350,False,1,I-580 E/B,,,8/4/2017 1:19:18 PM,A,W,610.0,Fruitvale Ave,F,,D,8/4/2017 1:21:22 PM,8/4/2017 1:21:22 PM,,True,2,,,,,,,
516842,9370-2017-13708,1,False,9370,7/29/2017 2:25:00 PM,1425,25,14,109,Oakland,1,True,True,C,REAR END,,Saturday,NotApplicable,False,,,False,True,False,Oakland Superior,C,OTHER MOTOR VEHICLE,,0,0,CLEAR,,NO UNUSUAL CONDITIONS,,A,DAYLIGHT,37.832423,-122.26687,,,,,A,NO PEDESTRIANS INVOLVED,7/29/2017 12:00:00 AM,A,22350,False,3,SR-24 W/B,,,8/4/2017 12:27:23 PM,A,W,370.0,40TH ST,F,,D,8/4/2017 12:27:58 PM,8/4/2017 12:27:58 PM,,True,2,,,,,,,
516360,9335-2017-13103,4,False,9335,7/10/2017 5:17:00 AM,517,82,14,109,Oakland,1,True,True,B,SIDE SWIPE,,Monday,NotApplicable,True,M,,False,True,False,Oakland Superior,D,MOTOR VEHICLE ON OTHER ROADWAY,,0,0,CLEAR,,NO UNUSUAL CONDITIONS,,B,DUSK-DAWN,37.824679,-122.31572,,,,,A,NO PEDESTRIANS INVOLVED,7/24/2017 12:00:00 AM,D,,,1,I-80 W/B,,,8/24/2017 11:36:43 PM,A,W,515.0,BAY BRIDGE TOLL PLAZA,F,,D,8/3/2017 6:59:19 PM,8/25/2017 3:37:32 PM,,True,2,,,,,,,
516193,9335-2017-13031,1,False,9335,7/24/2017 9:02:00 AM,902,82,14,109,Oakland,1,True,True,C,REAR END,,Monday,NotApplicable,False,,,False,True,True,Oakland Superior,C,OTHER MOTOR VEHICLE,,0,0,CLEAR,,NO UNUSUAL CONDITIONS,,A,DAYLIGHT,37.820934,-122.337712,,,,,A,NO PEDESTRIANS INVOLVED,7/24/2017 12:00:00 AM,A,22350,False,1,I-80 W/B,,,8/3/2017 3:00:09 PM,A,W,1.33,SFOBB TOLL PLAZA,M,,D,8/3/2017 3:00:46 PM,8/3/2017 3:00:46 PM,,True,2,,,,,,,
516111,9370-2017-13769,1,False,9370,8/1/2017 10:30:00 PM,2230,176,14,109,Oakland,1,True,True,B,SIDE SWIPE,,Tuesday,NotApplicable,False,,,False,True,False,Oakland Superior,C,OTHER MOTOR VEHICLE,,0,0,CLEAR,,NO UNUSUAL CONDITIONS,,D,DARK-NO STREET LIGHTS,37.737134,-122.193156,,,,,A,NO PEDESTRIANS INVOLVED,8/1/2017 12:00:00 AM,A,21658(a),False,1,I-880 N/B,,,8/3/2017 2:03:47 PM,A,S,0.3,Hegenberger Rd,M,,D,8/3/2017 2:04:36 PM,8/3/2017 2:04:36 PM,,True,2,,,,,,,
538964,9370-2017-14137,1,False,9370,8/31/2017 12:00:00 PM,1200,176,14,109,Oakland,1,True,True,C,REAR END,,Thursday,NotApplicable,False,,,False,True,False,Oakland Superior,C,OTHER MOTOR VEHICLE,,0,0,CLEAR,,NO UNUSUAL CONDITIONS,,A,DAYLIGHT,37.729313,-122.186708,,,,,A,NO PEDESTRIANS INVOLVED,8/31/2017 12:00:00 AM,D,,,,I-880 S/B,,,9/1/2017 12:30:08 PM,A,S,985.0,98th Ave,F,,D,9/1/2017 12:30:42 PM,9/1/2017 12:30:42 PM,,True,2,,,,,,,
538799,9370-2017-14126,1,False,9370,8/29/2017 7:00:00 PM,1900,176,14,109,Oakland,1,True,True,C,REAR END,,Tuesday,NotApplicable,False,,,False,True,True,Oakland Superior,C,OTHER MOTOR VEHICLE,,1,0,CLEAR,,NO UNUSUAL CONDITIONS,,A,DAYLIGHT,37.433432,-122.11132,,,,,A,NO PEDESTRIANS INVOLVED,8/29/2017 12:00:00 AM,A,22350,False,1,I-880 N/B,,,9/1/2017 9:57:48 AM,A,S,2416.0,98th Ave,F,,D,9/1/2017 9:58:43 AM,9/1/2017 9:58:43 AM,,True,2,,,,,,,
538730,9370-2017-14085,1,False,9370,8/26/2017 7:17:00 AM,717,177,14,109,Oakland,1,True,True,C,REAR END,,Saturday,NotApplicable,False,,,False,True,True,Oakland Superior,C,OTHER MOTOR VEHICLE,,0,0,CLEAR,,NO UNUSUAL CONDITIONS,,A,DAYLIGHT,37.77687,-122.23642,,,,,A,NO PEDESTRIANS INVOLVED,8/26/2017 12:00:00 AM,A,22350,False,1,I-880 S/B,,,9/1/2017 9:22:56 AM,A,S,300.0,23rd Ave,F,,D,9/1/2017 9:23:56 AM,9/1/2017 9:23:56 AM,,True,2,,,,,,,
538662,9370-2017-14054,1,False,9370,8/23/2017 8:23:00 PM,2023,176,14,109,Oakland,1,True,True,C,REAR END,,Wednesday,Yes,False,M,,False,True,True,Oakland Superior,C,OTHER MOTOR VEHICLE,,0,0,CLEAR,,NO UNUSUAL CONDITIONS,,B,DUSK-DAWN,37.731445,-122.187146,,,,,A,NO PEDESTRIANS INVOLVED,8/23/2017 12:00:00 AM,A,22350,False,2,I-880 N/B to 98th Ave,,,9/1/2017 8:39:00 AM,A,S,300.0,98th Ave,F,,A,9/1/2017 8:39:33 AM,9/1/2017 8:39:33 AM,,True,2,,,,,,,
538251,9370-2017-14052,1,False,9370,8/23/2017 5:56:00 PM,1756,98,14,109,Oakland,1,True,True,B,SIDE SWIPE,,Wednesday,NotApplicable,False,M,,False,True,True,Oakland Superior,C,OTHER MOTOR VEHICLE,,0,0,CLEAR,,NO UNUSUAL CONDITIONS,,A,DAYLIGHT,37.79646,-122.27067,,,,,A,NO PEDESTRIANS INVOLVED,8/23/2017 12:00:00 AM,A,22107,False,1,I-980 W/B TO JACKSON ST,,,8/31/2017 2:15:26 PM,A,W,180.0,Harrison St,F,,D,8/31/2017 2:18:47 PM,8/31/2017 2:18:47 PM,,True,2,,,,,,,