collision-id,report-number,report-version,is-preliminary,ncic-code,crash-date-time,crash-time-description,beat,city-id,city-code,city-name,county-code,city-is-active,city-is-incorporated,collision-type-code,collision-type-description,collision-type-other-desc,day-of-week,dispatch-notified,has-photographs,hit-run,is-attachments-mailed,is-deleted,is-highway-related,is-tow-away,judicial-district,motor-vehicle-involved-with-code,motor-vehicle-involved-with-desc,motor-vehicle-involved-with-other-desc,number-injured,number-killed,weather-1,weather-2,road-condition-1,road-condition-2,special-condition-lighting-code,lighting-description,latitude,longitude,milepost-direction,milepost-distance,milepost-marker,milepost-unit-of-measure,pedestrian-action-code,pedestrian-action-desc,prepared-date,primary-collision-factor-code,primary-collision-factor-violation,primary-collision-factor-is-cited,primary-collision-party-number,primary-road,reporting-district,reporting-district-code,reviewed-date,roadway-surface-code,secondary-direction,secondary-distance,secondary-road,secondary-unit-of-measure,sketch-desc,traffic-control-device-code,created-date,modified-date,is-county-road,is-freeway,chp-555-version,is-additonal-object-struck,notification-date,notification-time-description,has-digital-media-files,evidence-number,is-location-refer-to-narrative,is-aoi-one-same-as-location
527928,9370-2017-13977,1,False,9370,8/15/2017 6:15:00 PM,1815,52,14,109,Oakland,1,True,True,E,HIT OBJECT,,Tuesday,Yes,False,,,False,True,True,Oakland Superior,I,FIXED OBJECT,Concrete Barrier,1,0,CLEAR,,NO UNUSUAL CONDITIONS,,A,DAYLIGHT,37.745592,-122.150003,,,,,A,NO PEDESTRIANS INVOLVED,8/16/2017 12:00:00 AM,A,22350,False,1,I-580 E/B to 106th Ave,,,8/22/2017 7:20:09 AM,A,N,40.0,Stanley Ave,F,,A,8/22/2017 7:21:03 AM,8/22/2017 7:21:03 AM,,True,2,,,,,,,
527880,9370-2017-13794,1,False,9370,8/4/2017 11:50:00 AM,1150,8,14,109,Oakland,1,True,True,B,SIDE SWIPE,,Friday,NotApplicable,False,M,,False,True,False,Oakland Superior,C,OTHER MOTOR VEHICLE,,0,0,CLEAR,,NO UNUSUAL CONDITIONS,,A,DAYLIGHT,37.8267,-122.28967,,,,,A,NO PEDESTRIANS INVOLVED,8/4/2017 12:00:00 AM,A,21658(a),False,1,I-580 W/B TO I-80 W/B,,,8/22/2017 6:10:27 AM,A,W,200.0,Mandela Pky,F,,D,8/22/2017 6:10:57 AM,8/22/2017 6:10:57 AM,,True,2,,,,,,,
527873,9370-2017-13942,1,False,9370,8/16/2017 3:40:00 AM,340,176,14,109,Oakland,1,True,True,E,HIT OBJECT,,Wednesday,NotApplicable,False,,,False,True,False,Oakland Superior,J,OTHER OBJECT,METAL DEBRIS,0,0,CLEAR,,NO UNUSUAL CONDITIONS,,C,DARK-STREET LIGHTS,37.76711,-122.21962,,,,,A,NO PEDESTRIANS INVOLVED,8/16/2017 12:00:00 AM,C,,,,I-880 S/B,,,8/22/2017 5:55:32 AM,A,S,420.0,High St,F,,D,8/22/2017 5:56:05 AM,8/22/2017 5:56:05 AM,,True,2,,,,,,,
527853,9370-2017-13941,1,False,9370,8/16/2017 3:39:00 AM,339,176,14,109,Oakland,1,True,True,E,HIT OBJECT,,Wednesday,NotApplicable,False,,,False,True,True,Oakland Superior,J,OTHER OBJECT,METAL DEBRIS,0,0,CLEAR,,NO UNUSUAL CONDITIONS,,C,DARK-STREET LIGHTS,37.7671,-122.2196,,,,,A,NO PEDESTRIANS INVOLVED,8/16/2017 12:00:00 AM,C,,,,I-880 S/B,,,8/22/2017 5:08:21 AM,A,S,415.0,High St,F,,D,8/22/2017 5:09:19 AM,8/22/2017 5:09:19 AM,,True,2,,,,,,,
527673,9370-2017-13953,1,False,9370,8/16/2017 12:14:00 PM,1214,13,14,109,Oakland,1,True,True,C,REAR END,,Wednesday,Yes,False,,,False,True,True,Oakland Superior,C,OTHER MOTOR VEHICLE,,1,0,CLEAR,,NO UNUSUAL CONDITIONS,,A,DAYLIGHT,37.796229,-122.183366,,,,,A,NO PEDESTRIANS INVOLVED,8/16/2017 12:00:00 AM,A,22350,False,1,SR-13 N/B,,,8/21/2017 2:34:18 PM,A,S,950.0,REDWOOD RD.,F,,D,8/21/2017 2:35:01 PM,8/21/2017 2:35:01 PM,,True,2,,,,,,,
527574,9370-2017-13983,1,False,9370,8/18/2017 11:15:00 AM,1115,13,14,109,Oakland,1,True,True,E,HIT OBJECT,,Friday,NotApplicable,False,,,False,True,True,Oakland Superior,I,FIXED OBJECT,Metal Guardrail,0,0,CLEAR,,NO UNUSUAL CONDITIONS,,A,DAYLIGHT,37.787327,-122.180887,,,,,A,NO PEDESTRIANS INVOLVED,8/18/2017 12:00:00 AM,A,22107,False,1,SR-13 S/B (WARREN FWY.),,,8/21/2017 1:48:16 PM,A,N,1205.0,Calaveras Ave,F,,A,8/21/2017 1:49:13 PM,8/21/2017 1:49:13 PM,,True,2,,,,,,,
527474,9370-2017-13959,1,False,9370,8/16/2017 5:27:00 PM,1727,24,14,109,Oakland,1,True,True,C,REAR END,,Wednesday,NotApplicable,False,,,False,True,False,Oakland Superior,C,OTHER MOTOR VEHICLE,,0,0,CLEAR,,NO UNUSUAL CONDITIONS,,A,DAYLIGHT,37.85053,-122.22328,,,,,A,NO PEDESTRIANS INVOLVED,8/16/2017 12:00:00 AM,A,22350,False,1,SR-24 W/B,,,8/21/2017 12:50:43 PM,A,W,68.0,Kay Street,F,,D,8/21/2017 12:51:19 PM,8/21/2017 12:51:19 PM,,True,2,,,,,,,
527456,9370-2017-13954,1,False,9370,8/16/2017 11:59:00 AM,1159,55,14,109,Oakland,1,True,True,C,REAR END,,Wednesday,NotApplicable,False,,,False,True,True,Oakland Superior,C,OTHER MOTOR VEHICLE,,3,0,CLEAR,,NO UNUSUAL CONDITIONS,,A,DAYLIGHT,37.8259,-122.27461,,,,,A,NO PEDESTRIANS INVOLVED,8/16/2017 12:00:00 AM,A,22350,False,1,I-580 W/B,,,8/21/2017 12:32:26 PM,A,E,145.0,Market St,F,,D,8/21/2017 12:36:23 PM,8/21/2017 12:36:23 PM,,True,2,,,,,,,
527442,9370-2017-13939,1,False,9370,8/15/2017 6:03:00 PM,1803,53,14,109,Oakland,1,True,True,B,SIDE SWIPE,,Tuesday,NotApplicable,False,,,False,True,False,Oakland Superior,C,OTHER MOTOR VEHICLE,,0,0,CLEAR,,NO UNUSUAL CONDITIONS,,A,DAYLIGHT,37.51339,-122.25137,,,,,A,NO PEDESTRIANS INVOLVED,8/15/2017 12:00:00 AM,A,21658(a),False,1,I-580 E/B,,,8/21/2017 12:26:58 PM,A,E,85.0,Webster St,F,,D,8/21/2017 12:27:33 PM,8/21/2017 12:27:33 PM,,True,2,,,,,,,
527112,9370-2017-14009,1,False,9370,8/19/2017 2:00:00 PM,1400,176,14,109,Oakland,1,True,True,C,REAR END,,Saturday,NotApplicable,False,,,False,True,False,Oakland Superior,C,OTHER MOTOR VEHICLE,,0,0,CLEAR,,NO UNUSUAL CONDITIONS,,A,DAYLIGHT,37.43398,-122.110676,,,,,A,NO PEDESTRIANS INVOLVED,8/19/2017 12:00:00 AM,A,22350,False,3,I-880 N/B,,,8/21/2017 8:40:17 AM,A,S,1388.0,98th Ave,F,,D,8/21/2017 8:40:46 AM,8/21/2017 8:40:46 AM,,True,2,,,,,,,
527047,9370-2017-13994,2,False,9370,8/18/2017 11:28:00 PM,2328,98,14,109,Oakland,1,True,True,C,REAR END,,Friday,NotApplicable,False,,,False,True,True,Oakland Superior,C,OTHER MOTOR VEHICLE,,2,0,CLEAR,,NO UNUSUAL CONDITIONS,,D,DARK-NO STREET LIGHTS,37.814594,-122.271065,,,,,A,NO PEDESTRIANS INVOLVED,8/18/2017 12:00:00 AM,A,22350 vc,False,1,i-980 eastbound,,,11/10/2017 10:35:49 AM,A,W,738.0,27th street,F,,D,8/21/2017 8:04:39 AM,11/10/2017 10:35:58 AM,,True,2,,,,,,,
526976,9370-2017-13973,1,False,9370,8/17/2017 6:35:00 PM,1835,8,14,109,Oakland,1,True,True,B,SIDE SWIPE,,Thursday,Yes,False,,,False,True,True,Oakland Superior,C,OTHER MOTOR VEHICLE,,1,0,CLEAR,,NO UNUSUAL CONDITIONS,,A,DAYLIGHT,37.826129,-122.301949,,,,,A,NO PEDESTRIANS INVOLVED,8/17/2017 12:00:00 AM,A,22107,False,1,I-80 W/B,,,8/21/2017 6:53:46 AM,A,E,1250.0,RADIO ROAD,F,,D,8/21/2017 6:54:55 AM,8/21/2017 6:54:55 AM,,True,2,,,,,,,
526970,9370-2017-13899,1,False,9370,8/12/2017 5:00:00 AM,500,177,14,109,Oakland,1,True,True,C,REAR END,,Saturday,NotApplicable,False,M,,False,True,False,Oakland Superior,C,OTHER MOTOR VEHICLE,,0,0,CLEAR,,NO UNUSUAL CONDITIONS,,D,DARK-NO STREET LIGHTS,37.799949,-122.278039,,,,,A,NO PEDESTRIANS INVOLVED,8/12/2017 12:00:00 AM,A,22350,False,1,I-880 N/B,,,8/21/2017 6:45:52 AM,A,N,500.0,Broadway,F,,D,8/21/2017 6:47:30 AM,8/21/2017 6:47:30 AM,,True,2,,,,,,,
526961,9370-2017-13809,1,False,9370,8/5/2017 9:30:00 PM,2130,176,14,109,Oakland,1,True,True,C,REAR END,,Saturday,NotApplicable,False,M,,False,True,False,Oakland Superior,C,OTHER MOTOR VEHICLE,,0,0,CLEAR,,NO UNUSUAL CONDITIONS,,D,DARK-NO STREET LIGHTS,37.725233,-122.183035,,,,,A,NO PEDESTRIANS INVOLVED,8/5/2017 12:00:00 AM,A,22350,False,1,I-880 N/B,,,8/21/2017 6:25:17 AM,A,S,1600.0,98th Ave,F,,D,8/21/2017 6:25:48 AM,8/21/2017 6:25:48 AM,,True,2,,,,,,,
526935,9370-2017-13890,1,False,9370,8/11/2017 9:30:00 AM,930,8,14,109,Oakland,1,True,True,D,BROADSIDE,,Friday,No,False,,,False,True,True,Oakland Superior,C,OTHER MOTOR VEHICLE,,0,0,CLEAR,,NO UNUSUAL CONDITIONS,,A,DAYLIGHT,37.824711,-122.313742,,,,,A,NO PEDESTRIANS INVOLVED,8/11/2017 12:00:00 AM,A,21658(a),False,1,I-80 W/B,,,8/21/2017 5:18:13 AM,A,E,26.0,San Francisco-Oakland Bay Bridge TP,F,,A,8/21/2017 5:18:49 AM,8/21/2017 5:18:49 AM,,True,2,,,,,,,
526931,9370-2017-13916,1,False,9370,8/13/2017 1:50:00 AM,150,55,14,109,Oakland,1,True,True,E,HIT OBJECT,,Sunday,Yes,False,,,False,True,True,Oakland Superior,I,FIXED OBJECT,CONCRETE WALL,1,0,CLEAR,,NO UNUSUAL CONDITIONS,,C,DARK-STREET LIGHTS,37.49285,-122.16831,,,,,A,NO PEDESTRIANS INVOLVED,8/13/2017 12:00:00 AM,A,23152(a) VC,False,1,I-580 E/B TO SR-24 E/B,,,8/21/2017 4:50:18 AM,A,E,170.0,Martin Luther King Jr Way,F,,D,8/21/2017 4:51:05 AM,8/21/2017 4:51:05 AM,,True,2,,,,,,,
526904,9370-2017-13897,1,False,9370,8/12/2017 9:55:00 AM,955,52,14,109,Oakland,1,True,True,B,SIDE SWIPE,,Saturday,NotApplicable,False,,,False,True,False,Oakland Superior,C,OTHER MOTOR VEHICLE,,0,0,CLEAR,,NO UNUSUAL CONDITIONS,,A,DAYLIGHT,37.776057,-122.163212,,,,,A,NO PEDESTRIANS INVOLVED,8/12/2017 12:00:00 AM,A,21658(a),False,,I-580 W/B,,,8/20/2017 9:07:08 PM,A,E,260.0,Edwards Ave,F,,D,8/20/2017 9:07:42 PM,8/20/2017 9:07:42 PM,,True,2,,,,,,,
526902,9370-2017-13877,1,False,9370,8/10/2017 2:40:00 PM,1440,176,14,109,Oakland,1,True,True,C,REAR END,,Thursday,NotApplicable,False,M,,False,True,False,Oakland Superior,C,OTHER MOTOR VEHICLE,,0,0,CLEAR,,NO UNUSUAL CONDITIONS,,A,DAYLIGHT,37.764124,-122.216857,,,,,A,NO PEDESTRIANS INVOLVED,8/10/2017 12:00:00 AM,A,22350,False,1,I-880 N/B,,,8/20/2017 8:41:43 PM,A,S,2170.0,HIGH STREET,F,,D,8/20/2017 8:42:16 PM,8/20/2017 8:42:16 PM,,True,2,,,,,,,
526900,9370-2017-13875,1,False,9370,8/10/2017 7:50:00 PM,1950,177,14,109,Oakland,1,True,True,B,SIDE SWIPE,,Thursday,NotApplicable,False,,,False,True,True,Oakland Superior,C,OTHER MOTOR VEHICLE,,0,0,CLEAR,,NO UNUSUAL CONDITIONS,,B,DUSK-DAWN,37.47181,-122.15393,,,,,A,NO PEDESTRIANS INVOLVED,8/10/2017 12:00:00 AM,A,22107 VC,False,1,I-880 S/B,,,8/20/2017 8:25:43 PM,A,N,2050.0,16TH AVENUE,F,,D,8/20/2017 8:26:16 PM,8/20/2017 8:26:16 PM,,True,2,,,,,,,
526825,9335-2017-13185,1,False,9335,8/11/2017 2:20:00 PM,1420,82,14,109,Oakland,1,True,True,B,SIDE SWIPE,,Friday,NotApplicable,False,,,False,True,True,Oakland Superior,C,OTHER MOTOR VEHICLE,,1,0,CLEAR,,NO UNUSUAL CONDITIONS,,A,DAYLIGHT,37.8244,-122.31715,,,,,A,NO PEDESTRIANS INVOLVED,8/11/2017 12:00:00 AM,A,21658(a),False,1,I-80 W/B,,,8/20/2017 12:12:17 PM,A,E,87.0,SFOBB METERING LIGHTS,F,,A,8/20/2017 12:12:52 PM,8/20/2017 12:12:52 PM,,True,2,,,,,,,
526818,9370-2017-13910,1,False,9370,8/13/2017 12:20:00 PM,1220,98,14,109,Oakland,1,True,True,C,REAR END,,Sunday,NotApplicable,False,,,False,True,False,Oakland Superior,C,OTHER MOTOR VEHICLE,,0,0,CLEAR,,NO UNUSUAL CONDITIONS,,A,DAYLIGHT,37.475558,-122.163415,,,,,A,NO PEDESTRIANS INVOLVED,8/13/2017 12:00:00 AM,A,22350,False,2,I-980 W/B to I-880 S/B,,,8/20/2017 11:28:00 AM,A,E,265.0,Jackson St.,F,,D,8/20/2017 11:28:29 AM,8/20/2017 11:28:29 AM,,True,2,,,,,,,
526811,9370-2017-13869,1,False,9370,8/10/2017 2:23:00 PM,1423,52,14,109,Oakland,1,True,True,E,HIT OBJECT,,Thursday,Yes,False,,,False,True,True,Oakland Superior,I,FIXED OBJECT,Concrete Barrier,1,0,CLEAR,,HOLES- DEEPRUT*,,A,DAYLIGHT,37.76889,-122.15395,,,,,A,NO PEDESTRIANS INVOLVED,8/10/2017 12:00:00 AM,A,22107,False,1,I-580 E/B,,,8/20/2017 10:56:57 AM,A,E,200.0,Keller Ave,F,,D,8/20/2017 10:57:48 AM,8/20/2017 10:57:48 AM,,True,2,,,,,,,
526775,9370-2017-13895,1,False,9370,8/11/2017 5:35:00 PM,1735,54,14,109,Oakland,1,True,True,C,REAR END,,Friday,NotApplicable,False,,,False,True,False,Oakland Superior,C,OTHER MOTOR VEHICLE,,0,0,CLEAR,,NO UNUSUAL CONDITIONS,,A,DAYLIGHT,37.80678,-122.238567,,,,,A,NO PEDESTRIANS INVOLVED,8/11/2017 12:00:00 AM,A,22350,False,1,I-580 E/B,,,8/20/2017 8:05:03 AM,A,W,1680.0,Park Blvd,F,,D,8/20/2017 8:05:39 AM,8/20/2017 8:05:39 AM,,True,2,,,,,,,
526722,9370-2017-13901,1,False,9370,8/12/2017 2:10:00 AM,210,13,14,109,Oakland,1,True,True,E,HIT OBJECT,,Saturday,Yes,False,M,,False,True,True,Oakland Superior,I,FIXED OBJECT,RAISED CURB,0,0,CLEAR,,NO UNUSUAL CONDITIONS,,C,DARK-STREET LIGHTS,37.49179,-122.12292,,,,,A,NO PEDESTRIANS INVOLVED,8/12/2017 12:00:00 AM,A,23152(a) VC,False,1,SR-13 S/B TO PARK BLVD.,,,8/19/2017 6:28:50 PM,A,N,270.0,Park Blvd,F,,D,8/19/2017 6:29:37 PM,8/19/2017 6:29:37 PM,,True,2,,,,,,,
526717,9370-2017-13442,1,False,9370,7/9/2017 1:00:00 AM,100,8,14,109,Oakland,1,True,True,E,HIT OBJECT,,Sunday,Yes,False,,,False,True,True,Oakland Superior,I,FIXED OBJECT,METAL ATTENUATOR,0,0,CLEAR,CLOUDY,NO UNUSUAL CONDITIONS,,C,DARK-STREET LIGHTS,37.49293,-122.18493,,,,,A,NO PEDESTRIANS INVOLVED,7/9/2017 12:00:00 AM,A,23152(a),True,1,I-80 W/B,,,8/19/2017 5:42:31 PM,A,W,1220.0,W. Grand Avenue,F,,A,8/19/2017 5:43:15 PM,8/19/2017 5:43:15 PM,,True,2,,,,,,,
526691,9370-2017-13984,1,False,9370,8/18/2017 5:45:00 PM,1745,176,14,109,Oakland,1,True,True,C,REAR END,,Friday,NotApplicable,False,,,False,True,False,Oakland Superior,C,OTHER MOTOR VEHICLE,,1,0,CLEAR,,NO UNUSUAL CONDITIONS,,A,DAYLIGHT,37.77218,-122.22499,,,,,A,NO PEDESTRIANS INVOLVED,8/18/2017 12:00:00 AM,A,22350,False,2,I-880 S/B,,,8/19/2017 2:19:30 PM,A,S,915.0,Fruitvale Ave,F,,D,8/19/2017 2:20:44 PM,8/19/2017 2:20:44 PM,,True,2,,,,,,,
526690,9370-2017-13985,1,False,9370,8/18/2017 5:40:00 PM,1740,55,14,109,Oakland,1,True,True,C,REAR END,,Friday,NotApplicable,False,M,,False,True,False,Oakland Superior,C,OTHER MOTOR VEHICLE,,1,0,CLEAR,,NO UNUSUAL CONDITIONS,,A,DAYLIGHT,37.824525,-122.26845,,,,,A,NO PEDESTRIANS INVOLVED,8/18/2017 12:00:00 AM,A,22350 vc,False,1,i-580 westbound to west street,,,8/19/2017 2:01:46 PM,A,E,352.0,Martin Luther King Jr Way,F,,D,8/19/2017 2:02:28 PM,8/19/2017 2:02:28 PM,,True,2,,,,,,,
526639,9370-2017-13892,1,False,9370,8/11/2017 5:23:00 PM,1723,177,14,109,Oakland,1,True,True,B,SIDE SWIPE,,Friday,NotApplicable,False,M,,False,True,False,Oakland Superior,C,OTHER MOTOR VEHICLE,,0,0,CLEAR,,NO UNUSUAL CONDITIONS,,A,DAYLIGHT,37.796571,-122.270051,,,,,A,NO PEDESTRIANS INVOLVED,8/11/2017 12:00:00 AM,A,21658(a) VC,False,1,I-880 S/B,,,8/19/2017 10:51:55 AM,A,N,365.0,Jackson St,F,,D,8/19/2017 10:52:51 AM,8/19/2017 10:52:51 AM,,True,2,,,,,,,
526632,9370-2017-13611,1,False,9370,7/21/2017 5:00:00 PM,1700,176,14,109,Oakland,1,True,True,C,REAR END,,Friday,Yes,False,M,,False,True,False,Oakland Superior,C,OTHER MOTOR VEHICLE,,0,0,CLEAR,,NO UNUSUAL CONDITIONS,,A,DAYLIGHT,37.43557,-122.11134,,,,,A,NO PEDESTRIANS INVOLVED,7/21/2017 12:00:00 AM,A,22350,False,1,I-880 N/B TO 98TH AVENUE,,,8/19/2017 9:50:50 AM,A,S,100.0,98th Ave,F,,A,8/19/2017 9:51:32 AM,8/19/2017 9:51:32 AM,,True,2,,,,,,,
526619,9335-2017-13051,1,False,9335,7/26/2017 9:05:00 AM,905,82,14,109,Oakland,1,True,True,B,SIDE SWIPE,,Wednesday,NotApplicable,False,,,False,True,False,Oakland Superior,C,OTHER MOTOR VEHICLE,,1,0,CLOUDY,,NO UNUSUAL CONDITIONS,,A,DAYLIGHT,37.82183,-122.33108,,,,,A,NO PEDESTRIANS INVOLVED,7/26/2017 12:00:00 AM,A,21658(a),False,1,I-80 W/B,,,8/19/2017 9:15:18 AM,A,W,1.0,SFOBB Toll Plaza,M,,D,8/19/2017 9:16:01 AM,8/19/2017 9:16:01 AM,,True,2,,,,,,,
526426,9370-2017-13898,1,False,9370,8/12/2017 9:55:00 AM,955,54,14,109,Oakland,1,True,True,C,REAR END,,Saturday,NotApplicable,False,,,False,True,False,Oakland Superior,C,OTHER MOTOR VEHICLE,,0,0,CLEAR,,NO UNUSUAL CONDITIONS,,A,DAYLIGHT,37.807385,-122.239797,,,,,A,NO PEDESTRIANS INVOLVED,8/12/2017 12:00:00 AM,A,22350,False,3,I-580 E/B,,,8/18/2017 2:49:57 PM,A,E,655.0,Lake Park Ave,F,,A,8/18/2017 2:50:44 PM,8/18/2017 2:50:44 PM,,True,2,,,,,,,
526246,9370-2017-13932,1,False,9370,8/14/2017 8:45:00 PM,2045,52,14,109,Oakland,1,True,True,B,SIDE SWIPE,,Monday,NotApplicable,False,M,,False,True,False,Oakland Superior,C,OTHER MOTOR VEHICLE,,0,0,CLEAR,,NO UNUSUAL CONDITIONS,,C,DARK-STREET LIGHTS,37.780052,-122.171465,,,,,A,NO PEDESTRIANS INVOLVED,8/14/2017 12:00:00 AM,A,21658(a),False,1,I-580 W/B,,,8/18/2017 12:03:06 PM,A,E,550.0,Kuhnle Ave,F,,D,8/18/2017 12:03:55 PM,8/18/2017 12:03:55 PM,,True,2,,,,,,,
526212,9370-2017-13912,1,False,9345,8/13/2017 2:31:00 PM,1431,177,14,109,Oakland,1,True,True,B,SIDE SWIPE,,Sunday,NotApplicable,False,,,False,True,True,Oakland Superior,C,OTHER MOTOR VEHICLE,,0,0,CLEAR,,NO UNUSUAL CONDITIONS,,A,DAYLIGHT,37.79176,-122.26216,,,,,A,NO PEDESTRIANS INVOLVED,8/13/2017 12:00:00 AM,A,21658(a),False,1,I-880 S/B,,,8/18/2017 11:29:53 AM,A,S,1000.0,Oak St,F,,D,8/18/2017 11:30:26 AM,8/18/2017 11:30:26 AM,,True,2,,,,,,,
526137,9370-2017-13786,1,False,9370,8/4/2017 1:00:00 AM,100,176,14,109,Oakland,1,True,True,B,SIDE SWIPE,,Friday,NotApplicable,False,,,False,True,False,Oakland Superior,C,OTHER MOTOR VEHICLE,,0,0,CLEAR,,CONSTRUCTION-REPAIR ZONE,,C,DARK-STREET LIGHTS,37.774957,-122.231368,,,,,A,NO PEDESTRIANS INVOLVED,8/4/2017 12:00:00 AM,A,21658(a),False,1,I-880 S/B,,,8/18/2017 10:13:54 AM,A,N,1600.0,Fruitvale Ave,F,,D,8/18/2017 10:14:57 AM,8/18/2017 10:14:57 AM,,True,2,,,,,,,
549015,9370-2017-14316,1,False,9370,9/13/2017 5:15:00 AM,515,55,14,109,Oakland,1,True,True,C,REAR END,,Wednesday,Yes,False,,,False,True,True,Oakland Superior,C,OTHER MOTOR VEHICLE,,1,0,CLEAR,,NO UNUSUAL CONDITIONS,,D,DARK-NO STREET LIGHTS,37.827566,-122.283742,,,,,A,NO PEDESTRIANS INVOLVED,9/13/2017 12:00:00 AM,A,22350 VC,False,1,I-580 W/B,,,9/15/2017 2:48:52 PM,A,E,230.0,Hollis St,F,,D,9/15/2017 2:50:46 PM,9/15/2017 2:50:46 PM,,True,2,,,,,,,
548845,9370-2017-14324,1,False,9370,9/13/2017 4:24:00 PM,1624,175,14,109,Oakland,1,True,True,C,REAR END,,Wednesday,NotApplicable,False,,,False,True,False,Oakland Superior,C,OTHER MOTOR VEHICLE,,0,0,CLEAR,,NO UNUSUAL CONDITIONS,,A,DAYLIGHT,37.81223,-122.19965,,,,,A,NO PEDESTRIANS INVOLVED,9/13/2017 12:00:00 AM,A,22350 VC,False,2,SR-13 S/B,,,9/15/2017 12:55:31 PM,A,N,780.0,Joaquin Miller Rd,F,,D,9/15/2017 12:57:06 PM,9/15/2017 12:57:06 PM,,True,2,,,,,,,
548819,9370-2017-14284,1,False,9370,9/8/2017 7:05:00 AM,705,177,14,109,Oakland,1,True,True,B,SIDE SWIPE,,Friday,NotApplicable,False,,,False,True,False,Oakland Superior,C,OTHER MOTOR VEHICLE,,0,0,CLEAR,,NO UNUSUAL CONDITIONS,,A,DAYLIGHT,37.78985,-122.25836,,,,,A,NO PEDESTRIANS INVOLVED,9/8/2017 12:00:00 AM,A,21658(a),False,1,I-880 S/B,,,9/15/2017 12:34:31 PM,A,S,500.0,5th Ave,F,,D,9/15/2017 12:35:21 PM,9/15/2017 12:35:21 PM,,True,2,,,,,,,
548459,9370-2017-14239,1,False,9370,9/6/2017 6:25:00 PM,1825,176,14,109,Oakland,1,True,True,C,REAR END,,Wednesday,Yes,False,,,False,True,True,Oakland Superior,C,OTHER MOTOR VEHICLE,,3,0,CLEAR,,NO UNUSUAL CONDITIONS,,A,DAYLIGHT,37.772011,-122.224551,,,,,A,NO PEDESTRIANS INVOLVED,9/6/2017 12:00:00 AM,A,22350,False,1,I-880 S/B,,,9/15/2017 8:45:42 AM,A,S,1000.0,Fruitvale Ave,F,,D,9/15/2017 8:46:55 AM,9/15/2017 8:46:55 AM,,True,2,,,,,,,
548426,9370-2017-14263,1,False,9370,9/6/2017 9:55:00 PM,2155,53,14,109,Oakland,1,True,True,E,HIT OBJECT,,Wednesday,NotApplicable,False,,,False,True,True,Oakland Superior,I,FIXED OBJECT,Concrete wall,1,0,CLEAR,,NO UNUSUAL CONDITIONS,,C,DARK-STREET LIGHTS,37.800324,-122.226177,,,,,A,NO PEDESTRIANS INVOLVED,9/6/2017 12:00:00 AM,A,22107,False,1,I-580 E/B,,,9/15/2017 8:24:56 AM,A,E,162.0,14th Ave,F,,D,9/15/2017 8:25:34 AM,9/15/2017 8:25:34 AM,,True,2,,,,,,,
547391,9370-2017-14311,1,False,9370,9/12/2017 6:25:00 PM,1825,176,14,109,Oakland,1,True,True,C,REAR END,,Tuesday,NotApplicable,False,M,,False,True,False,Oakland Superior,C,OTHER MOTOR VEHICLE,,0,0,CLEAR,,NO UNUSUAL CONDITIONS,,A,DAYLIGHT,37.74524,-122.20073,,,,,A,NO PEDESTRIANS INVOLVED,9/12/2017 12:00:00 AM,A,22350,False,1,I-880 S/B,,,9/14/2017 7:34:15 AM,A,N,2015.0,Hegenberger Rd,F,,D,9/14/2017 7:37:31 AM,9/14/2017 7:37:31 AM,,True,2,,,,,,,
547328,9370-2017-14323,1,False,9370,9/13/2017 10:00:00 AM,1000,8,14,109,Oakland,1,True,True,B,SIDE SWIPE,,Wednesday,NotApplicable,False,,,False,True,False,Oakland Superior,C,OTHER MOTOR VEHICLE,,0,0,CLOUDY,,NO UNUSUAL CONDITIONS,,A,DAYLIGHT,37.493006,-122.184415,,,,,A,NO PEDESTRIANS INVOLVED,9/13/2017 12:00:00 AM,A,21658(a),False,1,I-80 W/B,,,9/14/2017 6:19:16 AM,A,W,774.0,W. GRAND AVE,F,,D,9/14/2017 6:19:54 AM,9/14/2017 6:19:54 AM,,True,2,,,,,,,
547314,9370-2017-14322,1,False,9370,9/13/2017 7:20:00 AM,720,8,14,109,Oakland,1,True,True,C,REAR END,,Wednesday,NotApplicable,False,,,False,True,False,Oakland Superior,C,OTHER MOTOR VEHICLE,,0,0,CLOUDY,,NO UNUSUAL CONDITIONS,,A,DAYLIGHT,37.825151,-122.3086,,,,,A,NO PEDESTRIANS INVOLVED,9/13/2017 12:00:00 AM,A,22350,False,1,I-80 W/B,,,9/14/2017 6:05:50 AM,A,E,285.0,W. GRAND AVE,F,,D,9/14/2017 6:06:52 AM,9/14/2017 6:06:52 AM,,True,2,,,,,,,