collision-id,report-number,report-version,is-preliminary,ncic-code,crash-date-time,crash-time-description,beat,city-id,city-code,city-name,county-code,city-is-active,city-is-incorporated,collision-type-code,collision-type-description,collision-type-other-desc,day-of-week,dispatch-notified,has-photographs,hit-run,is-attachments-mailed,is-deleted,is-highway-related,is-tow-away,judicial-district,motor-vehicle-involved-with-code,motor-vehicle-involved-with-desc,motor-vehicle-involved-with-other-desc,number-injured,number-killed,weather-1,weather-2,road-condition-1,road-condition-2,special-condition-lighting-code,lighting-description,latitude,longitude,milepost-direction,milepost-distance,milepost-marker,milepost-unit-of-measure,pedestrian-action-code,pedestrian-action-desc,prepared-date,primary-collision-factor-code,primary-collision-factor-violation,primary-collision-factor-is-cited,primary-collision-party-number,primary-road,reporting-district,reporting-district-code,reviewed-date,roadway-surface-code,secondary-direction,secondary-distance,secondary-road,secondary-unit-of-measure,sketch-desc,traffic-control-device-code,created-date,modified-date,is-county-road,is-freeway,chp-555-version,is-additonal-object-struck,notification-date,notification-time-description,has-digital-media-files,evidence-number,is-location-refer-to-narrative,is-aoi-one-same-as-location
590848,9370-2017-15041,1,False,9370,11/7/2017 5:45:00 PM,1745,177,14,109,Oakland,1,True,True,H,OTHER,Load,Tuesday,NotApplicable,False,M,,False,True,False,Oakland Superior,C,OTHER MOTOR VEHICLE,,0,0,CLEAR,,NO UNUSUAL CONDITIONS,,B,DUSK-DAWN,37.784968,-122.242773,,,,,A,NO PEDESTRIANS INVOLVED,11/7/2017 12:00:00 AM,A,24002(a),False,1,I-880 NORTHBOUND,,,11/9/2017 3:48:38 AM,A,S,650.0,16th Avenue,F,,D,11/9/2017 3:49:08 AM,11/9/2017 3:49:08 AM,,True,2,,,,,,,
590847,9370-2017-15043,1,False,9370,11/7/2017 5:10:00 PM,1710,13,14,109,Oakland,1,True,True,B,SIDE SWIPE,,Tuesday,NotApplicable,False,M,,False,True,False,Oakland Superior,C,OTHER MOTOR VEHICLE,,0,0,CLEAR,,NO UNUSUAL CONDITIONS,,D,DARK-NO STREET LIGHTS,37.502273,-122.132381,,,,,A,NO PEDESTRIANS INVOLVED,11/7/2017 12:00:00 AM,A,21658(a),False,2,SR-13 S/B,,,11/9/2017 3:39:43 AM,A,S,738.0,Broadway Ter,F,,D,11/9/2017 3:40:18 AM,11/9/2017 3:40:18 AM,,True,2,,,,,,,
590845,9370-2017-15055,1,False,9370,11/8/2017 9:10:00 AM,910,98,14,109,Oakland,1,True,True,C,REAR END,,Wednesday,NotApplicable,False,,,False,True,True,Oakland Superior,C,OTHER MOTOR VEHICLE,,0,0,CLEAR,,NO UNUSUAL CONDITIONS,,A,DAYLIGHT,37.80646,-122.27843,,,,,A,NO PEDESTRIANS INVOLVED,11/8/2017 12:00:00 AM,A,22350,False,1,I-980 W/B,,,11/9/2017 3:22:46 AM,A,W,200.0,14TH STREET,F,,D,11/9/2017 3:23:33 AM,11/9/2017 3:23:33 AM,,True,2,,,,,,,
590844,9370-2017-14784,1,False,9370,10/22/2017 1:05:00 AM,105,13,14,109,Oakland,1,True,True,C,REAR END,,Sunday,Yes,False,,,False,True,False,Oakland Superior,C,OTHER MOTOR VEHICLE,,1,0,CLEAR,,NO UNUSUAL CONDITIONS,,C,DARK-STREET LIGHTS,37.465688,-122.103165,,,,,A,NO PEDESTRIANS INVOLVED,10/22/2017 12:00:00 AM,A,23152(a),True,2,SR-13 N/B,,,11/9/2017 3:15:54 AM,A,S,1100.0,Calaveras Ave,F,,D,11/9/2017 3:16:43 AM,11/9/2017 3:16:43 AM,,True,2,,,,,,,
590842,9370-2017-14879,1,False,9370,10/27/2017 12:35:00 PM,1235,13,14,109,Oakland,1,True,True,E,HIT OBJECT,,Friday,NotApplicable,False,,,False,True,True,Oakland Superior,I,FIXED OBJECT,Guardrail,0,0,CLEAR,,NO UNUSUAL CONDITIONS,,A,DAYLIGHT,37.471402,-122.105084,,,,,A,NO PEDESTRIANS INVOLVED,10/27/2017 12:00:00 AM,A,22107,False,1,SR-13 S/B,,,11/9/2017 3:10:41 AM,A,N,1400.0,Calaveras Ave,F,,D,11/9/2017 3:11:14 AM,11/9/2017 3:11:14 AM,,True,2,,,,,,,
590841,9370-2017-14919,1,False,9370,10/30/2017 3:25:00 PM,1525,52,14,109,Oakland,1,True,True,B,SIDE SWIPE,,Monday,Yes,False,,,False,True,True,Oakland Superior,C,OTHER MOTOR VEHICLE,,1,0,CLEAR,,NO UNUSUAL CONDITIONS,,A,DAYLIGHT,37.788758,-122.199562,,,,,A,NO PEDESTRIANS INVOLVED,10/30/2017 12:00:00 AM,A,21658(a),False,1,I-580 W/B,,,11/9/2017 3:05:44 AM,A,E,515.0,38th Ave,F,,D,11/9/2017 3:06:36 AM,11/9/2017 3:06:36 AM,,True,2,,,,,,,
590520,9370-2017-15049,1,False,9370,11/8/2017 7:45:00 AM,745,55,14,109,Oakland,1,True,True,B,SIDE SWIPE,,Wednesday,NotApplicable,False,,,False,True,False,Oakland Superior,C,OTHER MOTOR VEHICLE,,0,0,CLOUDY,,NO UNUSUAL CONDITIONS,,A,DAYLIGHT,37.827211,-122.296533,,,,,A,NO PEDESTRIANS INVOLVED,11/8/2017 12:00:00 AM,A,21658(a) VC,False,1,I-580 W/B to I-80 W/B,,,11/8/2017 1:49:43 PM,A,E,0.52,I-880 N/B to I-80 W/B,M,,A,11/8/2017 1:50:15 PM,11/8/2017 1:50:15 PM,,True,2,,,,,,,
590491,9370-2017-15054,1,False,9370,11/8/2017 6:40:00 AM,640,178,14,109,Oakland,1,True,True,B,SIDE SWIPE,,Wednesday,NotApplicable,False,,,False,True,False,Oakland Superior,C,OTHER MOTOR VEHICLE,,0,0,CLEAR,,NO UNUSUAL CONDITIONS,,A,DAYLIGHT,37.852896,-122.315777,,,,,A,NO PEDESTRIANS INVOLVED,11/8/2017 12:00:00 AM,A,21658(a),False,,I-880 N/B TO I-80 W/B,,,11/8/2017 1:30:49 PM,A,N,1800.0,W. GRAND AVENUE,F,,D,11/8/2017 1:31:27 PM,11/8/2017 1:31:27 PM,,True,2,,,,,,,
590436,9370-2017-15053,1,False,9370,11/8/2017 8:05:00 AM,805,25,14,109,Oakland,1,True,True,C,REAR END,,Wednesday,NotApplicable,False,M,,False,True,False,Oakland Superior,C,OTHER MOTOR VEHICLE,,0,0,CLOUDY,,NO UNUSUAL CONDITIONS,,A,DAYLIGHT,37.82682,-122.268266,,,,,A,NO PEDESTRIANS INVOLVED,11/8/2017 12:00:00 AM,A,22350 VC,False,1,SR-24 W/B TO I-580,,,11/8/2017 12:55:27 PM,A,W,28.0,WEST MACARTHUR BLVD,F,,D,11/8/2017 12:56:08 PM,11/8/2017 12:56:08 PM,,True,2,,,,,,,
590395,9370-2017-15033,1,False,9370,11/7/2017 9:55:00 AM,955,53,14,109,Oakland,1,True,True,C,REAR END,,Tuesday,NotApplicable,False,,,False,True,True,Oakland Superior,C,OTHER MOTOR VEHICLE,,1,0,CLEAR,,NO UNUSUAL CONDITIONS,,A,DAYLIGHT,37.795903,-122.20906,,,,,A,NO PEDESTRIANS INVOLVED,11/7/2017 12:00:00 AM,A,22350 VC,False,4,I-580 W/B,,,11/8/2017 12:24:58 PM,A,E,515.0,Coolidge Ave,F,,D,11/8/2017 12:25:46 PM,11/8/2017 12:25:46 PM,,True,2,,,,,,,
590297,9370-2017-15039,1,False,9370,11/7/2017 3:45:00 PM,1545,98,14,109,Oakland,1,True,True,E,HIT OBJECT,,Tuesday,NotApplicable,False,,,False,True,True,Oakland Superior,I,FIXED OBJECT,CONCRETE BARRIER,1,0,CLEAR,,NO UNUSUAL CONDITIONS,,A,DAYLIGHT,37.8061,-122.27797,,,,,A,NO PEDESTRIANS INVOLVED,11/7/2017 12:00:00 AM,C,,,,I-980 E/B FROM 12TH STREET,,,11/8/2017 11:16:35 AM,A,W,265.0,12th St,F,,D,11/8/2017 11:17:16 AM,11/8/2017 11:17:16 AM,,True,2,,,,,,,
590284,9370-2017-15048,1,False,9370,11/7/2017 9:30:00 AM,930,176,14,109,Oakland,1,True,True,C,REAR END,,Tuesday,NotApplicable,False,,,False,True,True,Oakland Superior,C,OTHER MOTOR VEHICLE,,0,0,CLEAR,,NO UNUSUAL CONDITIONS,,A,DAYLIGHT,37.76836,-122.2205,,,,,A,NO PEDESTRIANS INVOLVED,11/7/2017 12:00:00 AM,A,22350 VC,False,2,I-880 S/B,,,11/8/2017 11:06:34 AM,A,N,30.0,High St,F,,D,11/8/2017 11:07:04 AM,11/8/2017 11:07:04 AM,,True,2,,,,,,,
590273,9370-2017-14843,1,False,9370,10/26/2017 12:45:00 PM,1245,52,14,109,Oakland,1,True,True,B,SIDE SWIPE,,Thursday,NotApplicable,False,,,False,True,False,Oakland Superior,C,OTHER MOTOR VEHICLE,,0,0,CLEAR,,NO UNUSUAL CONDITIONS,,A,DAYLIGHT,37.790607,-122.201979,,,,,A,NO PEDESTRIANS INVOLVED,10/26/2017 12:00:00 AM,A,21658(a),False,1,I-580 E/B,,,11/8/2017 10:59:39 AM,A,W,600.0,38th Ave,F,,D,11/8/2017 11:00:13 AM,11/8/2017 11:00:13 AM,,True,2,,,,,,,
590117,9370-2017-15027,1,False,9370,11/6/2017 6:10:00 PM,1810,55,14,109,Oakland,1,True,True,C,REAR END,,Monday,NotApplicable,False,,,False,True,False,Oakland Superior,C,OTHER MOTOR VEHICLE,,0,0,CLEAR,,NO UNUSUAL CONDITIONS,,C,DARK-STREET LIGHTS,37.82586,-122.27411,,,,,A,NO PEDESTRIANS INVOLVED,11/6/2017 12:00:00 AM,A,22350,False,1,I-580 W/B,,,11/8/2017 9:44:23 AM,A,W,600.0,West St,F,,D,11/8/2017 9:44:54 AM,11/8/2017 9:44:54 AM,,True,2,,,,,,,
589788,9370-2017-14943,1,False,9370,9/25/2017 11:20:00 AM,1120,8,14,109,Oakland,1,True,True,B,SIDE SWIPE,,Monday,NotApplicable,True,M,,False,True,False,Oakland Superior,C,OTHER MOTOR VEHICLE,,0,0,CLEAR,,NO UNUSUAL CONDITIONS,,Counter ReportA,DAYLIGHT,37.493088,-122.184486,,,,,A,NO PEDESTRIANS INVOLVED,9/25/2017 12:00:00 AM,A,21658(a),False,1,I-80 W/B,,,11/8/2017 6:27:19 AM,A,E,407.0,San Francisco Bay Bridge Toll Plaza,F,,D,11/8/2017 6:28:14 AM,11/8/2017 6:28:14 AM,,True,2,,,,,,,
589757,9370-2017-15021,1,False,9370,9/13/2017 6:40:00 AM,640,8,14,109,Oakland,1,True,True,B,SIDE SWIPE,,Wednesday,NotApplicable,False,,,False,True,False,Oakland Superior,C,OTHER MOTOR VEHICLE,,0,0,CLOUDY,,NO UNUSUAL CONDITIONS,,Counter ReportB,DUSK-DAWN,37.82472,-122.31378,,,,,A,NO PEDESTRIANS INVOLVED,9/13/2017 12:00:00 AM,A,21658(a),False,2,I-80 W/B,,,11/8/2017 5:21:18 AM,B,E,20.0,OAK/SFOBB TOLL PLAZA,F,,D,11/8/2017 5:21:54 AM,11/8/2017 5:21:54 AM,,True,2,,,,,,,
589754,9370-2017-14866,2,False,9370,10/13/2017 12:08:00 AM,8,24,14,109,Oakland,1,True,True,H,OTHER,Vehicle Fire,Friday,NotApplicable,False,,,False,True,True,Oakland Superior,A,NON-COLLISION,,0,0,CLEAR,,NO UNUSUAL CONDITIONS,,C,DARK-STREET LIGHTS,37.855187,-122.21719,,,,,A,NO PEDESTRIANS INVOLVED,10/13/2017 12:00:00 AM,C,,,,SR-24 E/B (Caldecott Tunnel Bore #1),,,1/16/2018 11:51:02 AM,A,E,2870.0,Kay Overcrossing,F,,D,11/8/2017 5:17:43 AM,1/16/2018 11:51:13 AM,,True,2,,,,,,,
589751,9370-2017-14890,1,False,9370,10/28/2017 10:50:00 AM,1050,176,14,109,Oakland,1,True,True,C,REAR END,,Saturday,Yes,False,,,False,True,True,Oakland Superior,C,OTHER MOTOR VEHICLE,,4,0,CLEAR,,NO UNUSUAL CONDITIONS,,A,DAYLIGHT,37.762761,-122.21563,,,,,A,NO PEDESTRIANS INVOLVED,10/28/2017 12:00:00 AM,A,22350,False,1,I-880 N/B,,,11/8/2017 5:11:49 AM,A,S,2365.0,High St,F,,D,11/8/2017 5:13:08 AM,11/8/2017 5:13:08 AM,,True,2,,,,,,,
589750,9370-2017-14971,1,False,9370,11/2/2017 9:20:00 AM,920,54,14,109,Oakland,1,True,True,C,REAR END,,Thursday,NotApplicable,False,,,False,True,True,Oakland Superior,C,OTHER MOTOR VEHICLE,,0,0,CLEAR,,NO UNUSUAL CONDITIONS,,A,DAYLIGHT,37.82207,-122.25948,,,,,A,NO PEDESTRIANS INVOLVED,11/2/2017 12:00:00 AM,A,21658(a),False,1,I-580 W/B,,,11/8/2017 4:52:13 AM,A,E,200.0,Broadway,F,,D,11/8/2017 4:53:56 AM,11/8/2017 4:53:56 AM,,True,2,,,,,,,
589749,9370-2017-14982,1,False,9370,10/29/2017 7:15:00 AM,715,98,14,109,Oakland,1,True,True,B,SIDE SWIPE,,Sunday,NotApplicable,False,,,False,True,False,Oakland Superior,C,OTHER MOTOR VEHICLE,,0,0,CLEAR,,NO UNUSUAL CONDITIONS,,A,DAYLIGHT,37.803845,-122.279968,,,,,A,NO PEDESTRIANS INVOLVED,10/29/2017 12:00:00 AM,A,21658(a),False,1,I-980 W/B,,,11/8/2017 4:48:23 AM,A,W,430.0,11th St,F,,D,11/8/2017 4:49:11 AM,11/8/2017 4:49:11 AM,,True,2,,,,,,,
589568,9335-2017-13893,1,False,9335,10/30/2017 9:00:00 AM,900,81,14,109,Oakland,1,True,True,B,SIDE SWIPE,,Monday,NotApplicable,False,,,False,True,False,Oakland Superior,C,OTHER MOTOR VEHICLE,,0,0,CLOUDY,,NO UNUSUAL CONDITIONS,,A,DAYLIGHT,37.824362,-122.315135,,,,,A,NO PEDESTRIANS INVOLVED,10/30/2017 12:00:00 AM,B,UNSAFE MERGING,,,I-80 W/B,,,11/7/2017 3:43:14 PM,A,W,385.0,Bay Bridge Toll Plaza,F,,D,11/7/2017 3:43:45 PM,11/7/2017 3:43:45 PM,,True,2,,,,,,,
589540,9335-2017-13870,1,False,9335,10/28/2017 8:00:00 AM,800,82,14,109,Oakland,1,True,True,C,REAR END,,Saturday,Yes,True,F,,False,True,True,Oakland Superior,C,OTHER MOTOR VEHICLE,,2,0,CLEAR,,NO UNUSUAL CONDITIONS,,A,DAYLIGHT,37.824194,-122.317789,,,,,A,NO PEDESTRIANS INVOLVED,10/28/2017 12:00:00 AM,A,23152a,False,1,I-80 W/B,,,11/7/2017 3:25:13 PM,A,W,350.0,The Metering Lights,F,,D,11/7/2017 3:25:54 PM,11/7/2017 3:25:54 PM,,True,2,,,,,,,
589481,9370-2017-14893,1,False,9370,10/28/2017 3:03:00 PM,1503,177,14,109,Oakland,1,True,True,B,SIDE SWIPE,,Saturday,NotApplicable,False,,,False,True,False,Oakland Superior,I,FIXED OBJECT,CONCRETE WALL,0,0,CLEAR,,NO UNUSUAL CONDITIONS,,A,DAYLIGHT,37.788362,-122.250839,,,,,A,NO PEDESTRIANS INVOLVED,10/28/2017 12:00:00 AM,A,22107,True,1,I-880 S/B,,,11/7/2017 2:51:44 PM,A,N,1980.0,16th Ave,F,,D,11/7/2017 2:52:21 PM,11/7/2017 2:52:21 PM,,True,2,,,,,,,
589412,9370-2017-14889,1,False,9370,10/28/2017 10:38:00 AM,1038,176,14,109,Oakland,1,True,True,B,SIDE SWIPE,,Saturday,NotApplicable,False,,,False,True,False,Oakland Superior,C,OTHER MOTOR VEHICLE,,0,0,CLEAR,,NO UNUSUAL CONDITIONS,,A,DAYLIGHT,37.738078,-122.193949,,,,,A,NO PEDESTRIANS INVOLVED,10/28/2017 12:00:00 AM,A,21658(a),False,1,I-880 N/B,,,11/7/2017 2:12:36 PM,A,S,1120.0,Hegenberger Rd,F,,A,11/7/2017 2:13:12 PM,11/7/2017 2:13:12 PM,,,2,,,,,,,
589311,9370-2017-15026,1,False,9370,11/6/2017 2:30:00 PM,1430,8,14,109,Oakland,1,True,True,E,HIT OBJECT,,Monday,NotApplicable,False,,,False,True,False,Oakland Superior,J,OTHER OBJECT,FLYING DEBRIS,0,0,CLEAR,,NO UNUSUAL CONDITIONS,,A,DAYLIGHT,37.82654,-122.30096,,,,,A,NO PEDESTRIANS INVOLVED,11/6/2017 12:00:00 AM,A,23115(a),False,1,I-80 E/B,,,11/7/2017 1:11:35 PM,A,E,1250.0,WEST GRAND AVE,F,,D,11/7/2017 1:12:15 PM,11/7/2017 1:12:15 PM,,True,2,,,,,,,
589183,9335-2017-13766,1,False,9370,10/16/2017 10:40:00 PM,2240,8,14,109,Oakland,1,True,True,B,SIDE SWIPE,,Monday,NotApplicable,False,,,False,True,True,Oakland Superior,C,OTHER MOTOR VEHICLE,,2,0,CLEAR,,NO UNUSUAL CONDITIONS,,C,DARK-STREET LIGHTS,37.824756,-122.313554,,,,,A,NO PEDESTRIANS INVOLVED,10/16/2017 12:00:00 AM,A,21658(a),False,2,I-80 W/B,,,11/7/2017 11:35:51 AM,A,E,67.0,SFOBB TOLL PLAZA,F,,A,11/7/2017 11:36:27 AM,11/7/2017 11:36:27 AM,,True,2,,,,,,,
588996,9370-2017-15022,1,False,9370,11/6/2017 3:30:00 PM,1530,177,14,109,Oakland,1,True,True,E,HIT OBJECT,,Monday,NotApplicable,False,M,,False,True,False,Oakland Superior,J,OTHER OBJECT,BLACK METAL OBJECT,0,0,CLEAR,,NO UNUSUAL CONDITIONS,,A,DAYLIGHT,37.794993,-122.266296,,,,,A,NO PEDESTRIANS INVOLVED,11/6/2017 12:00:00 AM,A,23114(a),False,2,I-880 S/B,,,11/7/2017 9:50:10 AM,A,S,100.0,Oak St.,F,,D,11/7/2017 9:50:48 AM,11/7/2017 9:50:48 AM,,True,2,,,,,,,
588803,9370-2017-14811,1,False,9370,10/24/2017 10:30:00 AM,1030,55,14,109,Oakland,1,True,True,B,SIDE SWIPE,,Tuesday,Yes,False,,,False,True,True,Oakland Superior,C,OTHER MOTOR VEHICLE,,1,0,CLEAR,,NO UNUSUAL CONDITIONS,,A,DAYLIGHT,37.82641,-122.27653,,,,,A,NO PEDESTRIANS INVOLVED,10/24/2017 12:00:00 AM,C,,,,I-580 W/B,,,11/7/2017 8:21:29 AM,A,W,390.0,Market St,F,,A,11/7/2017 8:26:25 AM,11/7/2017 8:26:25 AM,,True,2,,,,,,,
588678,9370-2017-15017,1,False,9370,11/6/2017 7:12:00 AM,712,178,14,109,Oakland,1,True,True,B,SIDE SWIPE,,Monday,NotApplicable,False,,,False,True,False,Oakland Superior,C,OTHER MOTOR VEHICLE,,0,0,CLEAR,,NO UNUSUAL CONDITIONS,,A,DAYLIGHT,37.824367,-122.301013,,,,,A,NO PEDESTRIANS INVOLVED,11/6/2017 12:00:00 AM,A,22107,False,1,I-880 N/B TO I-80 W/B,,,11/7/2017 7:08:04 AM,A,N,1200.0,MARITIME STREET,F,,D,11/7/2017 7:08:42 AM,11/7/2017 7:08:42 AM,,True,2,,,,,,,
588640,9370-2017-15018,1,False,9370,11/6/2017 7:10:00 AM,710,178,14,109,Oakland,1,True,True,C,REAR END,,Monday,NotApplicable,False,M,,False,True,False,Oakland Superior,C,OTHER MOTOR VEHICLE,,1,0,CLEAR,,NO UNUSUAL CONDITIONS,,A,DAYLIGHT,37.825346,-122.309837,,,,,A,NO PEDESTRIANS INVOLVED,11/6/2017 12:00:00 AM,A,22350 VC,False,3,I-880 N/B TO I-80 W/B,,,11/7/2017 6:46:21 AM,A,S,1160.0,SF-OAK BB TOLL PLAZA,F,,D,11/7/2017 6:46:56 AM,11/7/2017 6:46:56 AM,,True,2,,,,,,,
588629,9370-2017-15016,1,False,9370,11/6/2017 6:17:00 AM,617,178,14,109,Oakland,1,True,True,D,BROADSIDE,,Monday,NotApplicable,True,,,False,True,True,Oakland Superior,C,OTHER MOTOR VEHICLE,,0,0,CLEAR,,NO UNUSUAL CONDITIONS,,B,DUSK-DAWN,37.7947,-122.26582,,,,,A,NO PEDESTRIANS INVOLVED,11/6/2017 12:00:00 AM,A,21658(a)VC,False,1,I-880 N/B TO I-80 W/B,,,11/7/2017 6:39:23 AM,A,N,945.0,MARITIME ST.,F,,A,11/7/2017 6:40:14 AM,11/7/2017 6:40:14 AM,,True,2,,,,,,,
588603,9370-2017-14955,1,False,9370,10/5/2017 10:30:00 AM,1030,178,14,109,Oakland,1,True,True,H,OTHER,Load,Thursday,NotApplicable,False,,,False,True,False,Oakland Superior,C,OTHER MOTOR VEHICLE,,0,0,CLEAR,,NO UNUSUAL CONDITIONS,,Counter ReportA,DAYLIGHT,37.8143,-122.30156,,,,,A,NO PEDESTRIANS INVOLVED,10/3/2017 12:00:00 AM,A,23114(a),False,2,I-880 S/B,,,11/7/2017 6:11:49 AM,A,S,1880.0,West Grand Avenue,F,,D,11/7/2017 6:12:37 AM,11/7/2017 6:12:37 AM,,True,2,,,,,,,
588569,9370-2017-14931,1,False,9370,10/30/2017 9:28:00 PM,2128,176,14,109,Oakland,1,True,True,C,REAR END,,Monday,NotApplicable,False,,,False,True,False,Oakland Superior,C,OTHER MOTOR VEHICLE,,0,0,CLEAR,,NO UNUSUAL CONDITIONS,,C,DARK-STREET LIGHTS,37.73226,-122.18714,,,,,A,NO PEDESTRIANS INVOLVED,10/30/2017 12:00:00 AM,A,22350,False,1,I-880 N/B TO 98TH AVENUE,,,11/7/2017 5:24:45 AM,A,S,20.0,98th Ave,F,,D,11/7/2017 5:25:16 AM,11/7/2017 5:25:16 AM,,True,2,,,,,,,
588567,9370-2017-14869,1,False,9370,9/30/2017 5:21:00 AM,521,177,14,109,Oakland,1,True,True,C,REAR END,,Saturday,NotApplicable,False,M,,False,True,False,Oakland Superior,C,OTHER MOTOR VEHICLE,,1,0,CLEAR,,NO UNUSUAL CONDITIONS,,Counter ReportC,DARK-STREET LIGHTS,37.794857,-122.265651,,,,,A,NO PEDESTRIANS INVOLVED,9/30/2017 12:00:00 AM,A,22350,False,1,I-880 N/B,,,11/7/2017 5:13:19 AM,A,S,245.0,Oak St,F,,D,11/7/2017 5:13:59 AM,11/7/2017 5:13:59 AM,,True,2,,,,,,,
588564,9370-2017-14369,1,False,9370,9/17/2017 11:10:00 AM,1110,176,14,109,Oakland,1,True,True,C,REAR END,,Sunday,NotApplicable,False,M,,False,True,False,Oakland Superior,C,OTHER MOTOR VEHICLE,,0,0,CLEAR,,NO UNUSUAL CONDITIONS,,A,DAYLIGHT,37.73516,-122.19145,,,,,A,NO PEDESTRIANS INVOLVED,9/17/2017 12:00:00 AM,A,22350,False,1,I-880 N/B,,,11/7/2017 5:04:05 AM,A,N,2000.0,98th Ave,F,,D,11/7/2017 5:08:02 AM,11/7/2017 5:08:02 AM,,True,2,,,,,,,
588562,9370-2017-14925,1,False,9370,10/30/2017 5:50:00 PM,1750,176,14,109,Oakland,1,True,True,C,REAR END,,Monday,NotApplicable,False,,,False,True,True,Oakland Superior,C,OTHER MOTOR VEHICLE,,0,0,CLEAR,,NO UNUSUAL CONDITIONS,,D,DARK-NO STREET LIGHTS,37.727105,-122.184346,,,,,A,NO PEDESTRIANS INVOLVED,10/30/2017 12:00:00 AM,A,22350,False,3,I-880 NORTHBOUND,,,11/7/2017 4:58:08 AM,A,S,2030.0,98TH AVENUE,F,,D,11/7/2017 4:58:49 AM,11/7/2017 4:58:49 AM,,True,2,,,,,,,
588559,9370-2017-14948,1,False,9370,10/31/2017 6:08:00 PM,1808,54,14,109,Oakland,1,True,True,E,HIT OBJECT,,Tuesday,NotApplicable,False,,,False,True,True,Oakland Superior,I,FIXED OBJECT,CONCRETE BARRIER WALL,1,0,CLEAR,,NO UNUSUAL CONDITIONS,,A,DAYLIGHT,37.811581,-122.250049,,,,,A,NO PEDESTRIANS INVOLVED,10/31/2017 12:00:00 AM,A,22107,False,1,I-580 W/B,,,11/7/2017 4:52:06 AM,A,W,522.0,Grand Ave,F,,D,11/7/2017 4:52:40 AM,11/7/2017 4:52:40 AM,,True,2,,,,,,,
588280,9370-2017-14957,1,False,9370,11/1/2017 5:40:00 PM,1740,24,14,109,Oakland,1,True,True,C,REAR END,,Wednesday,NotApplicable,False,M,,False,True,True,Oakland Superior,C,OTHER MOTOR VEHICLE,,1,0,CLEAR,,NO UNUSUAL CONDITIONS,,A,DAYLIGHT,37.82907,-122.2678,,,,,A,NO PEDESTRIANS INVOLVED,11/1/2017 12:00:00 AM,A,22350,False,1,SR-24 W/B TO I-580,,,11/6/2017 2:37:58 PM,A,W,220.0,40th St,F,,D,11/6/2017 2:38:40 PM,11/6/2017 2:38:40 PM,,True,2,,,,,,,
588081,9370-2017-15019,1,False,9370,11/6/2017 8:15:00 AM,815,176,14,109,Oakland,1,True,True,C,REAR END,,Monday,NotApplicable,False,,,False,True,False,Oakland Superior,C,OTHER MOTOR VEHICLE,,0,0,CLEAR,,NO UNUSUAL CONDITIONS,,A,DAYLIGHT,37.743057,-122.197846,,,,,A,NO PEDESTRIANS INVOLVED,11/6/2017 12:00:00 AM,A,22350,False,1,I-880 N/B,,,11/6/2017 12:37:12 PM,A,N,900.0,HEGENBERGER ROAD,F,,D,11/6/2017 12:38:11 PM,11/6/2017 12:38:11 PM,,True,2,,,,,,,
587953,9370-2017-14981,1,False,9370,11/2/2017 9:30:00 PM,2130,176,14,109,Oakland,1,True,True,B,SIDE SWIPE,,Thursday,Yes,False,,,False,True,True,Oakland Superior,C,OTHER MOTOR VEHICLE,,0,0,CLEAR,,NO UNUSUAL CONDITIONS,,C,DARK-STREET LIGHTS,37.462863,-122.135705,,,,,A,NO PEDESTRIANS INVOLVED,11/2/2017 12:00:00 AM,A,23152(a),True,1,I-880 S/B,,,11/6/2017 11:17:28 AM,A,N,1370.0,Fruitvale Ave,F,,D,11/6/2017 11:18:13 AM,11/6/2017 11:18:13 AM,,True,2,,,,,,,
587597,9370-2017-14989,1,False,9370,11/4/2017 6:10:00 AM,610,54,14,109,Oakland,1,True,True,E,HIT OBJECT,,Saturday,NotApplicable,False,,,False,True,True,Oakland Superior,I,FIXED OBJECT,CONCRETE METAL BARRIER WA,0,0,RAINING,,HOLES- DEEPRUT*,NO UNUSUAL CONDITIONS,C,DARK-STREET LIGHTS,37.49154,-122.15272,,,,,A,NO PEDESTRIANS INVOLVED,11/4/2017 12:00:00 AM,A,22350 VC,False,1,I-580 E/B,,,11/6/2017 7:47:59 AM,B,W,955.0,Harrison St,F,,D,11/6/2017 7:48:33 AM,11/6/2017 7:48:33 AM,,True,2,,,,,,,