collision-id,report-number,report-version,is-preliminary,ncic-code,crash-date-time,crash-time-description,beat,city-id,city-code,city-name,county-code,city-is-active,city-is-incorporated,collision-type-code,collision-type-description,collision-type-other-desc,day-of-week,dispatch-notified,has-photographs,hit-run,is-attachments-mailed,is-deleted,is-highway-related,is-tow-away,judicial-district,motor-vehicle-involved-with-code,motor-vehicle-involved-with-desc,motor-vehicle-involved-with-other-desc,number-injured,number-killed,weather-1,weather-2,road-condition-1,road-condition-2,special-condition-lighting-code,lighting-description,latitude,longitude,milepost-direction,milepost-distance,milepost-marker,milepost-unit-of-measure,pedestrian-action-code,pedestrian-action-desc,prepared-date,primary-collision-factor-code,primary-collision-factor-violation,primary-collision-factor-is-cited,primary-collision-party-number,primary-road,reporting-district,reporting-district-code,reviewed-date,roadway-surface-code,secondary-direction,secondary-distance,secondary-road,secondary-unit-of-measure,sketch-desc,traffic-control-device-code,created-date,modified-date,is-county-road,is-freeway,chp-555-version,is-additonal-object-struck,notification-date,notification-time-description,has-digital-media-files,evidence-number,is-location-refer-to-narrative,is-aoi-one-same-as-location
581781,9370-2017-14768,1,False,9370,10/19/2017 6:30:00 AM,630,8,14,109,Oakland,1,True,True,C,REAR END,,Thursday,Yes,False,M,,False,True,True,Oakland Superior,C,OTHER MOTOR VEHICLE,,1,0,CLOUDY,,NO UNUSUAL CONDITIONS,,A,DAYLIGHT,37.49346,-122.18523,,,,,A,NO PEDESTRIANS INVOLVED,10/19/2017 12:00:00 AM,A,22350 VC,False,1,I-80 W/B,,,10/28/2017 6:52:42 PM,A,E,2360.0,WEST GRAND AVE. O/C,F,,D,10/28/2017 6:53:29 PM,10/28/2017 6:53:29 PM,,True,2,,,,,,,
581774,9370-2017-14794,1,False,9370,9/27/2017 11:48:00 AM,1148,24,14,109,Oakland,1,True,True,C,REAR END,,Wednesday,NotApplicable,False,M,,False,True,False,Oakland Superior,C,OTHER MOTOR VEHICLE,,0,0,CLEAR,,NO UNUSUAL CONDITIONS,,Counter ReportA,DAYLIGHT,37.264972,-122.837319,,,,,A,NO PEDESTRIANS INVOLVED,10/23/2017 12:00:00 AM,A,22350,False,1,SR-24 EASTBOUND TO 52ND STREET,,,10/28/2017 6:07:57 PM,A,W,100.0,52nd St,F,,D,10/28/2017 6:08:26 PM,10/28/2017 6:08:26 PM,,True,2,,,,,,,
581712,9370-2017-14878,1,False,9370,10/27/2017 3:48:00 PM,1548,13,14,109,Oakland,1,True,True,B,SIDE SWIPE,,Friday,NotApplicable,False,M,,False,True,False,Oakland Superior,C,OTHER MOTOR VEHICLE,,0,0,CLEAR,,NO UNUSUAL CONDITIONS,,A,DAYLIGHT,37.79118,-122.18115,,,,,A,NO PEDESTRIANS INVOLVED,10/27/2017 12:00:00 AM,B,UNSAFE MERGE,,2,SR-13 S/B,,,10/28/2017 1:43:57 PM,A,S,925.0,CARSON ST.,F,,D,10/28/2017 1:44:29 PM,10/28/2017 1:44:29 PM,,True,2,,,,,,,
581699,9370-2017-14883,1,False,9370,10/19/2017 2:18:00 PM,1418,13,14,109,Oakland,1,True,True,B,SIDE SWIPE,,Thursday,NotApplicable,False,,,False,True,False,Oakland Superior,D,MOTOR VEHICLE ON OTHER ROADWAY,,0,0,CLOUDY,,NO UNUSUAL CONDITIONS,,A,DAYLIGHT,37.845729,-122.227429,,,,,A,NO PEDESTRIANS INVOLVED,10/19/2017 12:00:00 AM,A,21658(a),False,1,SR-13 N/B,,,10/28/2017 1:12:03 PM,A,N,1800.0,BROADWAY Terrace,F,,D,10/28/2017 1:12:38 PM,10/28/2017 1:12:38 PM,,True,2,,,,,,,
581678,9370-2017-14828,1,False,9370,10/19/2017 1:02:00 PM,1302,24,14,109,Oakland,1,True,True,E,HIT OBJECT,,Thursday,Yes,False,,,False,True,True,Oakland Superior,I,FIXED OBJECT,SIGN BOARD,0,0,CLOUDY,,NO UNUSUAL CONDITIONS,,A,DAYLIGHT,37.85039,-122.223073,,,,,A,NO PEDESTRIANS INVOLVED,10/19/2017 12:00:00 AM,A,22107,False,1,SR-24 E/B,,,10/28/2017 11:01:42 AM,A,W,500.0,KAY ROAD,F,,D,10/28/2017 11:02:11 AM,10/28/2017 11:02:11 AM,,True,2,,,,,,,
581606,9370-2017-14838,1,False,9370,10/26/2017 9:18:00 AM,918,176,14,109,Oakland,1,True,True,B,SIDE SWIPE,,Thursday,NotApplicable,False,,,False,True,False,Oakland Superior,C,OTHER MOTOR VEHICLE,,0,0,CLEAR,,NO UNUSUAL CONDITIONS,,A,DAYLIGHT,37.772013,-122.223993,,,,,A,NO PEDESTRIANS INVOLVED,10/26/2017 12:00:00 AM,A,22107 VC,False,1,I-880 N/B,,,10/27/2017 5:35:20 PM,A,N,0.22,42nd Ave,M,,A,10/27/2017 5:35:49 PM,10/27/2017 5:35:49 PM,,True,2,,,,,,,
581229,9370-2017-14860,1,False,9370,10/26/2017 10:45:00 PM,2245,52,14,109,Oakland,1,True,True,C,REAR END,,Thursday,NotApplicable,False,,,False,True,False,Oakland Superior,C,OTHER MOTOR VEHICLE,,0,0,CLEAR,,CONSTRUCTION-REPAIR ZONE,,C,DARK-STREET LIGHTS,37.75524,-122.149781,,,,,A,NO PEDESTRIANS INVOLVED,10/26/2017 12:00:00 AM,A,22350,False,2,I-580 W/B,,,10/27/2017 12:08:11 PM,A,W,700.0,Golf Links Rd,F,,D,10/27/2017 12:09:02 PM,10/27/2017 12:09:02 PM,,True,2,,,,,,,
600879,9370-2017-15175,2,False,9370,11/15/2017 9:17:00 PM,2117,178,14,109,Oakland,1,True,True,C,REAR END,,Wednesday,Yes,False,,,False,True,False,Oakland Superior,C,OTHER MOTOR VEHICLE,,0,0,RAINING,,NO UNUSUAL CONDITIONS,,On-Duty Emergency VehicleD,DARK-NO STREET LIGHTS,37.802031,-122.283747,,,,,A,NO PEDESTRIANS INVOLVED,11/15/2017 12:00:00 AM,A,22350,False,1,I-880 N/B,,,11/29/2017 8:30:58 PM,B,N,125.0,Market St,F,,D,11/22/2017 1:32:29 PM,11/29/2017 8:31:16 PM,,True,2,,,,,,,
600813,9370-2017-15243,1,False,9370,11/20/2017 12:55:00 PM,1255,176,14,109,Oakland,1,True,True,C,REAR END,,Monday,NotApplicable,False,,,False,True,False,Oakland Superior,C,OTHER MOTOR VEHICLE,,1,0,CLOUDY,,NO UNUSUAL CONDITIONS,,A,DAYLIGHT,37.775188,-122.233468,,,,,A,NO PEDESTRIANS INVOLVED,11/20/2017 12:00:00 AM,A,22350 VC,False,4,I-880 N/B,,,11/22/2017 12:54:14 PM,A,N,5.0,29th Ave.,F,,D,11/22/2017 12:55:18 PM,11/22/2017 12:55:18 PM,,True,2,,,,,,,
600757,9370-2017-15275,1,False,9370,11/22/2017 6:50:00 AM,650,176,14,109,Oakland,1,True,True,B,SIDE SWIPE,,Wednesday,NotApplicable,False,,,False,True,True,Oakland Superior,C,OTHER MOTOR VEHICLE,,0,0,CLEAR,,NO UNUSUAL CONDITIONS,,A,DAYLIGHT,37.772855,-122.227097,,,,,A,NO PEDESTRIANS INVOLVED,11/22/2017 12:00:00 AM,A,21658(a),False,,I-880 S/B,,,11/22/2017 12:17:25 PM,A,S,265.0,Fruitvale Ave,F,,D,11/22/2017 12:23:26 PM,11/22/2017 12:23:26 PM,,True,2,,,,,,,
600682,9370-2017-15276,1,False,9370,11/22/2017 7:50:00 AM,750,176,14,109,Oakland,1,True,True,C,REAR END,,Wednesday,NotApplicable,False,M,,False,True,False,Oakland Superior,C,OTHER MOTOR VEHICLE,,0,0,CLEAR,,NO UNUSUAL CONDITIONS,,A,DAYLIGHT,37.773535,-122.225686,,,,,A,NO PEDESTRIANS INVOLVED,11/22/2017 12:00:00 AM,A,22350,False,1,I-880 N/B,,,11/22/2017 11:41:53 AM,A,N,145.0,Fruitvale Ave,F,,D,11/22/2017 11:43:49 AM,11/22/2017 11:43:49 AM,,True,2,,,,,,,
600571,9370-2017-15269,2,False,9370,11/21/2017 5:48:00 PM,1748,98,14,109,Oakland,1,True,True,C,REAR END,,Tuesday,NotApplicable,False,M,,False,True,True,Oakland Superior,C,OTHER MOTOR VEHICLE,,0,0,CLEAR,,NO UNUSUAL CONDITIONS,,C,DARK-STREET LIGHTS,37.79635,-122.27028,,,,,A,NO PEDESTRIANS INVOLVED,11/21/2017 12:00:00 AM,A,22350,False,1,I-980 W/B TO JACKSON STREET,,,11/30/2017 4:05:47 PM,A,E,360.0,Jackson St,F,,D,11/22/2017 10:33:36 AM,11/30/2017 4:05:58 PM,,True,2,,,,,,,
600516,9370-2017-15252,1,False,9370,11/20/2017 6:20:00 PM,1820,177,14,109,Oakland,1,True,True,B,SIDE SWIPE,,Monday,NotApplicable,False,,,False,True,False,Oakland Superior,C,OTHER MOTOR VEHICLE,,0,0,CLEAR,,NO UNUSUAL CONDITIONS,,D,DARK-NO STREET LIGHTS,37.789634,-122.256663,,,,,A,NO PEDESTRIANS INVOLVED,11/20/2017 12:00:00 AM,A,22107,False,1,I-880 SOUTHBOUND,,,11/22/2017 10:08:33 AM,A,S,960.0,5th Avenue,F,,D,11/22/2017 10:09:02 AM,11/22/2017 10:09:02 AM,,True,2,,,,,,,
600483,9370-2017-15272,1,False,9370,11/21/2017 6:20:00 PM,1820,55,14,109,Oakland,1,True,True,B,SIDE SWIPE,,Tuesday,NotApplicable,False,,,False,True,False,Oakland Superior,C,OTHER MOTOR VEHICLE,,0,0,CLEAR,,NO UNUSUAL CONDITIONS,,C,DARK-STREET LIGHTS,37.826417,-122.277789,,,,,A,NO PEDESTRIANS INVOLVED,11/21/2017 12:00:00 AM,A,21658(a),False,1,I-580 E/B,,,11/22/2017 9:50:57 AM,A,W,746.0,Market St,F,,D,11/22/2017 9:51:52 AM,11/22/2017 9:51:52 AM,,True,2,,,,,,,
600429,9370-2017-15187,1,False,9370,11/15/2017 2:12:00 AM,212,54,14,109,Oakland,1,True,True,B,SIDE SWIPE,,Wednesday,NotApplicable,False,,,False,True,True,Oakland Superior,C,OTHER MOTOR VEHICLE,,0,0,RAINING,,NO UNUSUAL CONDITIONS,,C,DARK-STREET LIGHTS,37.80886,-122.24245,,,,,A,NO PEDESTRIANS INVOLVED,11/15/2017 12:00:00 AM,A,22350,False,1,I-580 W/B,,,11/22/2017 9:27:29 AM,B,E,1955.0,Lakeshore Ave,F,,D,11/22/2017 9:28:12 AM,11/22/2017 9:28:12 AM,,True,2,,,,,,,
600422,9370-2017-15188,1,False,9370,11/16/2017 2:46:00 AM,246,52,14,109,Oakland,1,True,True,E,HIT OBJECT,,Thursday,NotApplicable,False,,,False,True,False,Oakland Superior,I,FIXED OBJECT,Cement Wall,0,0,RAINING,,NO UNUSUAL CONDITIONS,,On-Duty Emergency VehicleC,DARK-STREET LIGHTS,37.76516,-122.15146,,,,,A,NO PEDESTRIANS INVOLVED,11/16/2017 12:00:00 AM,A,22350,False,1,I-580 W/B,,,11/22/2017 9:23:26 AM,B,E,4000.0,Keller Ave,F,,D,11/22/2017 9:24:03 AM,11/22/2017 9:24:03 AM,,True,2,,,,,,,
600361,9370-2017-15253,1,False,9370,11/20/2017 9:10:00 PM,2110,13,14,109,Oakland,1,True,True,E,HIT OBJECT,,Monday,NotApplicable,False,,,False,True,False,Oakland Superior,H,ANIMAL,DEER,0,0,CLEAR,,NO UNUSUAL CONDITIONS,,C,DARK-STREET LIGHTS,37.83262,-122.217229,,,,,A,NO PEDESTRIANS INVOLVED,11/20/2017 12:00:00 AM,C,,,,SR-13 S/B TO MORAGA AVE.,,,11/22/2017 8:58:11 AM,A,N,645.0,Thornhill Dr,F,,D,11/22/2017 8:58:40 AM,11/22/2017 8:58:40 AM,,True,2,,,,,,,
600279,9370-2017-15180,1,False,9370,11/16/2017 4:45:00 AM,445,178,14,109,Oakland,1,True,True,C,REAR END,,Thursday,NotApplicable,False,,,False,True,True,Oakland Superior,C,OTHER MOTOR VEHICLE,,0,0,RAINING,,NO UNUSUAL CONDITIONS,,C,DARK-STREET LIGHTS,37.80232,-122.28422,,,,,A,NO PEDESTRIANS INVOLVED,11/16/2017 12:00:00 AM,A,22350,False,2,I-880 N/B,,,11/22/2017 8:21:29 AM,B,N,349.0,Market St,F,,D,11/22/2017 8:22:04 AM,11/22/2017 8:22:04 AM,,True,2,,,,,,,
600239,9370-2017-15176,1,False,9370,11/16/2017 2:27:00 AM,227,177,14,109,Oakland,1,True,True,E,HIT OBJECT,,Thursday,Yes,False,,,False,True,True,Oakland Superior,I,FIXED OBJECT,CONCRETE WALL,2,0,RAINING,,NO UNUSUAL CONDITIONS,,C,DARK-STREET LIGHTS,37.7901,-122.257309,,,,,A,NO PEDESTRIANS INVOLVED,11/16/2017 12:00:00 AM,A,22107 VC,False,1,I-880 N/B,,,11/22/2017 8:03:48 AM,B,S,849.0,5th Ave,F,,D,11/22/2017 8:04:35 AM,11/22/2017 8:04:35 AM,,True,2,,,,,,,
600228,9370-2017-15184,1,False,9370,11/16/2017 1:18:00 AM,118,177,14,109,Oakland,1,True,True,E,HIT OBJECT,,Thursday,Yes,False,,,False,True,True,Oakland Superior,I,FIXED OBJECT,concrete barrier,1,0,RAINING,,NO UNUSUAL CONDITIONS,,C,DARK-STREET LIGHTS,37.798197,-122.215826,,,,,A,NO PEDESTRIANS INVOLVED,11/16/2017 12:00:00 AM,A,22107,False,1,i-580 wESTBOUND,,,11/22/2017 7:58:10 AM,B,E,150.0,Champion St,F,,D,11/22/2017 7:58:53 AM,11/22/2017 7:58:53 AM,,True,2,,,,,,,
600213,9370-2017-15259,1,False,9370,11/21/2017 12:50:00 PM,1250,25,14,109,Oakland,1,True,True,E,HIT OBJECT,,Tuesday,NotApplicable,False,,,False,True,True,Oakland Superior,I,FIXED OBJECT,Concrete wall,1,0,CLEAR,,NO UNUSUAL CONDITIONS,,A,DAYLIGHT,37.829721,-122.267489,,,,,A,NO PEDESTRIANS INVOLVED,11/21/2017 12:00:00 AM,A,22107 VC,False,1,SR-24 W/B to I-580 E/B,,,11/22/2017 7:50:33 AM,A,W,40.0,40th St.,F,,A,11/22/2017 7:51:15 AM,11/22/2017 7:51:15 AM,,True,2,,,,,,,
600205,9370-2017-15074,1,False,9370,11/9/2017 5:45:00 AM,545,55,14,109,Oakland,1,True,True,E,HIT OBJECT,,Thursday,Yes,False,,,False,True,False,Oakland Superior,I,FIXED OBJECT,CONCRETE WALL,0,0,CLOUDY,RAINING,NO UNUSUAL CONDITIONS,,C,DARK-STREET LIGHTS,37.826908,-122.288991,,,,,A,NO PEDESTRIANS INVOLVED,11/9/2017 12:00:00 AM,A,23152(f),False,1,I-580 W/B,,,11/22/2017 7:45:21 AM,B,W,50.0,Mandela Pky,F,,D,11/22/2017 7:45:58 AM,11/22/2017 7:45:58 AM,,True,2,,,,,,,
600174,9370-2017-15169,1,False,9370,11/15/2017 3:35:00 PM,1535,52,14,109,Oakland,1,True,True,E,HIT OBJECT,,Wednesday,Yes,False,,,False,True,True,Oakland Superior,I,FIXED OBJECT,CONCRETE WALL,1,0,CLEAR,,NO UNUSUAL CONDITIONS,,A,DAYLIGHT,37.762909,-122.15001,,,,,A,NO PEDESTRIANS INVOLVED,11/15/2017 12:00:00 AM,A,22107,False,1,I-580 E/B,,,11/22/2017 7:09:36 AM,A,E,1300.0,Fontaine St,F,,D,11/22/2017 7:10:26 AM,11/22/2017 7:10:26 AM,,True,2,,,,,,,
600086,9370-2017-15250,1,False,9370,11/20/2017 5:45:00 PM,1745,13,14,109,Oakland,1,True,True,C,REAR END,,Monday,NotApplicable,False,,,False,True,True,Oakland Superior,C,OTHER MOTOR VEHICLE,,1,0,CLOUDY,,NO UNUSUAL CONDITIONS,,C,DARK-STREET LIGHTS,37.79202,-122.18062,,,,,A,NO PEDESTRIANS INVOLVED,11/20/2017 12:00:00 AM,A,22350,False,1,SR-13 S/B,,,11/22/2017 5:58:24 AM,A,S,730.0,Carson St,F,,D,11/22/2017 5:59:11 AM,11/22/2017 5:59:11 AM,,True,2,,,,,,,
600068,9370-2017-15248,1,False,9370,11/20/2017 3:40:00 PM,1540,98,14,109,Oakland,1,True,True,D,BROADSIDE,,Monday,NotApplicable,False,M,,False,True,True,Oakland Superior,C,OTHER MOTOR VEHICLE,,1,0,CLOUDY,,NO UNUSUAL CONDITIONS,,A,DAYLIGHT,37.79896,-122.27645,,,,,A,NO PEDESTRIANS INVOLVED,11/20/2017 12:00:00 AM,A,21658(a),False,1,I-980 W/B TO I-880 S/B,,,11/22/2017 5:40:22 AM,A,W,20.0,BRIADWAY,F,,D,11/22/2017 5:41:54 AM,11/22/2017 5:41:54 AM,,True,2,,,,,,,
600048,9370-2017-15186,2,False,9370,11/15/2017 2:11:00 AM,211,54,14,109,Oakland,1,True,True,D,BROADSIDE,,Wednesday,NotApplicable,False,,,False,True,True,Oakland Superior,C,OTHER MOTOR VEHICLE,,0,0,RAINING,,NO UNUSUAL CONDITIONS,,C,DARK-STREET LIGHTS,37.80857,-122.24238,,,,,A,NO PEDESTRIANS INVOLVED,11/15/2017 12:00:00 AM,A,22350,False,1,I-580 W/B,,,11/30/2017 5:30:49 AM,B,E,2000.0,Lakeshore Ave,F,,D,11/22/2017 4:53:30 AM,11/30/2017 5:30:59 AM,,True,2,,,,,,,
600039,9335-2017-13965,1,False,9335,11/8/2017 10:20:00 AM,1020,83,14,109,Oakland,1,True,True,B,SIDE SWIPE,,Wednesday,NotApplicable,False,,,False,True,False,Oakland Superior,C,OTHER MOTOR VEHICLE,,0,0,CLOUDY,,NO UNUSUAL CONDITIONS,,A,DAYLIGHT,37.822572,-122.323584,,,,,A,NO PEDESTRIANS INVOLVED,11/8/2017 12:00:00 AM,A,21658(a),False,1,I-80 W/B,,,11/22/2017 12:04:59 AM,A,W,0.3,SFOBB Metering Lights,M,,D,11/22/2017 12:05:37 AM,11/22/2017 12:05:37 AM,,True,2,,,,,,,
599752,9335-2017-13700,1,False,9335,10/8/2017 12:42:00 PM,1242,82,14,109,Oakland,1,True,True,C,REAR END,,Sunday,NotApplicable,True,M,,False,True,False,Oakland Superior,C,OTHER MOTOR VEHICLE,,0,0,CLEAR,,NO UNUSUAL CONDITIONS,,A,DAYLIGHT,37.824652,-122.314271,,,,,A,NO PEDESTRIANS INVOLVED,10/8/2017 12:00:00 AM,A,22350,False,1,I-80 W/B,,,11/21/2017 1:37:35 PM,A,W,100.0,BAY BRIDGE TOLL PLAZA,F,,D,11/21/2017 1:38:21 PM,11/21/2017 1:38:21 PM,,True,2,,,,,,,
599745,9335-2017-13696,1,False,9335,10/7/2017 11:25:00 PM,2325,84,14,109,Oakland,1,True,True,B,SIDE SWIPE,,Saturday,NotApplicable,False,,,False,True,False,Oakland Superior,C,OTHER MOTOR VEHICLE,,0,0,CLEAR,,NO UNUSUAL CONDITIONS,,C,DARK-STREET LIGHTS,37.822575,-122.320771,,,,,A,NO PEDESTRIANS INVOLVED,10/7/2017 12:00:00 AM,A,21658(a),False,1,I-80 E/B,,,11/21/2017 1:31:25 PM,A,W,2100.0,SFOBB TOLL PLAZA,F,,D,11/21/2017 1:32:37 PM,11/21/2017 1:32:37 PM,,True,2,,,,,,,
599695,9370-2017-15152,1,False,9370,11/14/2017 5:47:00 PM,1747,177,14,109,Oakland,1,True,True,C,REAR END,,Tuesday,Yes,False,,,False,True,True,Oakland Superior,C,OTHER MOTOR VEHICLE,,0,0,CLEAR,,NO UNUSUAL CONDITIONS,,D,DARK-NO STREET LIGHTS,37.788783,-122.252374,,,,,A,NO PEDESTRIANS INVOLVED,11/14/2017 12:00:00 AM,A,23152(a),True,1,I-880 S/B,,,11/21/2017 1:08:54 PM,A,N,2370.0,16th Ave,F,,D,11/21/2017 1:09:49 PM,11/21/2017 1:09:49 PM,,True,2,,,,,,,
599005,9370-2017-15159,1,False,9370,11/15/2017 7:30:00 AM,730,178,14,109,Oakland,1,True,True,C,REAR END,,Wednesday,NotApplicable,False,,,False,True,False,Richmond Superior,C,OTHER MOTOR VEHICLE,,0,0,CLOUDY,,NO UNUSUAL CONDITIONS,,A,DAYLIGHT,37.82304,-122.30094,,,,,A,NO PEDESTRIANS INVOLVED,11/15/2017 12:00:00 AM,A,22350,False,1,I-880 N/B to I-80 W/B,,,11/21/2017 6:14:01 AM,B,N,189.0,Maritime St,F,,D,11/21/2017 6:15:08 AM,11/21/2017 6:15:08 AM,,True,2,,,,,,,
598998,9370-2017-15088,1,False,9370,11/10/2017 4:20:00 PM,1620,25,14,109,Oakland,1,True,True,E,HIT OBJECT,,Friday,NotApplicable,False,,,False,True,True,Oakland Superior,I,FIXED OBJECT,concrete wall,0,0,CLOUDY,,NO UNUSUAL CONDITIONS,,A,DAYLIGHT,37.84086,-122.26276,,,,,A,NO PEDESTRIANS INVOLVED,11/10/2017 12:00:00 AM,A,22107,False,1,SR 24 W/B,,,11/21/2017 6:08:24 AM,B,W,280.0,TELEGRAPH aVENUE,F,,D,11/21/2017 6:09:14 AM,11/21/2017 6:09:14 AM,,True,2,,,,,,,
598981,9370-2017-15103,1,False,9370,11/11/2017 1:15:00 PM,1315,80,14,109,Oakland,1,True,True,B,SIDE SWIPE,,Saturday,NotApplicable,False,,,False,True,False,Oakland Superior,C,OTHER MOTOR VEHICLE,,0,0,CLEAR,,NO UNUSUAL CONDITIONS,,A,DAYLIGHT,37.502568,-122.174988,,,,,A,NO PEDESTRIANS INVOLVED,11/11/2017 12:00:00 AM,A,21658(a),False,1,I-80 W/B,,,11/21/2017 5:47:16 AM,A,E,800.0,Powell St,F,,D,11/21/2017 5:47:47 AM,11/21/2017 5:47:47 AM,,True,2,,,,,,,
598966,9370-2017-15155,1,False,9370,11/15/2017 12:20:00 AM,20,176,14,109,Oakland,1,True,True,C,REAR END,,Wednesday,NotApplicable,False,M,,False,True,False,Oakland Superior,C,OTHER MOTOR VEHICLE,,0,0,CLEAR,,CONSTRUCTION-REPAIR ZONE,,C,DARK-STREET LIGHTS,37.777023,-122.236717,,,,,A,NO PEDESTRIANS INVOLVED,11/15/2017 12:00:00 AM,A,22350 VC,False,1,I-880 N/B,,,11/21/2017 5:17:21 AM,A,S,700.0,23rd Ave,F,,D,11/21/2017 5:18:30 AM,11/21/2017 5:18:30 AM,,True,2,,,,,,,
598965,9370-2017-15073,1,False,9370,11/9/2017 11:18:00 AM,1118,52,14,109,Oakland,1,True,True,H,OTHER,HOOD DE-LATCH,Thursday,Yes,False,,,False,True,True,Oakland Superior,A,NON-COLLISION,,0,0,CLEAR,,NO UNUSUAL CONDITIONS,,A,DAYLIGHT,37.88412,-122.19983,,,,,A,NO PEDESTRIANS INVOLVED,11/9/2017 12:00:00 AM,C,,,,I-580 W/B,,,11/21/2017 5:12:59 AM,A,W,228.0,HIGH STREET,F,,D,11/21/2017 5:13:42 AM,11/21/2017 5:13:42 AM,,True,2,,,,,,,
598964,9370-2017-14996,1,False,9370,11/4/2017 5:45:00 AM,545,54,14,109,Oakland,1,True,True,E,HIT OBJECT,,Saturday,NotApplicable,False,M,,False,True,True,Oakland Superior,I,FIXED OBJECT,Concrete wall,0,0,RAINING,,NO UNUSUAL CONDITIONS,,B,DUSK-DAWN,37.484882,-122.152912,,,,,A,NO PEDESTRIANS INVOLVED,11/4/2017 12:00:00 AM,A,22350,False,1,I-580 E/B,,,11/21/2017 5:07:39 AM,B,W,1300.0,Grand Ave,F,,D,11/21/2017 5:08:17 AM,11/21/2017 5:08:17 AM,,True,2,,,,,,,
598960,9370-2017-15056,1,False,9370,11/8/2017 7:55:00 AM,755,177,14,109,Oakland,1,True,True,C,REAR END,,Wednesday,Yes,False,,,False,True,True,Oakland Superior,C,OTHER MOTOR VEHICLE,,1,0,CLOUDY,,NO UNUSUAL CONDITIONS,,A,DAYLIGHT,37.951436,-122.266525,,,,,A,NO PEDESTRIANS INVOLVED,11/8/2017 12:00:00 AM,A,21658(a),False,1,I-880 S/B,,,11/21/2017 4:49:09 AM,A,S,370.0,Oak St,F,,D,11/21/2017 4:49:52 AM,11/21/2017 4:49:52 AM,,True,2,,,,,,,
598475,9370-2017-15168,1,False,9370,11/15/2017 1:25:00 PM,1325,13,14,109,Oakland,1,True,True,C,REAR END,,Wednesday,NotApplicable,False,,,False,True,False,Oakland Superior,C,OTHER MOTOR VEHICLE,,0,0,CLEAR,,NO UNUSUAL CONDITIONS,,A,DAYLIGHT,37.83176,-122.21633,,,,,A,NO PEDESTRIANS INVOLVED,11/15/2017 12:00:00 AM,A,22350 vc,False,1,SR-13 S/B,,,11/20/2017 1:08:51 PM,A,S,429.0,Moraga Ave,F,,D,11/20/2017 1:16:06 PM,11/20/2017 1:16:06 PM,,True,2,,,,,,,
598441,9370-2017-15242,1,False,9370,11/20/2017 5:45:00 AM,545,178,14,109,Oakland,1,True,True,B,SIDE SWIPE,,Monday,NotApplicable,False,,,False,True,True,Oakland Superior,C,OTHER MOTOR VEHICLE,,0,0,CLOUDY,,NO UNUSUAL CONDITIONS,,B,DUSK-DAWN,37.824639,-122.304559,,,,,A,NO PEDESTRIANS INVOLVED,11/20/2017 12:00:00 AM,A,21658(a),False,1,i-880 n/b to i-80 w/b,,,11/20/2017 12:59:56 PM,A,N,1335.0,Maritime St,F,,D,11/20/2017 1:00:29 PM,11/20/2017 1:00:29 PM,,True,2,,,,,,,
598273,9370-2017-15062,1,False,9370,11/8/2017 3:35:00 PM,1535,177,14,109,Oakland,1,True,True,E,HIT OBJECT,,Wednesday,NotApplicable,False,,,False,True,True,Oakland Superior,I,FIXED OBJECT,ATTENUATOR BLOCKS,0,0,CLOUDY,,NO UNUSUAL CONDITIONS,,A,DAYLIGHT,37.77579,-122.23418,,,,,A,NO PEDESTRIANS INVOLVED,11/8/2017 12:00:00 AM,A,22107,False,1,I-880 S/B,,,11/20/2017 11:28:14 AM,A,N,150.0,29th Ave,F,,D,11/20/2017 11:29:32 AM,11/20/2017 11:29:32 AM,,True,2,,,,,,,
597981,9370-2017-15220,1,False,9370,11/18/2017 6:40:00 PM,1840,176,14,109,Oakland,1,True,True,C,REAR END,,Saturday,NotApplicable,False,M,,False,True,False,Oakland Superior,C,OTHER MOTOR VEHICLE,,0,0,CLEAR,,NO UNUSUAL CONDITIONS,,C,DARK-STREET LIGHTS,37.462524,-122.134592,,,,,A,NO PEDESTRIANS INVOLVED,11/18/2017 12:00:00 AM,A,22350,False,1,I-880 S/B,,,11/20/2017 9:12:09 AM,A,N,365.0,Fruitvale Ave,F,,D,11/20/2017 9:12:45 AM,11/20/2017 9:12:45 AM,,True,2,,,,,,,