collision-id,report-number,report-version,is-preliminary,ncic-code,crash-date-time,crash-time-description,beat,city-id,city-code,city-name,county-code,city-is-active,city-is-incorporated,collision-type-code,collision-type-description,collision-type-other-desc,day-of-week,dispatch-notified,has-photographs,hit-run,is-attachments-mailed,is-deleted,is-highway-related,is-tow-away,judicial-district,motor-vehicle-involved-with-code,motor-vehicle-involved-with-desc,motor-vehicle-involved-with-other-desc,number-injured,number-killed,weather-1,weather-2,road-condition-1,road-condition-2,special-condition-lighting-code,lighting-description,latitude,longitude,milepost-direction,milepost-distance,milepost-marker,milepost-unit-of-measure,pedestrian-action-code,pedestrian-action-desc,prepared-date,primary-collision-factor-code,primary-collision-factor-violation,primary-collision-factor-is-cited,primary-collision-party-number,primary-road,reporting-district,reporting-district-code,reviewed-date,roadway-surface-code,secondary-direction,secondary-distance,secondary-road,secondary-unit-of-measure,sketch-desc,traffic-control-device-code,created-date,modified-date,is-county-road,is-freeway,chp-555-version,is-additonal-object-struck,notification-date,notification-time-description,has-digital-media-files,evidence-number,is-location-refer-to-narrative,is-aoi-one-same-as-location
649817,9370-2017-15726,1,False,9370,11/30/2017 5:50:00 PM,1750,055,14,109,Oakland,1,True,True,B,SIDE SWIPE,,Thursday,NotApplicable,False,M,,False,True,False,Oakland Superior,C,OTHER MOTOR VEHICLE,,0,0,CLEAR,,NO UNUSUAL CONDITIONS,,Counter ReportC,DARK-STREET LIGHTS,37.471317,-122.114804,,,,,A,NO PEDESTRIANS INVOLVED,11/30/1970 12:00:00 AM,A,22350,False,2,I-580 E/B,,,1/29/2018 5:58:28 AM,A,W,150.0,High Street under-crossing,F,,D,1/29/2018 5:59:23 AM,1/29/2018 5:59:23 AM,,True,2,,,,,,,
647615,9370-2017-14520,1,False,9370,9/30/2017 4:22:00 AM,422,177,14,109,Oakland,1,True,True,A,HEAD-ON,,Saturday,Yes,True,,,False,True,True,Oakland Superior,C,OTHER MOTOR VEHICLE,,0,2,CLEAR,,NO UNUSUAL CONDITIONS,,FatalC,DARK-STREET LIGHTS,37.79541,-122.26681,,,,,A,NO PEDESTRIANS INVOLVED,9/30/2017 12:00:00 AM,A,23152(a),False,1,INTERSTATE 880 NORTHBOUND,,,1/25/2018 1:21:39 PM,A,S,278.0,MADISON STREET,F,,D,1/25/2018 1:22:22 PM,1/25/2018 1:22:22 PM,,True,2,,,,,,,
644001,9370-2017-15724,1,False,9370,12/7/2017 5:50:00 PM,1750,055,14,109,Oakland,1,True,True,C,REAR END,,Thursday,NotApplicable,False,M,,False,True,False,Oakland Superior,C,OTHER MOTOR VEHICLE,,0,0,CLEAR,,NO UNUSUAL CONDITIONS,,Counter ReportC,DARK-STREET LIGHTS,37.826502,-122.287325,,,,,A,NO PEDESTRIANS INVOLVED,12/7/2017 12:00:00 AM,A,21658(a),False,2,I-580 E/B,,,1/21/2018 8:47:10 AM,A,W,815.0,Hollis St,F,,D,1/21/2018 8:47:41 AM,1/21/2018 8:47:41 AM,,True,2,,,,,,,
643907,9370-2017-15680,1,False,9370,12/28/2017 4:35:00 AM,435,052,14,109,Oakland,1,True,True,E,HIT OBJECT,,Thursday,NotApplicable,False,M,,False,True,True,Oakland Superior,I,FIXED OBJECT,SIGN POST,0,0,CLEAR,,NO UNUSUAL CONDITIONS,,C,DARK-STREET LIGHTS,37.782702,-122.17539,,,,,A,NO PEDESTRIANS INVOLVED,12/28/2017 12:00:00 AM,A,22107,False,1,I-580 W/B,,,1/20/2018 12:28:24 PM,A,W,670.0,Kuhnle Ave,F,,D,1/20/2018 12:28:54 PM,1/20/2018 12:28:54 PM,,True,2,,,,,,,
641892,9370-2017-15734,1,False,9370,12/19/2017 5:50:00 PM,1750,008,14,109,Oakland,1,True,True,B,SIDE SWIPE,,Tuesday,NotApplicable,True,M,,False,True,False,Oakland Superior,C,OTHER MOTOR VEHICLE,,0,0,CLEAR,,NO UNUSUAL CONDITIONS,,Counter ReportD,DARK-NO STREET LIGHTS,37.825058,-122.305173,,,,,A,NO PEDESTRIANS INVOLVED,12/19/2017 12:00:00 AM,A,21658(a),False,1,I-80 E/B,,,1/17/2018 1:09:07 PM,A,E,0.25,W. GRAND AVE.,M,,D,1/17/2018 1:09:46 PM,1/17/2018 1:09:46 PM,,True,2,,,,,,,
641850,9370-2017-15732,1,False,9370,12/26/2017 11:20:00 PM,2320,176,14,109,Oakland,1,True,True,B,SIDE SWIPE,,Tuesday,NotApplicable,False,M,,False,True,False,Oakland Superior,C,OTHER MOTOR VEHICLE,,0,0,CLEAR,,NO UNUSUAL CONDITIONS,,Counter ReportB,DUSK-DAWN,37.77637,-122.2357,,,,,A,NO PEDESTRIANS INVOLVED,12/26/2017 12:00:00 AM,A,22107,False,2,I-880 N/B,,,1/17/2018 12:47:36 PM,A,S,500.0,23rd Ave,F,,D,1/17/2018 12:48:54 PM,1/17/2018 12:48:54 PM,,True,2,,,,,,,
641804,9370-2017-15729,2,False,9370,12/23/2017 8:00:00 PM,2000,008,14,109,Oakland,1,True,True,B,SIDE SWIPE,,Saturday,NotApplicable,False,M,,False,True,False,Oakland Superior,C,OTHER MOTOR VEHICLE,,0,0,CLEAR,,NO UNUSUAL CONDITIONS,,C,DARK-STREET LIGHTS,37.825229,-122.312837,,,,,A,NO PEDESTRIANS INVOLVED,12/23/2017 12:00:00 AM,A,21658(a),False,1,I-80 W/B,,,2/3/2018 10:14:12 AM,A,E,200.0,San Francisco Oakland Bay Bridge,F,,D,1/17/2018 11:58:17 AM,2/3/2018 10:14:22 AM,,True,2,,,,,,,
641343,9370-2017-15715,1,False,9370,12/17/2017 8:00:00 PM,2000,177,14,109,Oakland,1,True,True,B,SIDE SWIPE,,Sunday,NotApplicable,False,,,False,True,False,Oakland Superior,C,OTHER MOTOR VEHICLE,,0,0,CLEAR,,NO UNUSUAL CONDITIONS,,C,DARK-STREET LIGHTS,37.794693,-122.265643,,,,,A,NO PEDESTRIANS INVOLVED,12/17/2017 12:00:00 AM,A,21658(a),False,1,I-880 S/B,,,1/17/2018 6:45:18 AM,A,N,310.0,Oak St,F,,D,1/17/2018 6:45:52 AM,1/17/2018 6:45:52 AM,,True,2,,,,,,,
640721,9370-2017-15611,1,False,9370,12/21/2017 9:10:00 AM,910,055,14,109,Oakland,1,True,True,B,SIDE SWIPE,,Thursday,NotApplicable,False,,,False,True,False,Oakland Superior,C,OTHER MOTOR VEHICLE,,0,0,CLEAR,,NO UNUSUAL CONDITIONS,,A,DAYLIGHT,37.82664,-122.27803,,,,,A,NO PEDESTRIANS INVOLVED,12/21/2017 12:00:00 AM,A,21658(a),False,2,I-580 W/B,,,1/16/2018 12:15:14 PM,A,E,85.0,San Pablo Ave,F,,A,1/16/2018 12:15:52 PM,1/16/2018 12:15:52 PM,,True,2,,,,,,,
640696,9370-2017-15585,1,False,9370,12/18/2017 7:15:00 AM,715,008,14,109,Oakland,1,True,True,B,SIDE SWIPE,,Monday,NotApplicable,False,M,,False,True,False,Oakland Superior,C,OTHER MOTOR VEHICLE,,0,0,CLEAR,,NO UNUSUAL CONDITIONS,,A,DAYLIGHT,37.82721,-122.29755,,,,,A,NO PEDESTRIANS INVOLVED,12/18/2017 12:00:00 AM,A,21658(a),False,2,I-80 W/B,,,1/16/2018 12:02:31 PM,A,E,2530.0,I-880 N/B,F,,D,1/16/2018 12:03:09 PM,1/16/2018 12:03:09 PM,,True,2,,,,,,,
640145,9370-2017-15730,1,False,9370,12/19/2017 6:40:00 PM,1840,008,14,109,Oakland,1,True,True,C,REAR END,,Tuesday,NotApplicable,False,,,False,True,True,Oakland Superior,C,OTHER MOTOR VEHICLE,,0,0,CLOUDY,,NO UNUSUAL CONDITIONS,,Counter ReportB,DUSK-DAWN,37.824935,-122.312496,,,,,A,NO PEDESTRIANS INVOLVED,12/19/2017 12:00:00 AM,A,21658(a),False,1,I-80 W/B,,,1/16/2018 7:34:11 AM,A,E,375.0,Oakland/San Francisco Bay Bridge Toll PL,F,,D,1/16/2018 7:34:47 AM,1/16/2018 7:34:47 AM,,True,2,,,,,,,
640058,9370-2017-15733,1,False,9370,11/17/2017 7:20:00 AM,720,054,14,109,Oakland,1,True,True,B,SIDE SWIPE,,Friday,NotApplicable,False,,,False,True,False,Oakland Superior,C,OTHER MOTOR VEHICLE,,0,0,CLEAR,,NO UNUSUAL CONDITIONS,,Counter Report / Late-ReportedA,DAYLIGHT,37.483376,-122.14412,,,,,A,NO PEDESTRIANS INVOLVED,11/17/2017 12:00:00 AM,A,21658(A),False,1,I-580 W/B,,,1/16/2018 6:48:43 AM,A,E,440.0,LAKESHORE AVENUE,F,,D,1/16/2018 6:49:14 AM,1/16/2018 6:49:14 AM,,True,2,,,,,,,
640003,9370-2017-15727,1,False,9370,11/22/2017 12:30:00 PM,1230,176,14,109,Oakland,1,True,True,B,SIDE SWIPE,,Wednesday,No,False,M,,False,True,False,Oakland Superior,C,OTHER MOTOR VEHICLE,,0,0,CLEAR,,NO UNUSUAL CONDITIONS,,Counter ReportA,DAYLIGHT,37.748932,-122.203555,,,,,A,NO PEDESTRIANS INVOLVED,11/22/2017 12:00:00 AM,A,21658(a),False,1,I-880 N/B,,,1/16/2018 6:01:58 AM,A,S,2205.0,66th Ave,F,,D,1/16/2018 6:02:52 AM,1/16/2018 6:02:52 AM,,True,2,,,,,,,
639993,9370-2017-15657,1,False,9370,12/25/2017 12:00:00 AM,0,008,14,109,Oakland,1,True,True,B,SIDE SWIPE,,Monday,NotApplicable,False,M,,False,True,True,Oakland Superior,C,OTHER MOTOR VEHICLE,,0,0,CLEAR,,NO UNUSUAL CONDITIONS,,D,DARK-NO STREET LIGHTS,37.492895,-122.182625,,,,,A,NO PEDESTRIANS INVOLVED,12/25/2017 12:00:00 AM,A,21658(a),False,1,I-80 E/B,,,1/16/2018 5:53:51 AM,A,E,650.0,WEST GRAND AVE,F,,D,1/16/2018 5:54:39 AM,1/16/2018 5:54:39 AM,,True,2,,,,,,,
639990,9370-2017-15658,1,False,9370,12/25/2017 12:02:00 AM,2,008,14,109,Oakland,1,True,True,C,REAR END,,Monday,Yes,False,M,,False,True,True,Oakland Superior,C,OTHER MOTOR VEHICLE,,1,0,CLEAR,,NO UNUSUAL CONDITIONS,,C,DARK-STREET LIGHTS,37.492929,-122.182274,,,,,A,NO PEDESTRIANS INVOLVED,12/25/2017 12:00:00 AM,B,UNSAFE BACKING,,1,I-80 E/B,,,1/16/2018 5:50:33 AM,A,E,850.0,WEST GRAND AVENUE,F,,D,1/16/2018 5:51:14 AM,1/16/2018 5:51:14 AM,,True,2,,,,,,,
639832,9370-2017-14751,1,False,9370,10/16/2017 10:25:00 PM,2225,177,14,109,Oakland,1,True,True,B,SIDE SWIPE,,Monday,Yes,False,M,,False,True,True,Oakland Superior,C,OTHER MOTOR VEHICLE,,1,0,CLEAR,,NO UNUSUAL CONDITIONS,,C,DARK-STREET LIGHTS,37.786329,-122.245578,,,,,A,NO PEDESTRIANS INVOLVED,10/18/2017 12:00:00 AM,A,21658(a),False,2,I-880 southbound,,,1/15/2018 1:33:23 PM,B,N,300.0,16th Avenue,F,,D,1/15/2018 1:35:08 PM,1/15/2018 1:35:08 PM,,True,2,,,,,,,
639824,9370-2017-15676,1,False,9370,12/27/2017 5:45:00 PM,1745,177,14,109,Oakland,1,True,True,C,REAR END,,Wednesday,NotApplicable,False,,,False,True,False,Oakland Superior,C,OTHER MOTOR VEHICLE,,0,0,CLEAR,,NO UNUSUAL CONDITIONS,,A,DAYLIGHT,37.79172,-122.2621,,,,,A,NO PEDESTRIANS INVOLVED,12/27/2017 12:00:00 AM,A,22350,False,1,I-880 S/B,,,1/15/2018 1:10:33 PM,A,S,1700.0,Oak St,F,,D,1/15/2018 1:11:24 PM,1/15/2018 1:11:24 PM,,True,2,,,,,,,
639448,9370-2017-15717,1,False,9370,12/31/2017 7:32:00 PM,1932,008,14,109,Oakland,1,True,True,C,REAR END,,Sunday,NotApplicable,False,,,False,True,False,Oakland Superior,C,OTHER MOTOR VEHICLE,,0,0,CLEAR,,NO UNUSUAL CONDITIONS,,C,DARK-STREET LIGHTS,37.825164,-122.307773,,,,,A,NO PEDESTRIANS INVOLVED,12/31/2017 12:00:00 AM,A,21658(a),False,1,I-80 W/B,,,1/13/2018 5:55:24 PM,A,E,500.0,West Grand Ave,F,,D,1/13/2018 5:55:55 PM,1/13/2018 5:55:55 PM,,True,2,,,,,,,
639184,9370-2017-15697,1,False,9370,12/29/2017 11:30:00 AM,1130,008,14,109,Oakland,1,True,True,C,REAR END,,Friday,NotApplicable,False,,,False,True,False,Oakland Superior,C,OTHER MOTOR VEHICLE,,0,0,CLEAR,,NO UNUSUAL CONDITIONS,,A,DAYLIGHT,37.835433,-122.295429,,,,,A,NO PEDESTRIANS INVOLVED,12/29/2017 12:00:00 AM,A,21658(a),False,1,I-80 E/B,,,1/12/2018 2:47:09 PM,A,W,980.0,Powell St,F,,D,1/12/2018 2:47:38 PM,1/12/2018 2:47:38 PM,,True,2,,,,,,,
637769,9335-2017-14456,1,False,9335,12/31/2017 10:40:00 PM,2240,082,14,109,Oakland,1,True,True,B,SIDE SWIPE,,Sunday,NotApplicable,True,,,False,True,False,Oakland Superior,C,OTHER MOTOR VEHICLE,,0,0,CLEAR,,NO UNUSUAL CONDITIONS,,C,DARK-STREET LIGHTS,37.82409,-122.318131,,,,,A,NO PEDESTRIANS INVOLVED,12/31/2017 12:00:00 AM,A,21658(a),False,1,I-80 E/B,,,1/11/2018 6:24:40 AM,A,W,225.0,SFOBB METERING LIGHTS,F,,D,1/11/2018 6:25:35 AM,1/11/2018 6:25:35 AM,,True,2,,,,,,,
637270,9370-2017-15634,1,False,9370,9/3/2017 1:30:00 PM,1330,178,14,109,Oakland,1,True,True,B,SIDE SWIPE,,Sunday,NotApplicable,False,M,,False,True,False,Oakland Superior,C,OTHER MOTOR VEHICLE,,0,0,CLEAR,,NO UNUSUAL CONDITIONS,,Counter Report / Late-ReportedA,DAYLIGHT,37.493088,-122.183893,,,,,A,NO PEDESTRIANS INVOLVED,9/3/2017 12:00:00 AM,A,21658(a),False,1,I-880 N/B TO I-80 W/B,,,1/10/2018 11:52:03 AM,A,N,2120.0,Engineer Rd,F,,D,1/10/2018 11:52:47 AM,1/10/2018 11:52:47 AM,,True,2,,,,,,,
636929,9370-2017-15661,1,False,9370,12/25/2017 10:50:00 AM,1050,176,14,109,Oakland,1,True,True,C,REAR END,,Monday,NotApplicable,False,M,,False,True,True,Oakland Superior,C,OTHER MOTOR VEHICLE,,0,0,CLEAR,,NO UNUSUAL CONDITIONS,,A,DAYLIGHT,37.75601,-122.21067,,,,,A,NO PEDESTRIANS INVOLVED,12/25/2017 12:00:00 AM,A,22350,False,1,I-880 S/B to 66th Avenue,,,1/10/2018 8:11:16 AM,A,N,950.0,66TH Avenue,F,,A,1/10/2018 8:12:20 AM,1/10/2018 8:12:20 AM,,True,2,,,,,,,
635738,9370-2017-15723,1,False,9370,12/2/2017 4:00:00 PM,1600,008,14,109,Oakland,1,True,True,C,REAR END,,Saturday,NotApplicable,False,M,,False,True,False,Oakland Superior,C,OTHER MOTOR VEHICLE,,0,0,CLEAR,,NO UNUSUAL CONDITIONS,,Counter ReportA,DAYLIGHT,37.493843,-122.173262,,,,,A,NO PEDESTRIANS INVOLVED,12/2/2017 12:00:00 AM,A,22350,False,2,I-580 W/B to I-80 W/B,,,1/9/2018 5:26:28 AM,A,W,810.0,Mandela Pky,F,,D,1/9/2018 5:27:00 AM,1/9/2018 5:27:00 AM,,True,2,,,,,,,
635735,9370-2017-15654,1,False,9370,12/24/2017 8:35:00 PM,2035,054,14,109,Oakland,1,True,True,C,REAR END,,Sunday,NotApplicable,False,M,,False,True,False,Oakland Superior,C,OTHER MOTOR VEHICLE,,0,0,CLEAR,CLOUDY,NO UNUSUAL CONDITIONS,,C,DARK-STREET LIGHTS,37.483857,-122.14559,,,,,A,NO PEDESTRIANS INVOLVED,12/24/2017 12:00:00 AM,A,22350,False,1,I-580 W/B,,,1/9/2018 5:10:48 AM,A,W,75.0,Grand Ave,F,,D,1/9/2018 5:11:34 AM,1/9/2018 5:11:34 AM,,True,2,,,,,,,
635734,9370-2017-15701,1,False,9370,12/30/2017 1:10:00 PM,1310,054,14,109,Oakland,1,True,True,B,SIDE SWIPE,,Saturday,Yes,False,F,,False,True,True,Oakland Superior,C,OTHER MOTOR VEHICLE,,1,0,CLEAR,,NO UNUSUAL CONDITIONS,,A,DAYLIGHT,37.818366,-122.253168,,,,,A,NO PEDESTRIANS INVOLVED,12/30/2017 12:00:00 AM,A,21658(a),False,1,I-580 E/B,,,1/9/2018 5:01:56 AM,A,W,900.0,Chetwood St,F,,D,1/9/2018 5:06:01 AM,1/9/2018 5:06:01 AM,,True,2,,,,,,,
635195,9370-2017-15700,1,False,9370,12/29/2017 1:40:00 PM,1340,176,14,109,Oakland,1,True,True,B,SIDE SWIPE,,Friday,Yes,False,,,False,True,False,Oakland Superior,C,OTHER MOTOR VEHICLE,,1,0,CLEAR,,NO UNUSUAL CONDITIONS,,A,DAYLIGHT,37.744417,-122.199593,,,,,A,NO PEDESTRIANS INVOLVED,12/29/2017 12:00:00 AM,A,21658(a),False,,I-880 N/B,,,1/8/2018 11:20:23 AM,A,N,1490.0,Hegenberger Rd,F,,D,1/8/2018 11:21:53 AM,1/8/2018 11:21:53 AM,,True,2,,,,,,,
635161,9370-2017-15670,1,False,9370,12/26/2017 5:00:00 PM,1700,054,14,109,Oakland,1,True,True,E,HIT OBJECT,,Tuesday,Yes,False,,,False,True,True,Oakland Superior,I,FIXED OBJECT,CONCRETE WALL,2,0,CLEAR,,NO UNUSUAL CONDITIONS,,B,DUSK-DAWN,37.811578,-122.150058,,,,,A,NO PEDESTRIANS INVOLVED,12/26/2017 12:00:00 AM,A,22107,False,1,I-580 W/B,,,1/8/2018 11:01:53 AM,A,W,525.0,Grand Ave,F,,D,1/8/2018 11:02:35 AM,1/8/2018 11:02:35 AM,,True,2,,,,,,,
3538393,17-000325,2,False,0109,1/3/2017 12:43:00 AM,43,19X,14,109,Oakland,1,True,True,E,HIT OBJECT,,Tuesday,,,,,False,True,False,,I,FIXED OBJECT,,1,0,RAINING,,NO UNUSUAL CONDITIONS - NO UNUSUAL CONDITIONS,,D,DARK-NO STREET LIGHTS,,,,,,,A,NO PEDESTRIANS INVOLVED,,A,22107,,1,RT 880,1,,,B,W,100.0,23RD AV,F,,D,8/5/2024 10:07:20 AM,2/7/2025 8:52:50 AM,,,2,,,,,,,
3538273,17-005811,2,False,0109,2/1/2017 3:30:00 PM,1530,03X,14,109,Oakland,1,True,True,B,SIDE SWIPE,,Wednesday,,,,,False,False,False,,E,PARKED MOTOR VEHICLE,,0,0,CLEAR,,NO UNUSUAL CONDITIONS - NO UNUSUAL CONDITIONS,,A,DAYLIGHT,,,,,,,A,NO PEDESTRIANS INVOLVED,,A,22107,,1,13TH ST,1,,,A,W,4.0,FALLON ST,F,,A,8/5/2024 10:07:05 AM,2/7/2025 8:52:42 AM,,,2,,,,,,,
3538074,17-001541,2,False,0109,1/9/2017 6:23:00 PM,1823,23X,14,109,Oakland,1,True,True,B,SIDE SWIPE,,Monday,,,,,False,False,False,,C,OTHER MOTOR VEHICLE,,0,0,RAINING,,NO UNUSUAL CONDITIONS - NO UNUSUAL CONDITIONS,,C,DARK-STREET LIGHTS,,,,,,,A,NO PEDESTRIANS INVOLVED,,A,21461A,,1,29TH AV,2,,,B,S,20.0,E 12TH ST,F,,A,8/5/2024 10:06:40 AM,2/7/2025 8:52:29 AM,,,2,,,,,,,
3538039,17-001039,2,False,0109,1/6/2017 1:30:00 AM,130,15X,14,109,Oakland,1,True,True,C,REAR END,,Friday,,,M,,False,False,False,,C,OTHER MOTOR VEHICLE,,1,0,CLEAR,,NO UNUSUAL CONDITIONS - NO UNUSUAL CONDITIONS,,A,DAYLIGHT,,,,,,,A,NO PEDESTRIANS INVOLVED,,A,22350,,1,CHATHAM RD,1,,,A,W,45.0,KINGSLEY ST,F,,A,8/5/2024 10:06:36 AM,2/7/2025 8:52:25 AM,,,2,,,,,,,
3538037,17-009754,2,False,0109,1/30/2017 12:00:00 AM,2500,,14,109,Oakland,1,True,True,B,SIDE SWIPE,,Monday,,,M,,False,False,False,,E,PARKED MOTOR VEHICLE,,0,0,CLEAR,,NO UNUSUAL CONDITIONS - NO UNUSUAL CONDITIONS,,,,,,,,,,A,NO PEDESTRIANS INVOLVED,,A,20002,,1,POLARIS WY,,,,A,,,POPLAR WY 818,,,,8/5/2024 10:06:36 AM,2/7/2025 8:52:24 AM,,,2,,,,,,,
3537940,17-003702,2,False,0109,1/21/2017 1:47:00 PM,1347,03X,14,109,Oakland,1,True,True,G,VEHICLE/PEDESTRAIN,,Saturday,,,,,False,False,False,,B,PEDESTRIAN,,1,0,CLOUDY,,NO UNUSUAL CONDITIONS - NO UNUSUAL CONDITIONS,,A,DAYLIGHT,,,,,,,B,CROSSING IN CROSS WALK AT INTERSECTION,,A,21453A,,1,CLAY ST,1,,,B,S,8.0,12TH ST,F,,A,8/5/2024 10:06:24 AM,2/7/2025 8:52:15 AM,,,2,,,,,,,
3537725,17-003186,2,False,0109,1/19/2017 11:18:00 AM,1118,34,14,109,Oakland,1,True,True,E,HIT OBJECT,,Thursday,,,F,,False,False,True,,J,OTHER OBJECT,,0,0,CLEAR,,NO UNUSUAL CONDITIONS - NO UNUSUAL CONDITIONS,,A,DAYLIGHT,,,,,,,A,NO PEDESTRIANS INVOLVED,,A,22350,,1,INTERNATIONAL BL,2,,,A,W,124.0,94TH AV,F,,A,8/5/2024 10:05:57 AM,2/7/2025 8:52:00 AM,,,2,,,,,,,
3537712,17-005154,2,False,0109,1/29/2017 12:56:00 PM,1256,24X,14,109,Oakland,1,True,True,D,BROADSIDE,,Sunday,,,,,False,False,False,,,,,1,0,CLEAR,,NO UNUSUAL CONDITIONS - NO UNUSUAL CONDITIONS,,A,DAYLIGHT,,,,,,,A,NO PEDESTRIANS INVOLVED,,A,22107,,1,HIGH ST,2,,,A,,,CONGRESS AV,,,D,8/5/2024 10:05:55 AM,2/7/2025 8:51:59 AM,,,2,,,,,,,
3537708,17-006581 1088,2,False,0109,2/5/2017 6:54:00 PM,1854,19X,14,109,Oakland,1,True,True,D,BROADSIDE,,Sunday,,,,,False,False,False,,C,OTHER MOTOR VEHICLE,,0,0,RAINING,,NO UNUSUAL CONDITIONS - NO UNUSUAL CONDITIONS,,C,DARK-STREET LIGHTS,,,,,,,A,NO PEDESTRIANS INVOLVED,,A,22450A,,1,E 15TH ST,1,,,B,,,3RD AV,,,D,8/5/2024 10:05:55 AM,2/7/2025 8:51:59 AM,,,2,,,,,,,
3534355,17-000450,2,False,0109,1/3/2017 1:51:00 PM,1351,03,14,109,Oakland,1,True,True,D,BROADSIDE,,Tuesday,,,,,False,False,False,,C,OTHER MOTOR VEHICLE,,2,0,RAINING,,NO UNUSUAL CONDITIONS - NO UNUSUAL CONDITIONS,,A,DAYLIGHT,,,,,,,A,NO PEDESTRIANS INVOLVED,,A,22350,,1,JACKSON ST,1,,,B,,,65TH ST,,,A,8/5/2024 9:59:04 AM,2/7/2025 8:48:02 AM,,,2,,,,,,,
3534246,17-004185,2,False,0109,1/24/2017 11:22:00 AM,1122,29X,14,109,Oakland,1,True,True,D,BROADSIDE,,Tuesday,,,M,,False,False,True,,C,OTHER MOTOR VEHICLE,,0,0,CLEAR,,NO UNUSUAL CONDITIONS - NO UNUSUAL CONDITIONS,,A,DAYLIGHT,,,,,,,A,NO PEDESTRIANS INVOLVED,,A,22107,,1,KUHNLE,2,,,A,,,SUNNYMERE,,,A,8/5/2024 9:58:52 AM,2/7/2025 8:47:54 AM,,,2,,,,,,,
3534242,17-002064,2,False,0109,1/12/2017 12:37:00 PM,1237,03Y,14,109,Oakland,1,True,True,D,BROADSIDE,,Thursday,,,,,False,False,False,,C,OTHER MOTOR VEHICLE,,0,0,CLEAR,,NO UNUSUAL CONDITIONS - NO UNUSUAL CONDITIONS,,A,DAYLIGHT,,,,,,,A,NO PEDESTRIANS INVOLVED,,A,21453A,,1,MARTIN LUTHER KING JR WY,1,,,A,,,7TH ST,,,A,8/5/2024 9:58:51 AM,2/7/2025 8:47:54 AM,,,2,,,,,,,
3534237,17-002266,2,False,0109,1/13/2017 1:12:00 PM,1312,31X,14,109,Oakland,1,True,True,C,REAR END,,Friday,,,M,,False,False,False,,C,OTHER MOTOR VEHICLE,,0,0,CLEAR,,NO UNUSUAL CONDITIONS - NO UNUSUAL CONDITIONS,,A,DAYLIGHT,,,,,,,A,NO PEDESTRIANS INVOLVED,,A,22350,,1,HEGENBERGER RD,2,,,A,S,15.0,HAMILTON ST,F,,A,8/5/2024 9:58:51 AM,2/7/2025 8:47:54 AM,,,2,,,,,,,
3534234,17-003319,2,False,0109,1/19/2017 8:14:00 AM,814,24X,14,109,Oakland,1,True,True,B,SIDE SWIPE,,Thursday,,,,,False,False,True,,,,,0,0,CLOUDY,,NO UNUSUAL CONDITIONS - NO UNUSUAL CONDITIONS,,A,DAYLIGHT,,,,,,,A,NO PEDESTRIANS INVOLVED,,A,22107,,1,HIGH ST,2,,,B,S,138.0,BROOKDALE AV,F,,A,8/5/2024 9:58:50 AM,2/7/2025 8:47:53 AM,,,2,,,,,,,
3534124,17-000285,2,False,0109,1/2/2017 6:59:00 PM,1859,03X,14,109,Oakland,1,True,True,D,BROADSIDE,,Monday,,,,,False,False,False,,C,OTHER MOTOR VEHICLE,,1,0,CLOUDY,,NO UNUSUAL CONDITIONS - NO UNUSUAL CONDITIONS,,C,DARK-STREET LIGHTS,,,,,,,A,NO PEDESTRIANS INVOLVED,,A,21453A,,1,BROADWAY,1,,,A,,,12TH ST,,,A,8/5/2024 9:58:39 AM,2/7/2025 8:47:46 AM,,,2,,,,,,,
3534054,17-001288,2,False,0109,1/8/2017 1:13:00 AM,113,05Y,14,109,Oakland,1,True,True,D,BROADSIDE,,Sunday,,,M,,False,False,False,,C,OTHER MOTOR VEHICLE,,0,0,RAINING,,NO UNUSUAL CONDITIONS - NO UNUSUAL CONDITIONS,,C,DARK-STREET LIGHTS,,,,,,,A,NO PEDESTRIANS INVOLVED,,A,21453A,,1,W GRAND,1,,,B,,,MARKET ST,,,A,8/5/2024 9:58:31 AM,2/7/2025 8:47:41 AM,,,2,,,,,,,
3533747,17-000930,2,False,0109,1/6/2017 12:00:00 AM,2500,21X,14,109,Oakland,1,True,True,B,SIDE SWIPE,,Friday,,,,,False,False,False,,E,PARKED MOTOR VEHICLE,,0,0,CLEAR,,NO UNUSUAL CONDITIONS - NO UNUSUAL CONDITIONS,,C,DARK-STREET LIGHTS,,,,,,,A,NO PEDESTRIANS INVOLVED,,A,23152A,,1,PRENTISS ST,1,,,A,W,500.0,COOLIDGE AV,F,,D,8/5/2024 9:57:57 AM,2/7/2025 8:47:19 AM,,,2,,,,,,,