collision-id,report-number,report-version,is-preliminary,ncic-code,crash-date-time,crash-time-description,beat,city-id,city-code,city-name,county-code,city-is-active,city-is-incorporated,collision-type-code,collision-type-description,collision-type-other-desc,day-of-week,dispatch-notified,has-photographs,hit-run,is-attachments-mailed,is-deleted,is-highway-related,is-tow-away,judicial-district,motor-vehicle-involved-with-code,motor-vehicle-involved-with-desc,motor-vehicle-involved-with-other-desc,number-injured,number-killed,weather-1,weather-2,road-condition-1,road-condition-2,special-condition-lighting-code,lighting-description,latitude,longitude,milepost-direction,milepost-distance,milepost-marker,milepost-unit-of-measure,pedestrian-action-code,pedestrian-action-desc,prepared-date,primary-collision-factor-code,primary-collision-factor-violation,primary-collision-factor-is-cited,primary-collision-party-number,primary-road,reporting-district,reporting-district-code,reviewed-date,roadway-surface-code,secondary-direction,secondary-distance,secondary-road,secondary-unit-of-measure,sketch-desc,traffic-control-device-code,created-date,modified-date,is-county-road,is-freeway,chp-555-version,is-additonal-object-struck,notification-date,notification-time-description,has-digital-media-files,evidence-number,is-location-refer-to-narrative,is-aoi-one-same-as-location
3529922,17-001941,2,False,0109,1/12/2017 8:50:00 PM,2050,16Y,14,109,Oakland,1,True,True,B,SIDE SWIPE,,Thursday,,,,,False,False,False,,C,OTHER MOTOR VEHICLE,,2,0,CLOUDY,,NO UNUSUAL CONDITIONS - NO UNUSUAL CONDITIONS,,C,DARK-STREET LIGHTS,,,,,,,A,NO PEDESTRIANS INVOLVED,,A,22107,,1,MACARTHUR BL,1,,,A,E,70.0,CANON AV,F,,D,8/5/2024 9:50:49 AM,2/7/2025 8:42:52 AM,,,2,,,,,,,
3529210,17-016384,2,False,0109,3/4/2017 2:50:00 AM,250,22X,14,109,Oakland,1,True,True,C,REAR END,,Saturday,,,,,False,False,False,,C,OTHER MOTOR VEHICLE,,0,0,CLEAR,,NO UNUSUAL CONDITIONS - NO UNUSUAL CONDITIONS,,C,DARK-STREET LIGHTS,,,,,,,A,NO PEDESTRIANS INVOLVED,,B,,,1,MACARTHUR BL,1,,,A,,,BOSTON AV,,,D,8/5/2024 9:49:34 AM,2/7/2025 8:42:01 AM,,,2,,,,,,,
3529201,17-012610,2,False,0109,3/10/2017 5:25:00 AM,525,09X,14,109,Oakland,1,True,True,B,SIDE SWIPE,,Friday,,,,,False,False,False,,C,OTHER MOTOR VEHICLE,,0,0,CLEAR,,NO UNUSUAL CONDITIONS - NO UNUSUAL CONDITIONS,,C,DARK-STREET LIGHTS,,,,,,,A,NO PEDESTRIANS INVOLVED,,A,22107,,1,BROADWAY,1,,,A,S,54.0,MATHER ST,F,,D,8/5/2024 9:49:33 AM,2/7/2025 8:42:00 AM,,,2,,,,,,,
3529138,17-011930 1866,2,False,0109,3/6/2017 8:20:00 PM,2020,30X,14,109,Oakland,1,True,True,A,HEAD-ON,,Monday,,,,,False,False,False,,C,OTHER MOTOR VEHICLE,,1,0,CLEAR,,NO UNUSUAL CONDITIONS - NO UNUSUAL CONDITIONS,,C,DARK-STREET LIGHTS,,,,,,,A,NO PEDESTRIANS INVOLVED,,A,23152A,,1,73RD AV,2,,,A,N,65.0,FRESNO ST,F,,D,8/5/2024 9:49:27 AM,2/7/2025 8:41:56 AM,,,2,,,,,,,
3529135,17-011702 1845,2,False,0109,3/5/2017 5:45:00 PM,1745,21Y,14,109,Oakland,1,True,True,A,HEAD-ON,,Sunday,,,,,False,False,True,,C,OTHER MOTOR VEHICLE,,4,0,CLOUDY,,NO UNUSUAL CONDITIONS - NO UNUSUAL CONDITIONS,,C,DARK-STREET LIGHTS,,,,,,,A,NO PEDESTRIANS INVOLVED,,A,23152A,,1,FRUITVALE AV,2,,,A,N,300.0,E 19TH ST,F,,D,8/5/2024 9:49:26 AM,2/7/2025 8:41:56 AM,,,2,,,,,,,
3548452,17-009112,2,False,0109,2/19/2017 11:24:00 AM,1124,26X,14,109,Oakland,1,True,True,D,BROADSIDE,,Sunday,,,M,,False,False,False,,C,OTHER MOTOR VEHICLE,,0,0,RAINING,,OBSTRUCTION ON ROADWAY* - OBSTRUCTION ON ROADWAY*,,A,DAYLIGHT,,,,,,,A,NO PEDESTRIANS INVOLVED,,A,21801A,,1,INTERNATIONAL BL,2,,,B,,,81ST AV,,,D,8/5/2024 10:30:12 AM,2/7/2025 9:04:11 AM,,,2,,,,,,,
3548367,17-005955,2,False,0109,2/2/2017 11:27:00 AM,1127,29X,14,109,Oakland,1,True,True,C,REAR END,,Thursday,,,,,False,False,False,,C,OTHER MOTOR VEHICLE,,2,0,CLEAR,,NO UNUSUAL CONDITIONS - NO UNUSUAL CONDITIONS,,A,DAYLIGHT,,,,,,,A,NO PEDESTRIANS INVOLVED,,D,,,,FOOTHILL BL,2,,,A,,,73RD AV,,,A,8/5/2024 10:29:59 AM,2/7/2025 9:04:06 AM,,,2,,,,,,,
3548309,17-002275,2,False,0109,1/13/2017 1:45:00 PM,1345,20X,14,109,Oakland,1,True,True,C,REAR END,,Friday,,,M,,False,False,True,,C,OTHER MOTOR VEHICLE,,0,0,CLEAR,,NO UNUSUAL CONDITIONS - NO UNUSUAL CONDITIONS,,A,DAYLIGHT,,,,,,,A,NO PEDESTRIANS INVOLVED,,A,22350,,1,E 12TH ST,1,,,A,E,100.0,25TH AV,F,,D,8/5/2024 10:29:51 AM,2/7/2025 9:04:02 AM,,,2,,,,,,,
3548305,17-000365,2,False,0109,1/3/2017 9:50:00 AM,950,26X,14,109,Oakland,1,True,True,D,BROADSIDE,,Tuesday,,,M,,False,True,True,,C,OTHER MOTOR VEHICLE,,0,0,RAINING,,NO UNUSUAL CONDITIONS - NO UNUSUAL CONDITIONS,,A,DAYLIGHT,,,,,,,A,NO PEDESTRIANS INVOLVED,,A,21453A,,1,66TH AV,2,,,B,,,COLISEUM WY,,,A,8/5/2024 10:29:51 AM,2/7/2025 9:04:02 AM,,,2,,,,,,,
3548302,17-002326,2,False,0109,1/13/2017 2:15:00 PM,1415,24X,14,109,Oakland,1,True,True,B,SIDE SWIPE,,Friday,,,M,,False,False,False,,C,OTHER MOTOR VEHICLE,,0,0,CLEAR,,NO UNUSUAL CONDITIONS - NO UNUSUAL CONDITIONS,,A,DAYLIGHT,,,,,,,A,NO PEDESTRIANS INVOLVED,,A,22107,,1,39TH AV,2,,,A,N,30.0,MERA ST,F,,D,8/5/2024 10:29:50 AM,2/7/2025 9:04:01 AM,,,2,,,,,,,
3548244,17-002204,2,False,0109,1/13/2017 5:55:00 AM,555,32X,14,109,Oakland,1,True,True,D,BROADSIDE,,Friday,,,,,False,False,False,,C,OTHER MOTOR VEHICLE,,1,0,CLEAR,,NO UNUSUAL CONDITIONS - NO UNUSUAL CONDITIONS,,C,DARK-STREET LIGHTS,,,,,,,A,NO PEDESTRIANS INVOLVED,,A,21453A,,1,INTERNATIONAL BL,2,,,A,,,104TH AV,,,A,8/5/2024 10:29:42 AM,2/7/2025 9:03:58 AM,,,2,,,,,,,
3548240,17-002291,2,False,0109,1/13/2017 4:00:00 PM,1600,10X,14,109,Oakland,1,True,True,D,BROADSIDE,,Friday,,,M,,False,False,False,,C,OTHER MOTOR VEHICLE,,1,0,CLEAR,,NO UNUSUAL CONDITIONS - NO UNUSUAL CONDITIONS,,A,DAYLIGHT,,,,,,,A,NO PEDESTRIANS INVOLVED,,A,22450A,,1,MARKET ST,1,,,A,,,45TH ST,,,A,8/5/2024 10:29:41 AM,2/7/2025 9:03:57 AM,,,2,,,,,,,
3548235,17-002350,2,False,0109,1/13/2017 10:00:00 PM,2200,09X,14,109,Oakland,1,True,True,D,BROADSIDE,,Friday,,,,,False,False,False,,C,OTHER MOTOR VEHICLE,,2,0,CLEAR,,NO UNUSUAL CONDITIONS - NO UNUSUAL CONDITIONS,,C,DARK-STREET LIGHTS,,,,,,,A,NO PEDESTRIANS INVOLVED,,A,21453A,,,MACARTHUR BL,1,,,A,,,OAKLAND AV,,,A,8/5/2024 10:29:41 AM,2/7/2025 9:03:57 AM,,,2,,,,,,,
3548058,17-002152,2,False,0109,1/12/2017 9:05:00 PM,2105,23X,14,109,Oakland,1,True,True,C,REAR END,,Thursday,,,,,False,True,False,,C,OTHER MOTOR VEHICLE,,1,0,CLEAR,,NO UNUSUAL CONDITIONS - NO UNUSUAL CONDITIONS,,C,DARK-STREET LIGHTS,,,,,,,A,NO PEDESTRIANS INVOLVED,,A,22350,,1,42ND AV,2,,,A,N,50.0,RT 880,F,,A,8/5/2024 10:29:16 AM,2/7/2025 9:03:46 AM,,,2,,,,,,,
3548020,17-001977,2,False,0109,1/12/2017 2:32:00 AM,232,27X,14,109,Oakland,1,True,True,B,SIDE SWIPE,,Thursday,,,M,,False,False,True,,E,PARKED MOTOR VEHICLE,,0,0,RAINING,,NO UNUSUAL CONDITIONS - NO UNUSUAL CONDITIONS,,C,DARK-STREET LIGHTS,,,,,,,A,NO PEDESTRIANS INVOLVED,,A,22107,,1,BANCROFT AV,2,,,B,E,20.0,55TH AV,F,,A,8/5/2024 10:29:11 AM,2/7/2025 9:03:43 AM,,,2,,,,,,,
3547579,17-007390,2,False,0109,2/9/2017 6:08:00 PM,1808,264,14,109,Oakland,1,True,True,H,OTHER,,Thursday,,,,,False,False,True,,C,OTHER MOTOR VEHICLE,,0,0,RAINING,,NO UNUSUAL CONDITIONS - NO UNUSUAL CONDITIONS,,C,DARK-STREET LIGHTS,,,,,,,A,NO PEDESTRIANS INVOLVED,,A,21806,,,INTERNATIONAL,,,,B,,,INTERNATIONAL 6400,,,D,8/5/2024 10:28:09 AM,2/7/2025 9:03:15 AM,,,1,,,,,,,
3547272,17-000098,2,False,0109,1/1/2017 3:53:00 PM,1553,08,14,109,Oakland,1,True,True,D,BROADSIDE,,Sunday,,,,,False,False,True,,C,OTHER MOTOR VEHICLE,,0,0,CLOUDY,,NO UNUSUAL CONDITIONS - NO UNUSUAL CONDITIONS,,A,DAYLIGHT,,,,,,,A,NO PEDESTRIANS INVOLVED,,A,21453A,,1,27TH ST,1,,,A,,,NORTHGATE AV,,,A,8/5/2024 10:27:25 AM,2/7/2025 9:02:54 AM,,,2,,,,,,,
3546975,17-001384 1164,2,False,0109,1/8/2017 8:28:00 PM,2028,32X,14,109,Oakland,1,True,True,D,BROADSIDE,,Sunday,,,,,False,False,False,,C,OTHER MOTOR VEHICLE,,1,0,RAINING,,NO UNUSUAL CONDITIONS - NO UNUSUAL CONDITIONS,,C,DARK-STREET LIGHTS,,,,,,,A,NO PEDESTRIANS INVOLVED,,A,21802A,,1,INTERNATIONAL BL,2,,,B,,,TUCKER ST,,,A,8/5/2024 10:26:43 AM,2/7/2025 9:02:35 AM,,,2,,,,,,,
3545556,17-002005,2,False,0109,1/12/2017 7:30:00 AM,730,21X,14,109,Oakland,1,True,True,D,BROADSIDE,,Thursday,,,,,False,False,False,,C,OTHER MOTOR VEHICLE,,0,0,RAINING,,NO UNUSUAL CONDITIONS - NO UNUSUAL CONDITIONS,,A,DAYLIGHT,,,,,,,A,NO PEDESTRIANS INVOLVED,,A,21804A,,1,E 23RD ST,1,,,B,W,60.0,FRUITVALE AV,F,,D,8/5/2024 10:23:18 AM,2/7/2025 9:01:03 AM,,,2,,,,,,,
3545550,17-001697,2,False,0109,1/10/2017 3:02:00 PM,1502,11X,14,109,Oakland,1,True,True,D,BROADSIDE,,Tuesday,,,,,False,False,False,,C,OTHER MOTOR VEHICLE,,0,0,RAINING,,NO UNUSUAL CONDITIONS - NO UNUSUAL CONDITIONS,,A,DAYLIGHT,,,,,,,A,NO PEDESTRIANS INVOLVED,,A,21453C,,1,MARTIN LUTHER KING JR WY,1,,,B,,,55TH ST,,,A,8/5/2024 10:23:17 AM,2/7/2025 9:01:03 AM,,,2,,,,,,,
3542647,17-001366,2,False,0109,1/8/2017 5:31:00 PM,1731,21X,14,109,Oakland,1,True,True,D,BROADSIDE,,Sunday,,,,,False,False,False,,C,OTHER MOTOR VEHICLE,,1,0,RAINING,,NO UNUSUAL CONDITIONS - NO UNUSUAL CONDITIONS,,C,DARK-STREET LIGHTS,,,,,,,A,NO PEDESTRIANS INVOLVED,,A,22102,,1,23RD AV,1,,,B,,,E 21ST ST,,,A,8/5/2024 10:16:35 AM,2/7/2025 8:57:47 AM,,,2,,,,,,,
3542644,14-000926,2,False,0109,1/6/2017 12:20:00 AM,20,24X,14,109,Oakland,1,True,True,B,SIDE SWIPE,,Friday,,,F,,False,False,False,,E,PARKED MOTOR VEHICLE,,2,0,CLEAR,,NO UNUSUAL CONDITIONS - NO UNUSUAL CONDITIONS,,C,DARK-STREET LIGHTS,,,,,,,A,NO PEDESTRIANS INVOLVED,,A,22107,,1,FOOTHILL BL,2,,,A,E,60.0,28TH AV,F,,A,8/5/2024 10:16:34 AM,2/7/2025 8:57:46 AM,,,2,,,,,,,
3542642,17-001723,2,False,0109,1/10/2017 5:30:00 PM,1730,31X,14,109,Oakland,1,True,True,E,HIT OBJECT,,Tuesday,,,,,False,False,False,,I,FIXED OBJECT,,0,0,RAINING,,NO UNUSUAL CONDITIONS - NO UNUSUAL CONDITIONS,,B,DUSK-DAWN,,,,,,,A,NO PEDESTRIANS INVOLVED,,A,22107,,1,98TH AV,2,,,B,S,4.0,SAN LEANDRO ST,F,,A,8/5/2024 10:16:34 AM,2/7/2025 8:57:46 AM,,,2,,,,,,,
3542566,17-001111,2,False,0109,1/6/2017 7:00:00 PM,1900,32X,14,109,Oakland,1,True,True,A,HEAD-ON,,Friday,,,,,False,False,False,,C,OTHER MOTOR VEHICLE,,0,0,CLEAR,,NO UNUSUAL CONDITIONS - NO UNUSUAL CONDITIONS,,C,DARK-STREET LIGHTS,,,,,,,A,NO PEDESTRIANS INVOLVED,,A,23152A,,1,BANCROFT AV,2,,,A,,,108TH AV,,,A,8/5/2024 10:16:25 AM,2/7/2025 8:57:40 AM,,,2,,,,,,,
3542533,17-001178,2,False,0109,1/7/2017 8:25:00 AM,825,26X,14,109,Oakland,1,True,True,D,BROADSIDE,,Saturday,,,,,False,False,False,,C,OTHER MOTOR VEHICLE,,1,0,RAINING,,NO UNUSUAL CONDITIONS - NO UNUSUAL CONDITIONS,,A,DAYLIGHT,,,,,,,A,NO PEDESTRIANS INVOLVED,,D,,,,50TH AV,2,,,B,,,SAN LEANDRO ST,,,A,8/5/2024 10:16:21 AM,2/7/2025 8:57:36 AM,,,2,,,,,,,
3542530,17-001258,2,False,0109,1/7/2017 9:27:00 PM,2127,19X,14,109,Oakland,1,True,True,D,BROADSIDE,,Saturday,,,,,False,False,False,,C,OTHER MOTOR VEHICLE,,0,0,RAINING,,NO UNUSUAL CONDITIONS - NO UNUSUAL CONDITIONS,,C,DARK-STREET LIGHTS,,,,,,,A,NO PEDESTRIANS INVOLVED,,A,21802A,,1,E 15TH ST,1,,,B,,,3RD AV,,,D,8/5/2024 10:16:20 AM,2/7/2025 8:57:36 AM,,,2,,,,,,,
3540850,17-000468,2,False,0109,1/3/2017 2:20:00 PM,1420,04X,14,109,Oakland,1,True,True,D,BROADSIDE,,Tuesday,,,,,False,False,True,,C,OTHER MOTOR VEHICLE,,0,0,RAINING,,NO UNUSUAL CONDITIONS - NO UNUSUAL CONDITIONS,,A,DAYLIGHT,,,,,,,A,NO PEDESTRIANS INVOLVED,,A,21801A,,1,WEBSTER ST,1,,,B,N,240.0,19TH ST,F,,D,8/5/2024 10:12:35 AM,2/7/2025 8:55:41 AM,,,2,,,,,,,
3540842,17-001081,2,False,0109,1/6/2017 4:25:00 PM,1625,08X,14,109,Oakland,1,True,True,C,REAR END,,Friday,,,,,False,False,False,,C,OTHER MOTOR VEHICLE,,0,0,CLEAR,,NO UNUSUAL CONDITIONS - NO UNUSUAL CONDITIONS,,A,DAYLIGHT,,,,,,,A,NO PEDESTRIANS INVOLVED,,A,22350,,1,W GRAND AV,1,,,A,S,20.0,NORTHGATE ST,F,,A,8/5/2024 10:12:34 AM,2/7/2025 8:55:41 AM,,,2,,,,,,,
3540506,17-001319,2,False,0109,1/8/2017 9:07:00 AM,907,32Y,14,109,Oakland,1,True,True,D,BROADSIDE,,Sunday,,,,,False,False,False,,C,OTHER MOTOR VEHICLE,,0,0,RAINING,,NO UNUSUAL CONDITIONS - NO UNUSUAL CONDITIONS,,A,DAYLIGHT,,,,,,,A,NO PEDESTRIANS INVOLVED,,A,21802A,,1,100TH AV,2,,,B,,,BANCROFT AV,,,A,8/5/2024 10:11:47 AM,2/7/2025 8:55:19 AM,,,2,,,,,,,
3540502,17-001484,2,False,0109,1/9/2017 11:55:00 AM,1155,13Z,14,109,Oakland,1,True,True,E,HIT OBJECT,,Monday,,,,,False,False,False,,I,FIXED OBJECT,,0,0,CLOUDY,,NO UNUSUAL CONDITIONS - NO UNUSUAL CONDITIONS,,A,DAYLIGHT,,,,,,,A,NO PEDESTRIANS INVOLVED,,A,22107,,1,LA SALLE AV,1,,,A,S,55.0,MOUNTAIN BL,F,,D,8/5/2024 10:11:46 AM,2/7/2025 8:55:19 AM,,,2,,,,,,,
3540497,17-001279,2,False,0109,1/8/2017 12:25:00 AM,25,03X,14,109,Oakland,1,True,True,B,SIDE SWIPE,,Sunday,,,,,False,False,False,,C,OTHER MOTOR VEHICLE,,0,0,RAINING,,NO UNUSUAL CONDITIONS - NO UNUSUAL CONDITIONS,,C,DARK-STREET LIGHTS,,,,,,,A,NO PEDESTRIANS INVOLVED,,A,22107,,1,11TH ST,1,,,B,E,30.0,CLAY ST,F,,A,8/5/2024 10:11:46 AM,2/7/2025 8:55:19 AM,,,2,,,,,,,
3540461,17-001958,2,False,0109,1/11/2017 11:45:00 PM,2345,23X,14,109,Oakland,1,True,True,C,REAR END,,Wednesday,,,,,False,False,False,,C,OTHER MOTOR VEHICLE,,2,0,CLOUDY,,NO UNUSUAL CONDITIONS - NO UNUSUAL CONDITIONS,,C,DARK-STREET LIGHTS,,,,,,,A,NO PEDESTRIANS INVOLVED,,A,23152A,,1,INTERNATIONAL BL,2,,,B,E,150.0,37TH AV,F,,A,8/5/2024 10:11:42 AM,2/7/2025 8:55:16 AM,,,2,,,,,,,
3540458,17-000511,2,False,0109,1/3/2017 7:15:00 PM,1915,23X,14,109,Oakland,1,True,True,G,VEHICLE/PEDESTRAIN,,Tuesday,,,,,False,False,False,,B,PEDESTRIAN,,1,0,RAINING,,NO UNUSUAL CONDITIONS - NO UNUSUAL CONDITIONS,,C,DARK-STREET LIGHTS,,,,,,,B,CROSSING IN CROSS WALK AT INTERSECTION,,A,21950A,,1,HIGH ST,2,,,B,,,INTERNATIONAL BL,,,A,8/5/2024 10:11:41 AM,2/7/2025 8:55:16 AM,,,2,,,,,,,
3540442,17-004869,2,False,0109,1/27/2017 6:05:00 PM,1805,24X,14,109,Oakland,1,True,True,B,SIDE SWIPE,,Friday,,,,,False,False,False,,G,BICYCLE,,1,0,CLEAR,,NO UNUSUAL CONDITIONS - NO UNUSUAL CONDITIONS,,C,DARK-STREET LIGHTS,,,,,,,A,NO PEDESTRIANS INVOLVED,,A,22450A,,1,35TH AV,2,,,A,,,DAVIS ST,,,A,8/5/2024 10:11:39 AM,2/7/2025 8:55:15 AM,,,2,,,,,,,
3540439,17-001066,2,False,0109,1/6/2017 2:31:00 PM,1431,14X,14,109,Oakland,1,True,True,D,BROADSIDE,,Friday,,,,,False,False,False,,C,OTHER MOTOR VEHICLE,,1,0,CLEAR,,NO UNUSUAL CONDITIONS - NO UNUSUAL CONDITIONS,,A,DAYLIGHT,,,,,,,A,NO PEDESTRIANS INVOLVED,,A,21801A,,1,GRAND AV,1,,,A,,,LAKEPARK AV,,,A,8/5/2024 10:11:39 AM,2/7/2025 8:55:15 AM,,,2,,,,,,,
3540179,17-007404,2,False,0109,2/9/2017 6:17:00 PM,1817,23X,14,109,Oakland,1,True,True,D,BROADSIDE,,Thursday,,,,,False,False,False,,C,OTHER MOTOR VEHICLE,,0,0,RAINING,,NO UNUSUAL CONDITIONS - NO UNUSUAL CONDITIONS,,C,DARK-STREET LIGHTS,,,,,,,A,NO PEDESTRIANS INVOLVED,,A,21801A,,1,40TH AV,2,,,B,,,E 12TH ST,,,A,8/5/2024 10:11:06 AM,2/7/2025 8:54:58 AM,,,2,,,,,,,
3540177,17-000901,2,False,0109,1/5/2017 8:17:00 PM,2017,19X,14,109,Oakland,1,True,True,C,REAR END,,Thursday,,,,,False,False,False,,E,PARKED MOTOR VEHICLE,,1,0,CLEAR,,NO UNUSUAL CONDITIONS - NO UNUSUAL CONDITIONS,,C,DARK-STREET LIGHTS,,,,,,,A,NO PEDESTRIANS INVOLVED,,A,22107,,1,62ND,1,,,A,E,45.0,HERZOG ST,F,,A,8/5/2024 10:11:06 AM,2/7/2025 8:54:58 AM,,,2,,,,,,,
3539893,17-006163,2,False,0109,2/3/2017 12:09:00 PM,1209,31Y,14,109,Oakland,1,True,True,D,BROADSIDE,,Friday,,,,,False,False,False,,C,OTHER MOTOR VEHICLE,,1,0,CLOUDY,,NO UNUSUAL CONDITIONS - NO UNUSUAL CONDITIONS,,A,DAYLIGHT,,,,,,,A,NO PEDESTRIANS INVOLVED,,A,21453A,,1,98TH AV,2,,,A,,,DENSLOWE AV,,,A,8/5/2024 10:10:31 AM,2/7/2025 8:54:40 AM,,,2,,,,,,,
3539825,17-000592,2,False,0109,1/4/2017 8:54:00 AM,854,04X,14,109,Oakland,1,True,True,B,SIDE SWIPE,,Wednesday,,,,,False,False,False,,G,BICYCLE,,1,0,RAINING,,NO UNUSUAL CONDITIONS - NO UNUSUAL CONDITIONS,,A,DAYLIGHT,,,,,,,A,NO PEDESTRIANS INVOLVED,,A,21202A,,1,HARRISON ST,1,,,B,S,300.0,19TH ST,F,,D,8/5/2024 10:10:22 AM,2/7/2025 8:54:35 AM,,,2,,,,,,,
3539819,17-000538,2,False,0109,1/3/2017 9:51:00 PM,2151,08X,14,109,Oakland,1,True,True,A,HEAD-ON,,Tuesday,,,,,False,False,False,,C,OTHER MOTOR VEHICLE,,2,0,RAINING,,NO UNUSUAL CONDITIONS - NO UNUSUAL CONDITIONS,,C,DARK-STREET LIGHTS,,,,,,,A,NO PEDESTRIANS INVOLVED,,A,21651B,,1,NORTHGATE AV,1,,,B,S,20.0,24TH ST,F,,A,8/5/2024 10:10:21 AM,2/7/2025 8:54:35 AM,,,2,,,,,,,
3539805,17-001129,2,False,0109,1/6/2017 10:50:00 PM,2250,30,14,109,Oakland,1,True,True,C,REAR END,,Friday,,,M,,False,False,False,,C,OTHER MOTOR VEHICLE,,1,0,CLEAR,,NO UNUSUAL CONDITIONS - NO UNUSUAL CONDITIONS,,C,DARK-STREET LIGHTS,,,,,,,B,CROSSING IN CROSS WALK AT INTERSECTION,,A,22350,,1,BANCROFT AV,2,,,A,,,78TH AV,,,A,8/5/2024 10:10:19 AM,2/7/2025 8:54:34 AM,,,2,,,,,,,
3539775,17-000461,2,False,0109,1/3/2017 8:30:00 AM,830,30X,14,109,Oakland,1,True,True,B,SIDE SWIPE,,Tuesday,,,M,,False,False,False,,G,BICYCLE,,1,0,RAINING,,NO UNUSUAL CONDITIONS - NO UNUSUAL CONDITIONS,,A,DAYLIGHT,,,,,,,B,CROSSING IN CROSS WALK AT INTERSECTION,,A,,,1,73RD AV,2,,,B,,,BANCROFT AV,,,A,8/5/2024 10:10:15 AM,2/7/2025 8:54:30 AM,,,2,,,,,,,
3539772,17-000026,2,False,0109,1/1/2017 3:12:00 AM,312,32X,14,109,Oakland,1,True,True,D,BROADSIDE,,Sunday,,,M,,False,False,True,,C,OTHER MOTOR VEHICLE,,1,0,CLEAR,,NO UNUSUAL CONDITIONS - NO UNUSUAL CONDITIONS,,C,DARK-STREET LIGHTS,,,,,,,A,NO PEDESTRIANS INVOLVED,,A,22450A,,1,98TH AV,2,,,A,,,OLIVE ST,,,A,8/5/2024 10:10:15 AM,2/7/2025 8:54:30 AM,,,2,,,,,,,
3538582,17-001544,2,False,0109,1/9/2017 7:19:00 PM,1919,33X,14,109,Oakland,1,True,True,H,OTHER,,Monday,,,,,False,False,False,,E,PARKED MOTOR VEHICLE,,0,0,RAINING,,NO UNUSUAL CONDITIONS - NO UNUSUAL CONDITIONS,,C,DARK-STREET LIGHTS,,,,,,,A,NO PEDESTRIANS INVOLVED,,B,,,1,92ND AV,2,,,B,N,15.0,B ST,F,,D,8/5/2024 10:07:45 AM,2/7/2025 8:53:03 AM,,,2,,,,,,,
3538579,17-002577,2,False,0109,1/15/2017 6:13:00 AM,613,01X,14,109,Oakland,1,True,True,E,HIT OBJECT,,Sunday,,,,,False,False,False,,I,FIXED OBJECT,,0,0,FOG/VISIBILITY,,NO UNUSUAL CONDITIONS - NO UNUSUAL CONDITIONS,,C,DARK-STREET LIGHTS,,,,,,,A,NO PEDESTRIANS INVOLVED,,B,,,1,MARKET ST,1,,,A,,,3RD ST,,,D,8/5/2024 10:07:45 AM,2/7/2025 8:53:03 AM,,,2,,,,,,,
3538576,17-002330,2,False,0109,1/13/2017 8:00:00 PM,2000,31X,14,109,Oakland,1,True,True,B,SIDE SWIPE,,Friday,,,,,False,False,False,,E,PARKED MOTOR VEHICLE,,0,0,CLEAR,,NO UNUSUAL CONDITIONS - NO UNUSUAL CONDITIONS,,C,DARK-STREET LIGHTS,,,,,,,A,NO PEDESTRIANS INVOLVED,,B,,,1,CATRON DR,2,,,A,W,145.0,BERGEDO DR,F,,D,8/5/2024 10:07:45 AM,2/7/2025 8:53:03 AM,,,2,,,,,,,
3558533,17-011810,2,False,0109,3/6/2017 8:10:00 AM,810,30X,14,109,Oakland,1,True,True,D,BROADSIDE,,Monday,,,,,False,False,False,,C,OTHER MOTOR VEHICLE,,0,0,CLOUDY,,NO UNUSUAL CONDITIONS - NO UNUSUAL CONDITIONS,,A,DAYLIGHT,,,,,,,A,NO PEDESTRIANS INVOLVED,,A,21802A,,1,79TH AV,2,,,B,,,HILLSIDE ST,,,A,8/5/2024 10:55:20 AM,2/7/2025 9:15:29 AM,,,2,,,,,,,
3558525,17-010925,2,False,0109,3/1/2017 8:05:00 AM,805,31X,14,109,Oakland,1,True,True,B,SIDE SWIPE,,Wednesday,,,M,,False,False,False,,C,OTHER MOTOR VEHICLE,,0,0,CLEAR,,NO UNUSUAL CONDITIONS - NO UNUSUAL CONDITIONS,,A,DAYLIGHT,,,,,,,A,NO PEDESTRIANS INVOLVED,,A,22350,,1,HEGENBERGER RD,2,,,A,,,COLISEUM WY,,,A,8/5/2024 10:55:18 AM,2/7/2025 9:15:29 AM,,,2,,,,,,,
3558516,17-011990,2,False,0109,3/7/2017 8:29:00 AM,829,27X,14,109,Oakland,1,True,True,C,REAR END,,Tuesday,,,,,False,False,False,,E,PARKED MOTOR VEHICLE,,2,0,CLOUDY,,NO UNUSUAL CONDITIONS - NO UNUSUAL CONDITIONS,,A,DAYLIGHT,,,,,,,A,NO PEDESTRIANS INVOLVED,,A,22106,,1,50TH AV,2,,,A,S,245.0,BANCROFT AV,F,,D,8/5/2024 10:55:17 AM,2/7/2025 9:15:28 AM,,,2,,,,,,,
3558507,17-004597,2,False,0109,1/26/2017 9:55:00 AM,955,03X,14,109,Oakland,1,True,True,C,REAR END,,Thursday,,,,,False,False,False,,C,OTHER MOTOR VEHICLE,,1,0,CLEAR,,NO UNUSUAL CONDITIONS - NO UNUSUAL CONDITIONS,,A,DAYLIGHT,,,,,,,A,NO PEDESTRIANS INVOLVED,,A,21703,,1,HARRISON ST,1,,,A,S,10.0,11TH ST,F,,A,8/5/2024 10:55:16 AM,2/7/2025 9:15:27 AM,,,2,,,,,,,
3558502,17-013575,2,False,0109,3/15/2017 10:00:00 AM,1000,14X,14,109,Oakland,1,True,True,E,HIT OBJECT,,Wednesday,,,,,False,False,False,,I,FIXED OBJECT,,0,0,CLEAR,,NO UNUSUAL CONDITIONS - NO UNUSUAL CONDITIONS,,A,DAYLIGHT,,,,,,,A,NO PEDESTRIANS INVOLVED,,A,22107,,1,VERNON ST,1,,,A,W,1000.0,LEE,F,,D,8/5/2024 10:55:15 AM,2/7/2025 9:15:27 AM,,,2,,,,,,,
3558499,17-003864,2,False,0109,1/22/2017 5:28:00 PM,1728,07X,14,109,Oakland,1,True,True,D,BROADSIDE,,Sunday,,,M,,False,False,False,,C,OTHER MOTOR VEHICLE,,1,0,RAINING,,NO UNUSUAL CONDITIONS - NO UNUSUAL CONDITIONS,,B,DUSK-DAWN,,,,,,,A,NO PEDESTRIANS INVOLVED,,A,22450A,,1,MANDELA PKWY,1,,,B,,,24TH ST,,,D,8/5/2024 10:55:14 AM,2/7/2025 9:15:27 AM,,,2,,,,,,,