collision-id,report-number,report-version,is-preliminary,ncic-code,crash-date-time,crash-time-description,beat,city-id,city-code,city-name,county-code,city-is-active,city-is-incorporated,collision-type-code,collision-type-description,collision-type-other-desc,day-of-week,dispatch-notified,has-photographs,hit-run,is-attachments-mailed,is-deleted,is-highway-related,is-tow-away,judicial-district,motor-vehicle-involved-with-code,motor-vehicle-involved-with-desc,motor-vehicle-involved-with-other-desc,number-injured,number-killed,weather-1,weather-2,road-condition-1,road-condition-2,special-condition-lighting-code,lighting-description,latitude,longitude,milepost-direction,milepost-distance,milepost-marker,milepost-unit-of-measure,pedestrian-action-code,pedestrian-action-desc,prepared-date,primary-collision-factor-code,primary-collision-factor-violation,primary-collision-factor-is-cited,primary-collision-party-number,primary-road,reporting-district,reporting-district-code,reviewed-date,roadway-surface-code,secondary-direction,secondary-distance,secondary-road,secondary-unit-of-measure,sketch-desc,traffic-control-device-code,created-date,modified-date,is-county-road,is-freeway,chp-555-version,is-additonal-object-struck,notification-date,notification-time-description,has-digital-media-files,evidence-number,is-location-refer-to-narrative,is-aoi-one-same-as-location
3622711,17-013307,2,False,0109,3/14/2017 8:13:00 AM,813,27X,14,109,Oakland,1,True,True,G,VEHICLE/PEDESTRAIN,,Tuesday,,,M,,False,False,False,,,,,1,0,CLEAR,,NO UNUSUAL CONDITIONS - NO UNUSUAL CONDITIONS,,A,DAYLIGHT,,,,,,,D,CROSSING - NOT IN CROSSWALK,,D,,,,INTERNATIONAL BL,2,,,A,W,20.0,51ST AV,F,,A,8/5/2024 3:43:21 PM,2/7/2025 1:26:06 PM,,,2,,,,,,,
3622707,17-014811,2,False,0109,3/21/2017 7:14:00 PM,1914,27X,14,109,Oakland,1,True,True,B,SIDE SWIPE,,Tuesday,,,,,False,False,False,,E,PARKED MOTOR VEHICLE,,1,0,CLEAR,,NO UNUSUAL CONDITIONS - NO UNUSUAL CONDITIONS,,C,DARK-STREET LIGHTS,,,,,,,A,NO PEDESTRIANS INVOLVED,,A,22107,,1,AVENAL AV,1,,,A,W,60.0,63RD AV,F,,D,8/5/2024 3:43:20 PM,2/7/2025 1:26:06 PM,,,2,,,,,,,
3622703,17-016036,2,False,0109,3/28/2017 10:03:00 AM,1003,19X,14,109,Oakland,1,True,True,H,OTHER,,Tuesday,,,,,False,False,False,,G,BICYCLE,,1,0,CLEAR,,NO UNUSUAL CONDITIONS - NO UNUSUAL CONDITIONS,,A,DAYLIGHT,,,,,,,A,NO PEDESTRIANS INVOLVED,,A,216501,,1,E 8TH ST,1,,,A,W,300.0,5TH AV,F,,A,8/5/2024 3:43:20 PM,2/7/2025 1:26:06 PM,,,2,,,,,,,
3622699,17-015952,2,False,0109,3/27/2017 8:51:00 PM,2051,25X,14,109,Oakland,1,True,True,B,SIDE SWIPE,,Monday,,,,,False,False,True,,C,OTHER MOTOR VEHICLE,,5,0,CLEAR,,NO UNUSUAL CONDITIONS - NO UNUSUAL CONDITIONS,,C,DARK-STREET LIGHTS,,,,,,,A,NO PEDESTRIANS INVOLVED,,A,22107,,1,MACARTHUR BL,2,,,A,E,30.0,ENOS AV,F,,D,8/5/2024 3:43:20 PM,2/7/2025 1:26:06 PM,,,2,,,,,,,
3622695,17-015592,2,False,0109,3/25/2017 8:46:00 PM,2046,34X,14,109,Oakland,1,True,True,D,BROADSIDE,,Saturday,,,,,False,False,False,,C,OTHER MOTOR VEHICLE,,1,0,CLEAR,,NO UNUSUAL CONDITIONS - NO UNUSUAL CONDITIONS,,C,DARK-STREET LIGHTS,,,,,,,A,NO PEDESTRIANS INVOLVED,,A,21453A,,,98TH AV,2,,,A,,,HOLLY ST,,,A,8/5/2024 3:43:19 PM,2/7/2025 1:26:06 PM,,,2,,,,,,,
3622683,17-010692,2,False,0109,2/28/2017 7:51:00 AM,751,31X,14,109,Oakland,1,True,True,D,BROADSIDE,,Tuesday,,,M,,False,False,False,,C,OTHER MOTOR VEHICLE,,1,0,CLEAR,,NO UNUSUAL CONDITIONS - NO UNUSUAL CONDITIONS,,A,DAYLIGHT,,,,,,,A,NO PEDESTRIANS INVOLVED,,A,22107,,1,TOPANGA DR,2,,,A,E,15.0,ALMANZA DR,F,,D,8/5/2024 3:43:18 PM,2/7/2025 1:26:05 PM,,,2,,,,,,,
3622680,17-008864,2,False,0109,2/17/2017 5:54:00 PM,1754,34X,14,109,Oakland,1,True,True,D,BROADSIDE,,Friday,,,M,,False,False,False,,C,OTHER MOTOR VEHICLE,,1,0,RAINING,,NO UNUSUAL CONDITIONS - NO UNUSUAL CONDITIONS,,B,DUSK-DAWN,,,,,,,A,NO PEDESTRIANS INVOLVED,,A,21800A,,1,88TH AV,2,,,B,,,BANCROFT AV,,,D,8/5/2024 3:43:18 PM,2/7/2025 1:26:05 PM,,,2,,,,,,,
3622676,17-007136,2,False,0109,2/8/2017 11:34:00 AM,1134,01X,14,109,Oakland,1,True,True,C,REAR END,,Wednesday,,,,,False,False,False,,C,OTHER MOTOR VEHICLE,,1,0,CLOUDY,RAINING,NO UNUSUAL CONDITIONS - NO UNUSUAL CONDITIONS,,A,DAYLIGHT,,,,,,,A,NO PEDESTRIANS INVOLVED,,A,22350,,1,6TH ST,1,,,B,E,30.0,JACKSON ST,F,,A,8/5/2024 3:43:17 PM,2/7/2025 1:26:05 PM,,,2,,,,,,,
3622672,17-010877,2,False,0109,2/28/2017 11:22:00 PM,2322,10X,14,109,Oakland,1,True,True,G,VEHICLE/PEDESTRAIN,,Tuesday,,,,,False,False,False,,B,PEDESTRIAN,,1,0,CLEAR,,NO UNUSUAL CONDITIONS - NO UNUSUAL CONDITIONS,,C,DARK-STREET LIGHTS,,,,,,,B,CROSSING IN CROSS WALK AT INTERSECTION,,A,21950A,,1,BAKER ST,1,,,A,N,2.0,63RD ST,F,,A,8/5/2024 3:43:17 PM,2/7/2025 1:26:05 PM,,,2,,,,,,,
3622656,17-007886,2,False,0109,2/12/2017 6:00:00 PM,1800,12X,14,109,Oakland,1,True,True,A,HEAD-ON,,Sunday,,,,,False,False,False,,C,OTHER MOTOR VEHICLE,,0,0,CLEAR,,NO UNUSUAL CONDITIONS - NO UNUSUAL CONDITIONS,,B,DUSK-DAWN,,,,,,,A,NO PEDESTRIANS INVOLVED,,A,21453A,,1,BROADWAY,1,,,A,,,52ND ST,,,A,8/5/2024 3:43:15 PM,2/7/2025 1:26:04 PM,,,2,,,,,,,
3622641,17-005029,2,False,0109,1/29/2017 8:45:00 PM,2045,19X,14,109,Oakland,1,True,True,A,HEAD-ON,,Sunday,,,,,False,False,False,,C,OTHER MOTOR VEHICLE,,0,0,CLEAR,,NO UNUSUAL CONDITIONS - NO UNUSUAL CONDITIONS,,C,DARK-STREET LIGHTS,,,,,,,A,NO PEDESTRIANS INVOLVED,,A,21453A,,,E 15TH ST,1,,,A,,,5TH AV,,,A,8/5/2024 3:43:14 PM,2/7/2025 1:26:03 PM,,,2,,,,,,,
3622637,17-006246,2,False,0109,2/3/2017 9:23:00 PM,2123,32X,14,109,Oakland,1,True,True,B,SIDE SWIPE,,Friday,,,,,False,False,True,,C,OTHER MOTOR VEHICLE,,0,0,RAINING,,NO UNUSUAL CONDITIONS - NO UNUSUAL CONDITIONS,,C,DARK-STREET LIGHTS,,,,,,,A,NO PEDESTRIANS INVOLVED,,A,21802A,,1,BANCROFT AV,2,,,B,,,103RD AV,,,A,8/5/2024 3:43:14 PM,2/7/2025 1:26:03 PM,,,2,,,,,,,
3622633,17-009065,2,False,0109,2/19/2017 12:56:00 AM,56,33X,14,109,Oakland,1,True,True,A,HEAD-ON,,Sunday,,,M,,False,False,True,,E,PARKED MOTOR VEHICLE,,0,0,CLEAR,,NO UNUSUAL CONDITIONS - NO UNUSUAL CONDITIONS,,C,DARK-STREET LIGHTS,,,,,,,A,NO PEDESTRIANS INVOLVED,,A,22350,,1,A ST,2,,,A,E,30.0,86TH AV,F,,D,8/5/2024 3:43:13 PM,2/7/2025 1:26:03 PM,,,2,,,,,,,
3622629,17-007048,2,False,0109,2/8/2017 12:59:00 AM,59,07X,14,109,Oakland,1,True,True,D,BROADSIDE,,Wednesday,,,M,,False,False,False,,C,OTHER MOTOR VEHICLE,,0,0,RAINING,,NO UNUSUAL CONDITIONS - NO UNUSUAL CONDITIONS,,C,DARK-STREET LIGHTS,,,,,,,A,NO PEDESTRIANS INVOLVED,,A,22450A,,1,26TH ST,1,,,B,,,KIRKHAM ST,,,A,8/5/2024 3:43:13 PM,2/7/2025 1:26:03 PM,,,2,,,,,,,
3622625,17-010302,2,False,0109,2/25/2017 11:33:00 PM,2333,18X,14,109,Oakland,1,True,True,E,HIT OBJECT,,Saturday,,,,,False,False,True,,I,FIXED OBJECT,,0,0,CLEAR,,NO UNUSUAL CONDITIONS - NO UNUSUAL CONDITIONS,,C,DARK-STREET LIGHTS,,,,,,,A,NO PEDESTRIANS INVOLVED,,A,22350,,1,15TH AV,1,,,A,,,E 17TH ST,,,D,8/5/2024 3:43:12 PM,2/7/2025 1:26:03 PM,,,2,,,,,,,
3622622,17-008059,2,False,0109,2/13/2017 5:32:00 PM,1732,16X,14,109,Oakland,1,True,True,F,OVERTURNED,,Monday,,,,,False,False,False,,E,PARKED MOTOR VEHICLE,,0,0,CLEAR,,NO UNUSUAL CONDITIONS - NO UNUSUAL CONDITIONS,,A,DAYLIGHT,,,,,,,A,NO PEDESTRIANS INVOLVED,,A,22107,,1,TRESTLE GLEN RD,1,,,A,,,SUNNYHILLS RD,,,D,8/5/2024 3:43:12 PM,2/7/2025 1:26:03 PM,,,2,,,,,,,
3622607,17-015037,2,False,0109,3/22/2017 9:15:00 PM,2115,05Y,14,109,Oakland,1,True,True,D,BROADSIDE,,Wednesday,,,,,False,False,False,,C,OTHER MOTOR VEHICLE,,0,0,CLEAR,,NO UNUSUAL CONDITIONS - NO UNUSUAL CONDITIONS,,C,DARK-STREET LIGHTS,,,,,,,A,NO PEDESTRIANS INVOLVED,,A,21802A,,1,W GRAND AV,1,,,A,,,CAMPBELL ST,,,A,8/5/2024 3:43:11 PM,2/7/2025 1:26:02 PM,,,2,,,,,,,
3622603,17-014285,2,False,0109,3/19/2017 4:33:00 AM,433,31Z,14,109,Oakland,1,True,True,D,BROADSIDE,,Sunday,,,,,False,False,False,,C,OTHER MOTOR VEHICLE,,0,0,CLEAR,,NO UNUSUAL CONDITIONS - NO UNUSUAL CONDITIONS,,C,DARK-STREET LIGHTS,,,,,,,A,NO PEDESTRIANS INVOLVED,,A,21801A,,1,98TH AV,2,,,A,,,AIRPORT ACCESS RD,,,A,8/5/2024 3:43:10 PM,2/7/2025 1:26:02 PM,,,2,,,,,,,
3622599,17-011078,2,False,0109,3/1/2017 11:02:00 PM,2302,31X,14,109,Oakland,1,True,True,D,BROADSIDE,,Wednesday,,,,,False,False,False,,C,OTHER MOTOR VEHICLE,,0,0,CLEAR,,NO UNUSUAL CONDITIONS - NO UNUSUAL CONDITIONS,,C,DARK-STREET LIGHTS,,,,,,,A,NO PEDESTRIANS INVOLVED,,A,21801A,,1,HEGENBERGER RD,2,,,A,,,LEET DR,,,D,8/5/2024 3:43:10 PM,2/7/2025 1:26:02 PM,,,2,,,,,,,
3622259,17-018764,2,False,0109,4/11/2017 3:59:00 PM,1559,04X,14,109,Oakland,1,True,True,D,BROADSIDE,,Tuesday,,,,,False,False,False,,C,OTHER MOTOR VEHICLE,,1,0,CLOUDY,,NO UNUSUAL CONDITIONS - NO UNUSUAL CONDITIONS,,A,DAYLIGHT,,,,,,,A,NO PEDESTRIANS INVOLVED,,A,21453A,,1,17TH ST,1,,,A,,,JEFFERSON ST,,,A,8/5/2024 3:42:37 PM,2/7/2025 1:25:46 PM,,,2,,,,,,,
3622255,17-018582,2,False,0109,4/10/2017 8:12:00 PM,2012,34X,14,109,Oakland,1,True,True,H,OTHER,,Monday,,,,,False,False,True,,C,OTHER MOTOR VEHICLE,,3,0,CLEAR,,NO UNUSUAL CONDITIONS - NO UNUSUAL CONDITIONS,,C,DARK-STREET LIGHTS,,,,,,,A,NO PEDESTRIANS INVOLVED,,A,22106,,1,BANCROFT AV,2,,,A,E,200.0,83RD AV,F,,D,8/5/2024 3:42:36 PM,2/7/2025 1:25:46 PM,,,2,,,,,,,
3622251,17-018304,2,False,0109,4/9/2017 5:30:00 AM,530,30X,14,109,Oakland,1,True,True,A,HEAD-ON,,Sunday,,,,,False,False,True,,E,PARKED MOTOR VEHICLE,,1,0,CLEAR,,NO UNUSUAL CONDITIONS - NO UNUSUAL CONDITIONS,,C,DARK-STREET LIGHTS,,,,,,,A,NO PEDESTRIANS INVOLVED,,A,22107,,1,HAVENSCOURT BL,2,,,A,S,150.0,ARTHUR ST,F,,D,8/5/2024 3:42:36 PM,2/7/2025 1:25:45 PM,,,2,,,,,,,
3622247,17-016908,2,False,0109,4/1/2017 7:56:00 PM,1956,22Y,14,109,Oakland,1,True,True,A,HEAD-ON,,Saturday,,,,,False,False,True,,C,OTHER MOTOR VEHICLE,,4,0,CLEAR,,NO UNUSUAL CONDITIONS - NO UNUSUAL CONDITIONS,,C,DARK-STREET LIGHTS,,,,,,,A,NO PEDESTRIANS INVOLVED,,A,21801A,,1,REDWOOD RD,1,,,A,,,SKYLINE BL,,,A,8/5/2024 3:42:36 PM,2/7/2025 1:25:45 PM,,,2,,,,,,,
3622243,17-017460,2,False,0109,4/4/2017 12:59:00 PM,1259,13X,14,109,Oakland,1,True,True,A,HEAD-ON,,Tuesday,,,,,False,False,False,,C,OTHER MOTOR VEHICLE,,1,0,CLEAR,,NO UNUSUAL CONDITIONS - NO UNUSUAL CONDITIONS,,A,DAYLIGHT,,,,,,,A,NO PEDESTRIANS INVOLVED,,A,21800A,,1,CENTENNIAL WY,1,,,A,,,GRIZZLY PEAK BL,,,A,8/5/2024 3:42:35 PM,2/7/2025 1:25:45 PM,,,2,,,,,,,
3622239,17-016891,2,False,0109,4/1/2017 5:45:00 PM,1745,26X,14,109,Oakland,1,True,True,A,HEAD-ON,,Saturday,,,M,,False,False,False,,C,OTHER MOTOR VEHICLE,,1,0,CLEAR,,NO UNUSUAL CONDITIONS - NO UNUSUAL CONDITIONS,,A,DAYLIGHT,,,,,,,A,NO PEDESTRIANS INVOLVED,,A,21453A,,1,HEGENBERGER RD,2,,,A,,,HAMILTON ST,,,A,8/5/2024 3:42:35 PM,2/7/2025 1:25:45 PM,,,2,,,,,,,
3622235,17-016876,2,False,0109,4/1/2017 3:30:00 PM,1530,27X,14,109,Oakland,1,True,True,H,OTHER,,Saturday,,,,,False,False,False,,G,BICYCLE,,1,0,CLEAR,,NO UNUSUAL CONDITIONS - NO UNUSUAL CONDITIONS,,A,DAYLIGHT,,,,,,,A,NO PEDESTRIANS INVOLVED,,A,21202A,,1,AVENAL ST,2,,,A,,,65TH ST,,,D,8/5/2024 3:42:35 PM,2/7/2025 1:25:45 PM,,,2,,,,,,,
3622097,17-016830,2,False,0109,4/1/2017 5:30:00 PM,1730,26X,14,109,Oakland,1,True,True,A,HEAD-ON,,Saturday,,,M,,False,False,False,,C,OTHER MOTOR VEHICLE,,0,0,CLEAR,,NO UNUSUAL CONDITIONS - NO UNUSUAL CONDITIONS,,A,DAYLIGHT,,,,,,,A,NO PEDESTRIANS INVOLVED,,A,21801A,,1,SAN LEANDRO ST,2,,,A,,,HIGH ST,,,A,8/5/2024 3:42:22 PM,2/7/2025 10:44:15 AM,,,2,,,,,,,
3622093,17-020245,2,False,0109,4/19/2017 11:28:00 AM,1128,12X,14,109,Oakland,1,True,True,B,SIDE SWIPE,,Wednesday,,,,,False,False,True,,E,PARKED MOTOR VEHICLE,,0,0,CLEAR,,NO UNUSUAL CONDITIONS - NO UNUSUAL CONDITIONS,,A,DAYLIGHT,,,,,,,A,NO PEDESTRIANS INVOLVED,,A,23152A,,1,49TH ST,1,,,A,W,16.0,CORONADO AV,F,,D,8/5/2024 3:42:22 PM,2/7/2025 10:44:15 AM,,,2,,,,,,,
3622082,17-018652,2,False,0109,4/11/2017 8:10:00 AM,810,30X,14,109,Oakland,1,True,True,B,SIDE SWIPE,,Tuesday,,,,,False,False,False,,C,OTHER MOTOR VEHICLE,,0,0,CLEAR,,NO UNUSUAL CONDITIONS - NO UNUSUAL CONDITIONS,,A,DAYLIGHT,,,,,,,A,NO PEDESTRIANS INVOLVED,,A,21752,,1,HAVENSCOURT BL,2,,,A,,,FLORA ST,,,D,8/5/2024 3:42:21 PM,2/7/2025 10:44:13 AM,,,2,,,,,,,
3622078,17-018156,2,False,0109,4/8/2017 10:42:00 AM,1042,26Y,14,109,Oakland,1,True,True,D,BROADSIDE,,Saturday,,,,,False,False,True,,C,OTHER MOTOR VEHICLE,,0,0,CLEAR,,NO UNUSUAL CONDITIONS - NO UNUSUAL CONDITIONS,,A,DAYLIGHT,,,,,,,A,NO PEDESTRIANS INVOLVED,,A,21453A,,1,66TH AV,2,,,B,,,SAN LEANDRO ST,,,A,8/5/2024 3:42:20 PM,2/7/2025 10:44:13 AM,,,2,,,,,,,
3622074,17-018596,2,False,0109,4/10/2017 6:45:00 PM,1845,35X,14,109,Oakland,1,True,True,A,HEAD-ON,,Monday,,,M,,False,False,False,,E,PARKED MOTOR VEHICLE,,0,0,CLOUDY,,NO UNUSUAL CONDITIONS - NO UNUSUAL CONDITIONS,,A,DAYLIGHT,,,,,,,A,NO PEDESTRIANS INVOLVED,,A,22107,,1,HILLSIDE DR,2,,,A,W,510.0,88TH AV,F,,D,8/5/2024 3:42:20 PM,2/7/2025 10:44:13 AM,,,2,,,,,,,
3622070,17-019505,2,False,0109,4/15/2017 4:05:00 PM,1605,07X,14,109,Oakland,1,True,True,C,REAR END,,Saturday,,,M,,False,False,False,,E,PARKED MOTOR VEHICLE,,0,0,CLEAR,,NO UNUSUAL CONDITIONS - NO UNUSUAL CONDITIONS,,A,DAYLIGHT,,,,,,,A,NO PEDESTRIANS INVOLVED,,A,22107,,1,24TH ST,1,,,A,E,100.0,CHESTNUT ST,F,,D,8/5/2024 3:42:20 PM,2/7/2025 10:44:12 AM,,,2,,,,,,,
3622066,17-018189,2,False,0109,4/8/2017 2:15:00 PM,1415,27X,14,109,Oakland,1,True,True,C,REAR END,,Saturday,,,M,,False,False,False,,C,OTHER MOTOR VEHICLE,,0,0,CLEAR,,NO UNUSUAL CONDITIONS - NO UNUSUAL CONDITIONS,,A,DAYLIGHT,,,,,,,A,NO PEDESTRIANS INVOLVED,,A,22107,,1,HAVENSCOURT BL,2,,,A,N,500.0,FLORA ST,F,,A,8/5/2024 3:42:19 PM,2/7/2025 10:44:12 AM,,,2,,,,,,,
3622062,17-022007,2,False,0109,4/28/2017 6:30:00 PM,1830,32X,14,109,Oakland,1,True,True,C,REAR END,,Friday,,,,,False,False,False,,E,PARKED MOTOR VEHICLE,,0,0,CLOUDY,,NO UNUSUAL CONDITIONS - NO UNUSUAL CONDITIONS,,B,DUSK-DAWN,,,,,,,A,NO PEDESTRIANS INVOLVED,,A,22106,,1,100TH AV,2,,,A,N,142.0,PLYMOUTH AV,F,,D,8/5/2024 3:42:19 PM,2/7/2025 10:44:11 AM,,,2,,,,,,,
3622059,17-018908,2,False,0109,4/12/2017 11:52:00 AM,1152,02X,14,109,Oakland,1,True,True,D,BROADSIDE,,Wednesday,,,,,False,False,False,,C,OTHER MOTOR VEHICLE,,0,0,CLOUDY,,NO UNUSUAL CONDITIONS - NO UNUSUAL CONDITIONS,,A,DAYLIGHT,,,,,,,A,NO PEDESTRIANS INVOLVED,,A,21804A,,1,8TH ST,1,,,A,E,132.0,ADELINE ST,F,,D,8/5/2024 3:42:19 PM,2/7/2025 10:44:11 AM,,,2,,,,,,,
3622054,17-019648,2,False,0109,4/16/2017 3:12:00 PM,1512,31X,14,109,Oakland,1,True,True,H,OTHER,,Sunday,,,M,,False,False,False,,E,PARKED MOTOR VEHICLE,,0,0,RAINING,,NO UNUSUAL CONDITIONS - NO UNUSUAL CONDITIONS,,A,DAYLIGHT,,,,,,,A,NO PEDESTRIANS INVOLVED,,A,22106,,1,FOSTER AV,2,,,B,N,15.0,BERNHARDT DR,F,,D,8/5/2024 3:42:18 PM,2/7/2025 10:44:11 AM,,,2,,,,,,,
3622050,17-016862,2,False,0109,4/1/2017 12:04:00 PM,1204,26X,14,109,Oakland,1,True,True,B,SIDE SWIPE,,Saturday,,,M,,False,False,True,,E,PARKED MOTOR VEHICLE,,0,0,CLEAR,,NO UNUSUAL CONDITIONS - NO UNUSUAL CONDITIONS,,A,DAYLIGHT,,,,,,,A,NO PEDESTRIANS INVOLVED,,A,22107,,1,73RD AV,2,,,A,N,150.0,HAWLEY ST,F,,D,8/5/2024 3:42:18 PM,2/7/2025 10:44:10 AM,,,2,,,,,,,
3622047,17-020185,2,False,0109,4/19/2017 8:22:00 AM,822,19X,14,109,Oakland,1,True,True,C,REAR END,,Wednesday,,,,,False,False,False,,C,OTHER MOTOR VEHICLE,,0,0,CLEAR,,NO UNUSUAL CONDITIONS - NO UNUSUAL CONDITIONS,,A,DAYLIGHT,,,,,,,A,NO PEDESTRIANS INVOLVED,,A,22106,,1,INTERNATIONAL BL,1,,,A,E,30.0,19TH,M,,D,8/5/2024 3:42:18 PM,2/7/2025 10:44:10 AM,,,2,,,,,,,
3622044,17-015404,2,False,0109,3/24/2017 6:18:00 PM,1818,23X,14,109,Oakland,1,True,True,B,SIDE SWIPE,,Friday,,,,,False,False,False,,C,OTHER MOTOR VEHICLE,,0,0,CLOUDY,,NO UNUSUAL CONDITIONS - NO UNUSUAL CONDITIONS,,A,DAYLIGHT,,,,,,,A,NO PEDESTRIANS INVOLVED,,A,21658A,,1,INTERNATIONAL BL,2,,,B,E,20.0,40TH AV,F,,A,8/5/2024 3:42:17 PM,2/7/2025 10:44:10 AM,,,2,,,,,,,
3621998,17-028450,2,False,0109,6/1/2017 9:23:00 AM,923,04X,14,109,Oakland,1,True,True,G,VEHICLE/PEDESTRAIN,,Thursday,,,,,False,False,False,,B,PEDESTRIAN,,1,0,CLOUDY,,NO UNUSUAL CONDITIONS - NO UNUSUAL CONDITIONS,,A,DAYLIGHT,,,,,,,B,CROSSING IN CROSS WALK AT INTERSECTION,,A,21950A,,1,20TH ST,1,,,A,,,FRANKLIN ST,,,A,8/5/2024 3:42:13 PM,2/7/2025 10:44:05 AM,,,2,,,,,,,
3621995,17-028530,2,False,0109,6/1/2017 2:51:00 PM,1451,34X,14,109,Oakland,1,True,True,C,REAR END,,Thursday,,,,,False,False,True,,E,PARKED MOTOR VEHICLE,,2,0,CLEAR,,NO UNUSUAL CONDITIONS - NO UNUSUAL CONDITIONS,,A,DAYLIGHT,,,,,,,E,IN ROAD - INCLUDES SHOULDER,,A,22107,,1,HOLLY ST,2,,,A,E,5.0,84TH AV,F,,A,8/5/2024 3:42:13 PM,2/7/2025 10:44:05 AM,,,2,,,,,,,
3621994,17-030501,2,False,0109,6/11/2017 7:15:00 PM,1915,27Y,14,109,Oakland,1,True,True,A,HEAD-ON,,Sunday,,,,,False,False,True,,E,PARKED MOTOR VEHICLE,,1,0,CLEAR,,NO UNUSUAL CONDITIONS - NO UNUSUAL CONDITIONS,,B,DUSK-DAWN,,,,,,,A,NO PEDESTRIANS INVOLVED,,A,22107,,1,SEMINARY AV,2,,,A,N,36.0,E 16TH ST,F,,D,8/5/2024 3:42:12 PM,2/7/2025 10:44:05 AM,,,2,,,,,,,
3621990,17-0300064,2,False,0109,6/9/2017 8:28:00 AM,828,03X,14,109,Oakland,1,True,True,D,BROADSIDE,,Friday,,,,,False,False,False,,C,OTHER MOTOR VEHICLE,,1,0,CLOUDY,,NO UNUSUAL CONDITIONS - NO UNUSUAL CONDITIONS,,A,DAYLIGHT,,,,,,,A,NO PEDESTRIANS INVOLVED,,A,21453A,,1,12TH ST,1,,,A,,,FRANKLIN ST,,,A,8/5/2024 3:42:12 PM,2/7/2025 10:44:04 AM,,,2,,,,,,,
3621986,17-029112,2,False,0109,6/4/2017 7:02:00 PM,1902,23X,14,109,Oakland,1,True,True,C,REAR END,,Sunday,,,,,False,False,False,,C,OTHER MOTOR VEHICLE,,2,0,CLEAR,,NO UNUSUAL CONDITIONS - NO UNUSUAL CONDITIONS,,B,DUSK-DAWN,,,,,,,A,NO PEDESTRIANS INVOLVED,,A,22350,,1,HIGH ST,2,,,A,N,10.0,BANCROFT AV,F,,A,8/5/2024 3:42:12 PM,2/7/2025 10:44:04 AM,,,2,,,,,,,
3621959,17-015491,2,False,0109,3/25/2017 6:57:00 AM,657,19X,14,109,Oakland,1,True,True,E,HIT OBJECT,,Saturday,,,M,,False,False,False,,I,FIXED OBJECT,,0,0,CLEAR,,NO UNUSUAL CONDITIONS - NO UNUSUAL CONDITIONS,,A,DAYLIGHT,,,,,,,A,NO PEDESTRIANS INVOLVED,,A,22107,,1,24TH AV,1,,,A,S,72.0,INTERNATIONAL BL,F,,D,8/5/2024 3:42:09 PM,2/7/2025 10:44:01 AM,,,2,,,,,,,
3621955,17-015289,2,False,0109,3/24/2017 8:13:00 AM,813,27X,14,109,Oakland,1,True,True,E,HIT OBJECT,,Friday,,,M,,False,False,False,,I,FIXED OBJECT,,0,0,RAINING,,NO UNUSUAL CONDITIONS - NO UNUSUAL CONDITIONS,,A,DAYLIGHT,,,,,,,A,NO PEDESTRIANS INVOLVED,,A,22107,,1,50TH AV,2,,,B,S,10.0,FOOTHILL BL,F,,D,8/5/2024 3:42:08 PM,2/7/2025 10:44:01 AM,,,2,,,,,,,
3621951,17-014793,2,False,0109,3/21/2017 5:31:00 PM,1731,32Y,14,109,Oakland,1,True,True,A,HEAD-ON,,Tuesday,,,M,,False,False,False,,C,OTHER MOTOR VEHICLE,,0,0,CLEAR,,NO UNUSUAL CONDITIONS - NO UNUSUAL CONDITIONS,,A,DAYLIGHT,,,,,,,A,NO PEDESTRIANS INVOLVED,,A,21650,,1,106TH AV,2,,,A,N,200.0,MACARTHUR BL,F,,D,8/5/2024 3:42:08 PM,2/7/2025 10:44:00 AM,,,2,,,,,,,
3621947,17-016547,2,False,0109,3/30/2017 5:06:00 PM,1706,21Y,14,109,Oakland,1,True,True,B,SIDE SWIPE,,Thursday,,,,,False,False,True,,E,PARKED MOTOR VEHICLE,,0,0,CLEAR,,NO UNUSUAL CONDITIONS - NO UNUSUAL CONDITIONS,,A,DAYLIGHT,,,,,,,A,NO PEDESTRIANS INVOLVED,,A,22107,,1,SCHOOL ST,1,,,A,W,50.0,HUMBOLDT AV,F,,D,8/5/2024 3:42:08 PM,2/7/2025 10:44:00 AM,,,2,,,,,,,
3621944,17-016080,2,False,0109,3/28/2017 1:34:00 PM,1334,20X,14,109,Oakland,1,True,True,H,OTHER,,Tuesday,,,,,False,False,False,,G,BICYCLE,,0,0,CLEAR,,NO UNUSUAL CONDITIONS - NO UNUSUAL CONDITIONS,,A,DAYLIGHT,,,,,,,A,NO PEDESTRIANS INVOLVED,,A,216501,,1,INTERNATIONAL BL,1,,,A,,,DERBY AV,,,D,8/5/2024 3:42:08 PM,2/7/2025 10:44:00 AM,,,2,,,,,,,
3621941,17-015705,2,False,0109,3/26/2017 3:33:00 PM,1533,10X,14,109,Oakland,1,True,True,D,BROADSIDE,,Sunday,,,,,False,False,False,,C,OTHER MOTOR VEHICLE,,0,0,CLOUDY,,NO UNUSUAL CONDITIONS - NO UNUSUAL CONDITIONS,,A,DAYLIGHT,,,,,,,A,NO PEDESTRIANS INVOLVED,,A,21802A,,1,55TH ST,1,,,A,,,GENOA ST,,,A,8/5/2024 3:42:07 PM,2/7/2025 10:44:00 AM,,,2,,,,,,,
3621938,17-015569,2,False,0109,3/25/2017 5:49:00 PM,1749,06X,14,109,Oakland,1,True,True,C,REAR END,,Saturday,,,,,False,False,False,,C,OTHER MOTOR VEHICLE,,0,0,CLEAR,,NO UNUSUAL CONDITIONS - NO UNUSUAL CONDITIONS,,A,DAYLIGHT,,,,,,,A,NO PEDESTRIANS INVOLVED,,A,22350,,1,MARTIN LUTHER KING JR WY,1,,,A,S,30.0,39TH ST,F,,A,8/5/2024 3:42:07 PM,2/7/2025 10:43:59 AM,,,2,,,,,,,
3621936,17-026256,2,False,0109,5/20/2017 11:49:00 PM,2349,19X,14,109,Oakland,1,True,True,D,BROADSIDE,,Saturday,,,M,,False,False,True,,C,OTHER MOTOR VEHICLE,,1,0,CLOUDY,,NO UNUSUAL CONDITIONS - NO UNUSUAL CONDITIONS,,C,DARK-STREET LIGHTS,,,,,,,A,NO PEDESTRIANS INVOLVED,,A,22350,,1,8TH AV,1,,,A,,,INTERNATIONAL BL,,,A,8/5/2024 3:42:07 PM,2/7/2025 10:43:59 AM,,,2,,,,,,,