collision-id,report-number,report-version,is-preliminary,ncic-code,crash-date-time,crash-time-description,beat,city-id,city-code,city-name,county-code,city-is-active,city-is-incorporated,collision-type-code,collision-type-description,collision-type-other-desc,day-of-week,dispatch-notified,has-photographs,hit-run,is-attachments-mailed,is-deleted,is-highway-related,is-tow-away,judicial-district,motor-vehicle-involved-with-code,motor-vehicle-involved-with-desc,motor-vehicle-involved-with-other-desc,number-injured,number-killed,weather-1,weather-2,road-condition-1,road-condition-2,special-condition-lighting-code,lighting-description,latitude,longitude,milepost-direction,milepost-distance,milepost-marker,milepost-unit-of-measure,pedestrian-action-code,pedestrian-action-desc,prepared-date,primary-collision-factor-code,primary-collision-factor-violation,primary-collision-factor-is-cited,primary-collision-party-number,primary-road,reporting-district,reporting-district-code,reviewed-date,roadway-surface-code,secondary-direction,secondary-distance,secondary-road,secondary-unit-of-measure,sketch-desc,traffic-control-device-code,created-date,modified-date,is-county-road,is-freeway,chp-555-version,is-additonal-object-struck,notification-date,notification-time-description,has-digital-media-files,evidence-number,is-location-refer-to-narrative,is-aoi-one-same-as-location
3637421,17-021339,2,False,0109,4/25/2017 8:57:00 AM,857,27X,14,109,Oakland,1,True,True,B,SIDE SWIPE,,Tuesday,,,,,False,False,False,,E,PARKED MOTOR VEHICLE,,0,0,CLEAR,,NO UNUSUAL CONDITIONS - NO UNUSUAL CONDITIONS,,A,DAYLIGHT,,,,,,,A,NO PEDESTRIANS INVOLVED,,A,22107,,1,INTERNATIONAL BL,2,,,A,E,125.0,44TH AV,F,,D,8/5/2024 4:10:11 PM,2/7/2025 1:37:30 PM,,,2,,,,,,,
3636862,17-021258,2,False,0109,4/24/2017 7:13:00 PM,1913,19X,14,109,Oakland,1,True,True,C,REAR END,,Monday,,,,,False,False,False,,C,OTHER MOTOR VEHICLE,,1,0,CLEAR,,NO UNUSUAL CONDITIONS - NO UNUSUAL CONDITIONS,,A,DAYLIGHT,,,,,,,A,NO PEDESTRIANS INVOLVED,,A,22350,,1,INTERNATIONAL BL,1,,,A,,,3RD AV,,,D,8/5/2024 4:09:06 PM,2/7/2025 1:37:05 PM,,,2,,,,,,,
3636795,17-014662,2,False,0109,3/21/2017 8:22:00 AM,822,18,14,109,Oakland,1,True,True,C,REAR END,,Tuesday,,,M,,False,False,False,,E,PARKED MOTOR VEHICLE,,0,0,RAINING,,NO UNUSUAL CONDITIONS - NO UNUSUAL CONDITIONS,,A,DAYLIGHT,,,,,,,A,NO PEDESTRIANS INVOLVED,,A,22107,,1,E 27TH ST,1,,,B,E,200.0,19TH AV,F,,D,8/5/2024 4:08:58 PM,2/7/2025 1:37:02 PM,,,2,,,,,,,
3636791,17-014813,2,False,0109,3/21/2017 2:00:00 PM,1400,26,14,109,Oakland,1,True,True,B,SIDE SWIPE,,Tuesday,,,M,,False,False,False,,E,PARKED MOTOR VEHICLE,,0,0,CLEAR,,NO UNUSUAL CONDITIONS - NO UNUSUAL CONDITIONS,,A,DAYLIGHT,,,,,,,A,NO PEDESTRIANS INVOLVED,,A,22107,,1,70TH AV,2,,,A,S,20.0,HERBERT GUICE WY,F,,A,8/5/2024 4:08:57 PM,2/7/2025 1:37:02 PM,,,2,,,,,,,
3636491,17-022255,2,False,0109,4/30/2017 11:40:00 AM,1140,34X,14,109,Oakland,1,True,True,D,BROADSIDE,,Sunday,,,,,False,False,False,,,,,2,0,CLEAR,,NO UNUSUAL CONDITIONS - NO UNUSUAL CONDITIONS,,A,DAYLIGHT,,,,,,,A,NO PEDESTRIANS INVOLVED,,A,22450A,,1,87TH AV,2,,,A,,,PLYMOUTH AV,,,A,8/5/2024 4:08:21 PM,2/7/2025 1:36:48 PM,,,2,,,,,,,
3636487,17-022120,2,False,0109,4/29/2017 2:50:00 PM,1450,23X,14,109,Oakland,1,True,True,C,REAR END,,Saturday,,,M,,False,False,False,,C,OTHER MOTOR VEHICLE,,1,0,CLEAR,,NO UNUSUAL CONDITIONS - NO UNUSUAL CONDITIONS,,A,DAYLIGHT,,,,,,,A,NO PEDESTRIANS INVOLVED,,A,21703,,1,INTERNATIONAL BL,2,,,A,W,10.0,34TH AV,F,,A,8/5/2024 4:08:21 PM,2/7/2025 1:36:48 PM,,,2,,,,,,,
3636485,17-022085,2,False,0109,4/29/2017 9:40:00 AM,940,14X,14,109,Oakland,1,True,True,G,VEHICLE/PEDESTRAIN,,Saturday,,,M,,False,False,False,,B,PEDESTRIAN,,1,0,CLEAR,,NO UNUSUAL CONDITIONS - NO UNUSUAL CONDITIONS,,A,DAYLIGHT,,,,,,,D,CROSSING - NOT IN CROSSWALK,,A,22350,,1,LAKESHORE AV,1,,,A,N,138.0,LAKE PARK,F,,A,8/5/2024 4:08:21 PM,2/7/2025 1:36:48 PM,,,2,,,,,,,
3636481,17-028733,2,False,0109,6/2/2017 4:13:00 PM,1613,02X,14,109,Oakland,1,True,True,B,SIDE SWIPE,,Friday,,,,,False,False,False,,C,OTHER MOTOR VEHICLE,,1,0,CLEAR,,NO UNUSUAL CONDITIONS - NO UNUSUAL CONDITIONS,,A,DAYLIGHT,,,,,,,A,NO PEDESTRIANS INVOLVED,,A,22107,,1,UNION ST,1,,,A,,,5TH ST,,,A,8/5/2024 4:08:20 PM,2/7/2025 1:36:48 PM,,,2,,,,,,,
3636476,17-026942,2,False,0109,5/24/2017 11:45:00 AM,1145,24X,14,109,Oakland,1,True,True,B,SIDE SWIPE,,Wednesday,,,,,False,False,False,,G,BICYCLE,,1,0,CLEAR,,NO UNUSUAL CONDITIONS - NO UNUSUAL CONDITIONS,,A,DAYLIGHT,,,,,,,A,NO PEDESTRIANS INVOLVED,,A,21750,,1,SAN LEANDRO ST,2,,,A,,,38TH AV,,,D,8/5/2024 4:08:20 PM,2/7/2025 1:36:48 PM,,,2,,,,,,,
3636472,17-026140,2,False,0109,5/20/2017 12:15:00 PM,1215,31X,14,109,Oakland,1,True,True,B,SIDE SWIPE,,Saturday,,,,,False,False,False,,C,OTHER MOTOR VEHICLE,,0,0,CLEAR,,NO UNUSUAL CONDITIONS - NO UNUSUAL CONDITIONS,,A,DAYLIGHT,,,,,,,A,NO PEDESTRIANS INVOLVED,,A,22107,,1,COLISEUM WY,2,,,A,W,79.0,66TH AV,F,,D,8/5/2024 4:08:19 PM,2/7/2025 1:36:48 PM,,,2,,,,,,,
3636468,17-015714,2,False,0109,3/26/2017 4:09:00 PM,1609,03X,14,109,Oakland,1,True,True,A,HEAD-ON,,Sunday,,,M,,False,False,False,,C,OTHER MOTOR VEHICLE,,0,0,CLOUDY,WIND,NO UNUSUAL CONDITIONS - NO UNUSUAL CONDITIONS,,B,DUSK-DAWN,,,,,,,A,NO PEDESTRIANS INVOLVED,,A,22107,,1,MARTIN LUTHER KING JR WY,1,,,A,,,GERRY ADAMS WY,,,A,8/5/2024 4:08:19 PM,2/7/2025 1:36:47 PM,,,2,,,,,,,
3636464,17-026388,2,False,0109,5/21/2017 8:33:00 PM,2033,23X,14,109,Oakland,1,True,True,D,BROADSIDE,,Sunday,,,M,,False,False,True,,C,OTHER MOTOR VEHICLE,,1,0,CLEAR,,NO UNUSUAL CONDITIONS - NO UNUSUAL CONDITIONS,,C,DARK-STREET LIGHTS,,,,,,,A,NO PEDESTRIANS INVOLVED,,A,21453A,,1,38TH AV,2,,,A,,,INTERNATIONAL BL,,,A,8/5/2024 4:08:19 PM,2/7/2025 1:36:47 PM,,,2,,,,,,,
3636458,17-001526,2,False,0109,1/9/2017 4:40:00 PM,1640,33X,14,109,Oakland,1,True,True,D,BROADSIDE,,Monday,,,,,False,False,False,,C,OTHER MOTOR VEHICLE,,0,0,CLOUDY,RAINING,NO UNUSUAL CONDITIONS - NO UNUSUAL CONDITIONS,,A,DAYLIGHT,,,,,,,A,NO PEDESTRIANS INVOLVED,,A,21802A,,1,92ND AV,2,,,B,,,A ST,,,A,8/5/2024 4:08:18 PM,2/7/2025 1:36:47 PM,,,2,,,,,,,
3636456,17-022484,2,False,0109,5/1/2017 6:12:00 PM,1812,03X,14,109,Oakland,1,True,True,B,SIDE SWIPE,,Monday,,,,,False,False,False,,C,OTHER MOTOR VEHICLE,,0,0,CLEAR,,NO UNUSUAL CONDITIONS - NO UNUSUAL CONDITIONS,,A,DAYLIGHT,,,,,,,A,NO PEDESTRIANS INVOLVED,,C,,,,OAK ST,1,,,A,S,50.0,9TH ST,F,,A,8/5/2024 4:08:18 PM,2/7/2025 1:36:47 PM,,,2,,,,,,,
3636448,17-034412,2,False,0109,7/2/2017 12:01:00 AM,1,08X,14,109,Oakland,1,True,True,C,REAR END,,Sunday,,,,,False,False,False,,E,PARKED MOTOR VEHICLE,,0,0,CLEAR,,NO UNUSUAL CONDITIONS - NO UNUSUAL CONDITIONS,,C,DARK-STREET LIGHTS,,,,,,,A,NO PEDESTRIANS INVOLVED,,A,23152A,,1,TELEGRAPH AV,1,,,A,S,69.0,34TH ST,F,,D,8/5/2024 4:08:16 PM,2/7/2025 1:36:46 PM,,,2,,,,,,,
3636444,17-034386,2,False,0109,7/1/2017 8:19:00 PM,2019,27Y,14,109,Oakland,1,True,True,C,REAR END,,Saturday,,,M,,False,False,False,,E,PARKED MOTOR VEHICLE,,0,0,CLEAR,,NO UNUSUAL CONDITIONS - NO UNUSUAL CONDITIONS,,A,DAYLIGHT,,,,,,,A,NO PEDESTRIANS INVOLVED,,A,23152A,,1,HILTON ST,2,,,A,,,63RD AV,,,D,8/5/2024 4:08:16 PM,2/7/2025 1:36:46 PM,,,2,,,,,,,
3636440,17-022680,2,False,0109,5/2/2017 1:15:00 PM,1315,14X,14,109,Oakland,1,True,True,F,OVERTURNED,,Tuesday,,,,,False,False,False,,C,OTHER MOTOR VEHICLE,,0,0,CLEAR,,NO UNUSUAL CONDITIONS - NO UNUSUAL CONDITIONS,,A,DAYLIGHT,,,,,,,A,NO PEDESTRIANS INVOLVED,,A,22107,,1,BAY PL,1,,,A,,,VERNON ST,,,A,8/5/2024 4:08:15 PM,2/7/2025 1:36:46 PM,,,2,,,,,,,
3636436,17-022621,2,False,0109,5/2/2017 10:15:00 AM,1015,26X,14,109,Oakland,1,True,True,C,REAR END,,Tuesday,,,,,False,False,False,,E,PARKED MOTOR VEHICLE,,0,0,CLEAR,,NO UNUSUAL CONDITIONS - NO UNUSUAL CONDITIONS,,A,DAYLIGHT,,,,,,,A,NO PEDESTRIANS INVOLVED,,A,22107,,1,SAN LEANDRO ST,2,,,A,,,54TH AV,,,D,8/5/2024 4:08:15 PM,2/7/2025 1:36:46 PM,,,2,,,,,,,
3636433,17-022478,2,False,0109,5/1/2017 4:45:00 PM,1645,20X,14,109,Oakland,1,True,True,C,REAR END,,Monday,,,,,False,False,False,,C,OTHER MOTOR VEHICLE,,1,0,CLEAR,,NO UNUSUAL CONDITIONS - NO UNUSUAL CONDITIONS,,A,DAYLIGHT,,,,,,,A,NO PEDESTRIANS INVOLVED,,A,22350,,1,FRUITVALE AV,2,,,A,S,20.0,E 17TH ST,F,,A,8/5/2024 4:08:15 PM,2/7/2025 1:36:46 PM,,,2,,,,,,,
3636429,17-025918,2,False,0109,5/19/2017 10:25:00 AM,1025,26X,14,109,Oakland,1,True,True,B,SIDE SWIPE,,Friday,,,,,False,False,False,,C,OTHER MOTOR VEHICLE,,0,0,CLEAR,,NO UNUSUAL CONDITIONS - NO UNUSUAL CONDITIONS,,A,DAYLIGHT,,,,,,,A,NO PEDESTRIANS INVOLVED,,A,21755,,1,81ST AV,2,,,A,N,10.0,SAN LEANDRO ST,F,,A,8/5/2024 4:08:14 PM,2/7/2025 1:36:45 PM,,,2,,,,,,,
3636425,17-019824,2,False,0109,4/17/2017 1:15:00 PM,1315,31X,14,109,Oakland,1,True,True,E,HIT OBJECT,,Monday,,,,,False,False,False,,I,FIXED OBJECT,,0,0,CLOUDY,,NO UNUSUAL CONDITIONS - NO UNUSUAL CONDITIONS,,A,DAYLIGHT,,,,,,,A,NO PEDESTRIANS INVOLVED,,A,22107,,1,HASSLER WY,2,,,A,N,120.0,EDGEWATER DR,F,,D,8/5/2024 4:08:14 PM,2/7/2025 1:36:45 PM,,,2,,,,,,,
3636424,17-028750,2,False,0109,6/2/2017 5:35:00 PM,1735,03X,14,109,Oakland,1,True,True,C,REAR END,,Friday,,,,,False,False,False,,C,OTHER MOTOR VEHICLE,,1,0,CLEAR,,NO UNUSUAL CONDITIONS - NO UNUSUAL CONDITIONS,,A,DAYLIGHT,,,,,,,A,NO PEDESTRIANS INVOLVED,,A,22350,,1,LAKE MERRITT BL,1,,,A,E,50.0,12TH ST,F,,D,8/5/2024 4:08:14 PM,2/7/2025 1:36:45 PM,,,2,,,,,,,
3636421,17-030433,2,False,0109,6/10/2017 2:10:00 PM,1410,29X,14,109,Oakland,1,True,True,C,REAR END,,Saturday,,,M,,False,False,True,,E,PARKED MOTOR VEHICLE,,0,0,CLEAR,,NO UNUSUAL CONDITIONS - NO UNUSUAL CONDITIONS,,A,DAYLIGHT,,,,,,,A,NO PEDESTRIANS INVOLVED,,A,22107,,1,MACARTHUR BL,2,,,A,E,200.0,69TH AV,F,,A,8/5/2024 4:08:13 PM,2/7/2025 1:36:45 PM,,,2,,,,,,,
3636397,17-026229,2,False,0109,5/20/2017 9:30:00 PM,2130,31X,14,109,Oakland,1,True,True,C,REAR END,,Saturday,,,,,False,False,False,,C,OTHER MOTOR VEHICLE,,4,0,CLEAR,,NO UNUSUAL CONDITIONS - NO UNUSUAL CONDITIONS,,A,DAYLIGHT,,,,,,,,,,A,22350,,1,98TH AV,2,,,A,S,100.0,DENSLOWE AV,F,,A,8/5/2024 4:08:10 PM,2/7/2025 1:36:44 PM,,,2,,,,,,,
3636394,17-026370,2,False,0109,5/21/2017 6:40:00 PM,1840,22X,14,109,Oakland,1,True,True,B,SIDE SWIPE,,Sunday,,,,,False,False,False,,C,OTHER MOTOR VEHICLE,,1,0,CLEAR,,NO UNUSUAL CONDITIONS - NO UNUSUAL CONDITIONS,,A,DAYLIGHT,,,,,,,,,,A,22107,,1,MOUNTAIN BL,1,,,A,W,100.0,REDWOOD RD,F,,D,8/5/2024 4:08:10 PM,2/7/2025 1:36:44 PM,,,2,,,,,,,
3636353,17-026293,2,False,0109,5/21/2017 7:28:00 AM,728,14X,14,109,Oakland,1,True,True,C,REAR END,,Sunday,,,,,False,False,False,,I,FIXED OBJECT,,0,0,CLEAR,,NO UNUSUAL CONDITIONS - NO UNUSUAL CONDITIONS,,A,DAYLIGHT,,,,,,,A,NO PEDESTRIANS INVOLVED,,A,22106,,1,JEAN ST,1,,,A,,,ALTA VISTA AV,,,C,8/5/2024 4:08:05 PM,2/7/2025 1:36:42 PM,,,2,,,,,,,
3636325,17-003466,2,False,0109,1/18/2017 10:57:00 PM,2257,33X,14,109,Oakland,1,True,True,G,VEHICLE/PEDESTRAIN,,Wednesday,,,M,,False,False,False,,B,PEDESTRIAN,,0,0,CLOUDY,,NO UNUSUAL CONDITIONS - NO UNUSUAL CONDITIONS,,C,DARK-STREET LIGHTS,,,,,,,D,CROSSING - NOT IN CROSSWALK,,A,21954A,,1,ELMHURST AV,2,,,B,,,D ST,,,D,8/5/2024 4:08:01 PM,2/7/2025 1:36:40 PM,,,2,,,,,,,
3636322,17-009688,2,False,0109,2/22/2017 2:55:00 PM,1455,20X,14,109,Oakland,1,True,True,B,SIDE SWIPE,,Wednesday,,,M,,False,False,False,,E,PARKED MOTOR VEHICLE,,0,0,CLEAR,,NO UNUSUAL CONDITIONS - NO UNUSUAL CONDITIONS,,A,DAYLIGHT,,,,,,,A,NO PEDESTRIANS INVOLVED,,A,22100A,,1,E 12TH ST,1,,,A,E,20.0,25TH ST,F,,A,8/5/2024 4:08:01 PM,2/7/2025 1:36:40 PM,,,2,,,,,,,
3636285,17-014607,2,False,0109,3/20/2017 8:00:00 PM,2000,01X,14,109,Oakland,1,True,True,G,VEHICLE/PEDESTRAIN,,Monday,,,M,,False,False,False,,B,PEDESTRIAN,,1,0,RAINING,,NO UNUSUAL CONDITIONS - NO UNUSUAL CONDITIONS,,C,DARK-STREET LIGHTS,,,,,,,B,CROSSING IN CROSS WALK AT INTERSECTION,,A,21950A,,1,EMBARCADERO WEST ST,1,,,B,W,12.0,BROADWAY,F,,A,8/5/2024 4:07:57 PM,2/7/2025 1:36:39 PM,,,2,,,,,,,
3635979,17-33114,2,False,0109,6/24/2017 9:40:00 PM,2140,16X,14,109,Oakland,1,True,True,C,REAR END,,Saturday,,,M,,False,False,True,,E,PARKED MOTOR VEHICLE,,0,0,CLOUDY,,NO UNUSUAL CONDITIONS - NO UNUSUAL CONDITIONS,,C,DARK-STREET LIGHTS,,,,,,,A,NO PEDESTRIANS INVOLVED,,A,23152A,,1,SUNNYHILLS RD,1,,,A,W,318.0,HILLCROFT CIR,F,,D,8/5/2024 4:07:19 PM,2/7/2025 1:36:24 PM,,,2,,,,,,,
3635977,17033472,2,False,0109,6/24/2017 9:39:00 PM,2139,16X,14,109,Oakland,1,True,True,B,SIDE SWIPE,,Saturday,,,M,,False,False,False,,E,PARKED MOTOR VEHICLE,,0,0,CLOUDY,,NO UNUSUAL CONDITIONS - NO UNUSUAL CONDITIONS,,C,DARK-STREET LIGHTS,,,,,,,A,NO PEDESTRIANS INVOLVED,,A,23152A,,1,ROSEMOUNT RD,1,,,A,,,VERADA RD,,,D,8/5/2024 4:07:19 PM,2/7/2025 1:36:24 PM,,,2,,,,,,,
3635792,17-055133,2,False,0109,10/20/2017 1:29:00 PM,1329,19X,14,109,Oakland,1,True,True,G,VEHICLE/PEDESTRAIN,,Friday,,,F,,False,False,True,,B,PEDESTRIAN,,1,0,CLEAR,,NO UNUSUAL CONDITIONS - NO UNUSUAL CONDITIONS,,A,DAYLIGHT,,,,,,,D,CROSSING - NOT IN CROSSWALK,,A,23152A,,1,E 15TH ST,1,,,A,W,65.0,9TH AV,F,,D,8/5/2024 4:06:56 PM,2/7/2025 1:36:15 PM,,,2,,,,,,,
3635791,17-056557,2,False,0109,10/28/2017 12:17:00 AM,17,26X,14,109,Oakland,1,True,True,C,REAR END,,Saturday,,,,,False,False,False,,C,OTHER MOTOR VEHICLE,,1,0,CLEAR,,NO UNUSUAL CONDITIONS - NO UNUSUAL CONDITIONS,,C,DARK-STREET LIGHTS,,,,,,,A,NO PEDESTRIANS INVOLVED,,A,23152A,,1,INTERNATIONAL BL,2,,,A,W,8.0,73RD AV,F,,A,8/5/2024 4:06:56 PM,2/7/2025 1:36:15 PM,,,2,,,,,,,
3635589,17-019409,2,False,0109,4/14/2017 9:11:00 PM,2111,23X,14,109,Oakland,1,True,True,B,SIDE SWIPE,,Friday,,,,,False,False,False,,C,OTHER MOTOR VEHICLE,,0,0,CLEAR,,NO UNUSUAL CONDITIONS - NO UNUSUAL CONDITIONS,,C,DARK-STREET LIGHTS,,,,,,,A,NO PEDESTRIANS INVOLVED,,A,22100A,,1,HIGH ST,2,,,A,E,10.0,WATTS ST,F,,D,8/5/2024 4:06:32 PM,2/7/2025 1:36:05 PM,,,2,,,,,,,
3635587,17-020503,2,False,0109,4/20/2017 6:07:00 PM,1807,33X,14,109,Oakland,1,True,True,D,BROADSIDE,,Thursday,,,M,,False,False,False,,C,OTHER MOTOR VEHICLE,,0,0,CLEAR,,NO UNUSUAL CONDITIONS - NO UNUSUAL CONDITIONS,,A,DAYLIGHT,,,,,,,A,NO PEDESTRIANS INVOLVED,,A,22350,,1,98TH AV,2,,,A,,,C ST,,,A,8/5/2024 4:06:32 PM,2/7/2025 1:36:05 PM,,,2,,,,,,,
3635585,17-017659,2,False,0109,4/5/2017 11:11:00 AM,1111,30Y,14,109,Oakland,1,True,True,D,BROADSIDE,,Wednesday,,,,,False,False,False,,C,OTHER MOTOR VEHICLE,,0,0,CLEAR,,NO UNUSUAL CONDITIONS - NO UNUSUAL CONDITIONS,,A,DAYLIGHT,,,,,,,A,NO PEDESTRIANS INVOLVED,,A,21453A,,1,BANCROFT AV,2,,,A,,,CHURCH ST,,,A,8/5/2024 4:06:32 PM,2/7/2025 1:36:05 PM,,,2,,,,,,,
3635579,17-020473,2,False,0109,4/20/2017 2:55:00 PM,1455,30X,14,109,Oakland,1,True,True,D,BROADSIDE,,Thursday,,,,,False,False,True,,E,PARKED MOTOR VEHICLE,,0,0,CLEAR,,NO UNUSUAL CONDITIONS - NO UNUSUAL CONDITIONS,,A,DAYLIGHT,,,,,,,A,NO PEDESTRIANS INVOLVED,,A,22107,,1,BANCROFT AV,2,,,A,E,50.0,CHURCH ST,F,,D,8/5/2024 4:06:31 PM,2/7/2025 1:36:05 PM,,,2,,,,,,,
3635553,17-020065,2,False,0109,4/19/2017 2:04:00 PM,1404,27Y,14,109,Oakland,1,True,True,D,BROADSIDE,,Wednesday,,,,,False,False,True,,C,OTHER MOTOR VEHICLE,,3,0,CLEAR,,NO UNUSUAL CONDITIONS - NO UNUSUAL CONDITIONS,,A,DAYLIGHT,,,,,,,,,,A,21453A,,1,BANCROFT AV,2,,,A,,,57TH AV,,,A,8/5/2024 4:06:28 PM,2/7/2025 1:36:04 PM,,,2,,,,,,,
3635552,17-021680,2,False,0109,4/27/2017 2:52:00 AM,252,33X,14,109,Oakland,1,True,True,G,VEHICLE/PEDESTRAIN,,Thursday,,,,,False,False,False,,B,PEDESTRIAN,,1,0,CLEAR,,NO UNUSUAL CONDITIONS - NO UNUSUAL CONDITIONS,,C,DARK-STREET LIGHTS,,,,,,,,,,A,21950A,,1,A ST,2,,,A,,,84TH AV,,,D,8/5/2024 4:06:28 PM,2/7/2025 1:36:04 PM,,,2,,,,,,,
3635551,17-020650,2,False,0109,4/21/2017 2:53:00 PM,1453,30X,14,109,Oakland,1,True,True,G,VEHICLE/PEDESTRAIN,,Friday,,,,,False,False,False,,B,PEDESTRIAN,,1,0,CLEAR,,NO UNUSUAL CONDITIONS - NO UNUSUAL CONDITIONS,,A,DAYLIGHT,,,,,,,,,,A,21950A,,1,INTERNATIONAL BL,2,,,A,,,69TH AV,,,A,8/5/2024 4:06:28 PM,2/7/2025 1:36:04 PM,,,2,,,,,,,
3635550,17-018543,2,False,0109,4/10/2017 1:30:00 PM,1330,10X,14,109,Oakland,1,True,True,G,VEHICLE/PEDESTRAIN,,Monday,,,F,,False,False,False,,B,PEDESTRIAN,,1,0,CLEAR,,NO UNUSUAL CONDITIONS - NO UNUSUAL CONDITIONS,,A,DAYLIGHT,,,,,,,,,,D,,,,INTERNATIONAL BL,1,,,A,E,10.0,9TH AV,F,,A,8/5/2024 4:06:28 PM,2/7/2025 1:36:04 PM,,,2,,,,,,,
3635549,17-020064,2,False,0109,4/18/2017 1:30:00 PM,1330,07X,14,109,Oakland,1,True,True,C,REAR END,,Tuesday,,,,,False,False,False,,E,PARKED MOTOR VEHICLE,,2,0,CLEAR,,NO UNUSUAL CONDITIONS - NO UNUSUAL CONDITIONS,,A,DAYLIGHT,,,,,,,,,,A,22107,,1,SAN PABLO AV,1,,,A,,,23RD ST,,,A,8/5/2024 4:06:27 PM,2/7/2025 1:36:04 PM,,,2,,,,,,,
3635548,17-020998,2,False,0109,4/23/2017 3:23:00 PM,1523,30X,14,109,Oakland,1,True,True,A,HEAD-ON,,Sunday,,,,,False,False,False,,B,PEDESTRIAN,,1,0,CLEAR,,NO UNUSUAL CONDITIONS - NO UNUSUAL CONDITIONS,,A,DAYLIGHT,,,,,,,,,,A,21950B,,1,68TH AV,2,,,A,N,300.0,FOOTHILL BL,F,,D,8/5/2024 4:06:27 PM,2/7/2025 1:36:03 PM,,,2,,,,,,,
3635547,17-020042,2,False,0109,4/18/2017 1:30:00 PM,1330,30Y,14,109,Oakland,1,True,True,B,SIDE SWIPE,,Tuesday,,,,,False,False,False,,C,OTHER MOTOR VEHICLE,,1,0,CLEAR,,NO UNUSUAL CONDITIONS - NO UNUSUAL CONDITIONS,,A,DAYLIGHT,,,,,,,,,,A,22450,,1,75TH AV,2,,,A,,,MACARTHUR BL,,,A,8/5/2024 4:06:27 PM,2/7/2025 1:36:03 PM,,,2,,,,,,,
3635546,17-020029,2,False,0109,4/18/2017 11:49:00 AM,1149,04X,14,109,Oakland,1,True,True,A,HEAD-ON,,Tuesday,,,,,False,False,True,,C,OTHER MOTOR VEHICLE,,1,0,CLEAR,,NO UNUSUAL CONDITIONS - NO UNUSUAL CONDITIONS,,A,DAYLIGHT,,,,,,,,,,A,21453A,,1,17TH ST,1,,,A,,,BRUSH ST,,,A,8/5/2024 4:06:27 PM,2/7/2025 1:36:03 PM,,,2,,,,,,,
3635545,17-020409,2,False,0109,4/20/2017 9:40:00 AM,940,31Y,14,109,Oakland,1,True,True,D,BROADSIDE,,Thursday,,,,,False,False,True,,C,OTHER MOTOR VEHICLE,,1,0,CLEAR,,NO UNUSUAL CONDITIONS - NO UNUSUAL CONDITIONS,,A,DAYLIGHT,,,,,,,,,,A,21801A,,1,98TH AV,2,,,A,,,AIRPORT ACCESS RD,,,A,8/5/2024 4:06:27 PM,2/7/2025 1:36:03 PM,,,2,,,,,,,
3635544,17-021848,2,False,0109,4/27/2017 9:37:00 PM,2137,30X,14,109,Oakland,1,True,True,D,BROADSIDE,,Thursday,,,M,,False,False,False,,C,OTHER MOTOR VEHICLE,,2,0,CLEAR,,NO UNUSUAL CONDITIONS - NO UNUSUAL CONDITIONS,,C,DARK-STREET LIGHTS,,,,,,,,,,A,22107,,1,HEGENBERGER RD,2,,,A,,,SAN LEANDRO ST,,,A,8/5/2024 4:06:27 PM,2/7/2025 1:36:03 PM,,,2,,,,,,,
3635542,17-019166,2,False,0109,4/13/2017 3:41:00 PM,1541,07X,14,109,Oakland,1,True,True,B,SIDE SWIPE,,Thursday,,,,,False,False,False,,C,OTHER MOTOR VEHICLE,,1,0,CLEAR,,NO UNUSUAL CONDITIONS - NO UNUSUAL CONDITIONS,,A,DAYLIGHT,,,,,,,,,,A,21802A,,1,34TH ST,1,,,A,,,CHESTNUT ST,,,A,8/5/2024 4:06:27 PM,2/7/2025 1:36:03 PM,,,2,,,,,,,
3635541,17-021855,2,False,0109,4/27/2017 10:26:00 PM,2226,32X,14,109,Oakland,1,True,True,D,BROADSIDE,,Thursday,,,,,False,False,False,,C,OTHER MOTOR VEHICLE,,1,0,CLEAR,,NO UNUSUAL CONDITIONS - NO UNUSUAL CONDITIONS,,A,DAYLIGHT,,,,,,,,,,A,21453A,,1,98TH AV,2,,,A,,,D ST,,,A,8/5/2024 4:06:26 PM,2/7/2025 1:36:03 PM,,,2,,,,,,,
3635540,17-017150,2,False,0109,4/3/2017 9:14:00 AM,914,03Y,14,109,Oakland,1,True,True,G,VEHICLE/PEDESTRAIN,,Monday,,,,,False,False,False,,B,PEDESTRIAN,,2,0,CLEAR,,NO UNUSUAL CONDITIONS - NO UNUSUAL CONDITIONS,,A,DAYLIGHT,,,,,,,,,,B,,,1,14TH ST,1,,,A,W,10.0,FRANKLIN ST,F,,A,8/5/2024 4:06:26 PM,2/7/2025 1:36:03 PM,,,2,,,,,,,
3635539,17-020141,2,False,0109,4/18/2017 11:10:00 PM,2310,27X,14,109,Oakland,1,True,True,G,VEHICLE/PEDESTRAIN,,Tuesday,,,M,,False,False,False,,B,PEDESTRIAN,,1,0,CLOUDY,,NO UNUSUAL CONDITIONS - NO UNUSUAL CONDITIONS,,C,DARK-STREET LIGHTS,,,,,,,,,,A,21453C,,1,BANCROFT AV,2,,,A,E,25.0,TRASK ST,F,,A,8/5/2024 4:06:26 PM,2/7/2025 1:36:03 PM,,,2,,,,,,,
3635538,17-018992,2,False,0109,4/12/2017 6:44:00 PM,1844,21X,14,109,Oakland,1,True,True,D,BROADSIDE,,Wednesday,,,,,False,False,False,,C,OTHER MOTOR VEHICLE,,1,0,CLOUDY,,NO UNUSUAL CONDITIONS - NO UNUSUAL CONDITIONS,,A,DAYLIGHT,,,,,,,,,,A,21804A,,1,FRUITVALE AV,1,,,A,N,40.0,FOOTHILL BL,F,,D,8/5/2024 4:06:26 PM,2/7/2025 1:36:03 PM,,,2,,,,,,,
3635537,17-021988,2,False,0109,4/28/2017 5:51:00 PM,1751,35X,14,109,Oakland,1,True,True,E,HIT OBJECT,,Friday,,,,,False,False,False,,E,PARKED MOTOR VEHICLE,,1,0,CLEAR,,NO UNUSUAL CONDITIONS - NO UNUSUAL CONDITIONS,,A,DAYLIGHT,,,,,,,,,,A,21202A,,1,THERMAL ST,2,,,A,W,10.0,BURR ST,F,,D,8/5/2024 4:06:26 PM,2/7/2025 1:36:03 PM,,,2,,,,,,,