collision-id,report-number,report-version,is-preliminary,ncic-code,crash-date-time,crash-time-description,beat,city-id,city-code,city-name,county-code,city-is-active,city-is-incorporated,collision-type-code,collision-type-description,collision-type-other-desc,day-of-week,dispatch-notified,has-photographs,hit-run,is-attachments-mailed,is-deleted,is-highway-related,is-tow-away,judicial-district,motor-vehicle-involved-with-code,motor-vehicle-involved-with-desc,motor-vehicle-involved-with-other-desc,number-injured,number-killed,weather-1,weather-2,road-condition-1,road-condition-2,special-condition-lighting-code,lighting-description,latitude,longitude,milepost-direction,milepost-distance,milepost-marker,milepost-unit-of-measure,pedestrian-action-code,pedestrian-action-desc,prepared-date,primary-collision-factor-code,primary-collision-factor-violation,primary-collision-factor-is-cited,primary-collision-party-number,primary-road,reporting-district,reporting-district-code,reviewed-date,roadway-surface-code,secondary-direction,secondary-distance,secondary-road,secondary-unit-of-measure,sketch-desc,traffic-control-device-code,created-date,modified-date,is-county-road,is-freeway,chp-555-version,is-additonal-object-struck,notification-date,notification-time-description,has-digital-media-files,evidence-number,is-location-refer-to-narrative,is-aoi-one-same-as-location
3646527,17-023378,2,False,0109,5/5/2017 9:46:00 PM,2146,04X,14,109,Oakland,1,True,True,G,VEHICLE/PEDESTRAIN,,Friday,,,M,,False,False,False,,B,PEDESTRIAN,,1,0,CLEAR,,NO UNUSUAL CONDITIONS - NO UNUSUAL CONDITIONS,,C,DARK-STREET LIGHTS,,,,,,,B,CROSSING IN CROSS WALK AT INTERSECTION,,A,21950A,,1,20TH ST,1,,,A,,,BROADWAY,,,A,8/5/2024 4:29:38 PM,2/7/2025 1:45:15 PM,,,2,,,,,,,
3646516,17-023156,2,False,0109,5/4/2017 9:30:00 PM,2130,02X,14,109,Oakland,1,True,True,G,VEHICLE/PEDESTRAIN,,Thursday,,,M,,False,False,False,,B,PEDESTRIAN,,1,0,CLEAR,,NO UNUSUAL CONDITIONS - NO UNUSUAL CONDITIONS,,C,DARK-STREET LIGHTS,,,,,,,B,CROSSING IN CROSS WALK AT INTERSECTION,,A,21950A,,1,ADELINE ST,1,,,A,,,8TH ST,,,A,8/5/2024 4:29:36 PM,2/7/2025 1:45:14 PM,,,2,,,,,,,
3646512,17-023764,2,False,0109,5/7/2017 11:07:00 PM,2307,35X,14,109,Oakland,1,True,True,D,BROADSIDE,,Sunday,,,M,,False,False,True,,C,OTHER MOTOR VEHICLE,,2,0,CLEAR,,NO UNUSUAL CONDITIONS - NO UNUSUAL CONDITIONS,,C,DARK-STREET LIGHTS,,,,,,,A,NO PEDESTRIANS INVOLVED,,A,21800A,,1,BANCROFT AV,2,,,A,,,88TH AV,,,D,8/5/2024 4:29:36 PM,2/7/2025 1:45:14 PM,,,2,,,,,,,
3646502,17-016590,2,False,0109,3/30/2017 10:37:00 PM,2237,30Y,14,109,Oakland,1,True,True,B,SIDE SWIPE,,Thursday,,,,,False,False,True,,C,OTHER MOTOR VEHICLE,,1,0,CLEAR,,NO UNUSUAL CONDITIONS - NO UNUSUAL CONDITIONS,,C,DARK-STREET LIGHTS,,,,,,,A,NO PEDESTRIANS INVOLVED,,A,22107,,1,GARFIELD AV,2,,,A,E,10.0,77TH AV,F,,A,8/5/2024 4:29:35 PM,2/7/2025 1:45:14 PM,,,2,,,,,,,
3646500,17-014552,2,False,0109,3/20/2017 1:47:00 PM,1347,27X,14,109,Oakland,1,True,True,D,BROADSIDE,,Monday,,,M,,False,False,False,,C,OTHER MOTOR VEHICLE,,1,0,CLOUDY,,NO UNUSUAL CONDITIONS - NO UNUSUAL CONDITIONS,,A,DAYLIGHT,,,,,,,A,NO PEDESTRIANS INVOLVED,,A,22450A,,1,HARMON AV,2,,,A,,,57TH AV,,,A,8/5/2024 4:29:35 PM,2/7/2025 1:45:14 PM,,,2,,,,,,,
3646492,17-014728,2,False,0109,3/21/2017 12:00:00 PM,1200,19X,14,109,Oakland,1,True,True,D,BROADSIDE,,Tuesday,,,,,False,False,False,,C,OTHER MOTOR VEHICLE,,3,0,CLEAR,,NO UNUSUAL CONDITIONS - NO UNUSUAL CONDITIONS,,A,DAYLIGHT,,,,,,,A,NO PEDESTRIANS INVOLVED,,A,21801A,,1,E 12TH ST,1,,,A,,,22ND AV,,,A,8/5/2024 4:29:33 PM,2/7/2025 1:45:13 PM,,,2,,,,,,,
3646483,17-020230,2,False,0109,4/19/2017 11:09:00 AM,1109,08X,14,109,Oakland,1,True,True,G,VEHICLE/PEDESTRAIN,,Wednesday,,,M,,False,False,False,,G,BICYCLE,,1,0,CLEAR,,NO UNUSUAL CONDITIONS - NO UNUSUAL CONDITIONS,,A,DAYLIGHT,,,,,,,E,IN ROAD - INCLUDES SHOULDER,,A,22107,,1,BROADWAY,1,,,A,,,23RD ST,,,A,8/5/2024 4:29:32 PM,2/7/2025 1:45:13 PM,,,2,,,,,,,
3646481,17-021431,2,False,0109,4/25/2017 4:56:00 PM,1656,30X,14,109,Oakland,1,True,True,D,BROADSIDE,,Tuesday,,,,,False,False,True,,C,OTHER MOTOR VEHICLE,,1,0,CLEAR,,NO UNUSUAL CONDITIONS - NO UNUSUAL CONDITIONS,,A,DAYLIGHT,,,,,,,A,NO PEDESTRIANS INVOLVED,,A,21453A,,1,MACARTHUR BL,2,,,A,,,82ND AV,,,A,8/5/2024 4:29:32 PM,2/7/2025 1:45:13 PM,,,2,,,,,,,
3646476,17-025477,2,False,0109,5/17/2017 9:12:00 AM,912,31Y,14,109,Oakland,1,True,True,B,SIDE SWIPE,,Wednesday,,,M,,False,False,True,,C,OTHER MOTOR VEHICLE,,1,0,CLEAR,,NO UNUSUAL CONDITIONS - NO UNUSUAL CONDITIONS,,A,DAYLIGHT,,,,,,,A,NO PEDESTRIANS INVOLVED,,A,22107,,1,98TH AV,2,,,A,S,150.0,MADDUX DR,F,,A,8/5/2024 4:29:31 PM,2/7/2025 1:45:12 PM,,,2,,,,,,,
3646468,17-027473,2,False,0109,5/26/2017 9:55:00 PM,2155,03X,14,109,Oakland,1,True,True,E,HIT OBJECT,,Friday,,,,,False,False,True,,I,FIXED OBJECT,,1,0,CLEAR,,NO UNUSUAL CONDITIONS - NO UNUSUAL CONDITIONS,,C,DARK-STREET LIGHTS,,,,,,,A,NO PEDESTRIANS INVOLVED,,A,22107,,1,BROADWAY,1,,,A,S,30.0,12TH ST,F,,D,8/5/2024 4:29:30 PM,2/7/2025 1:45:12 PM,,,2,,,,,,,
3646464,17-022260,2,False,0109,5/1/2017 12:27:00 PM,1227,04X,14,109,Oakland,1,True,True,D,BROADSIDE,,Monday,,,,,False,False,False,,C,OTHER MOTOR VEHICLE,,1,0,CLEAR,,NO UNUSUAL CONDITIONS - NO UNUSUAL CONDITIONS,,A,DAYLIGHT,,,,,,,A,NO PEDESTRIANS INVOLVED,,A,21453A,,1,BRUSH ST,1,,,A,,,17TH ST,,,A,8/5/2024 4:29:30 PM,2/7/2025 1:45:12 PM,,,2,,,,,,,
3646460,17-023689,2,False,0109,5/7/2017 4:35:00 PM,1635,31X,14,109,Oakland,1,True,True,H,OTHER,,Sunday,,,F,,False,False,False,,I,FIXED OBJECT,,1,0,CLEAR,,NO UNUSUAL CONDITIONS - NO UNUSUAL CONDITIONS,,A,DAYLIGHT,,,,,,,A,NO PEDESTRIANS INVOLVED,,A,21658A,,1,EDGEWATER DR,2,,,A,,,HEGENBERGER RD,,,A,8/5/2024 4:29:29 PM,2/7/2025 1:45:12 PM,,,2,,,,,,,
3646456,17-023632,2,False,0109,5/7/2017 9:49:00 AM,949,06X,14,109,Oakland,1,True,True,A,HEAD-ON,,Sunday,,,,,False,False,False,,C,OTHER MOTOR VEHICLE,,1,0,CLEAR,,NO UNUSUAL CONDITIONS - NO UNUSUAL CONDITIONS,,A,DAYLIGHT,,,,,,,A,NO PEDESTRIANS INVOLVED,,A,21801A,,1,40TH ST,1,,,A,,,MARTIN LUTHER KING JR WY,,,A,8/5/2024 4:29:29 PM,2/7/2025 1:45:12 PM,,,2,,,,,,,
3646453,17-023424,2,False,0109,5/6/2017 2:14:00 AM,214,19X,14,109,Oakland,1,True,True,A,HEAD-ON,,Saturday,,,M,,False,False,False,,C,OTHER MOTOR VEHICLE,,1,0,CLEAR,,NO UNUSUAL CONDITIONS - NO UNUSUAL CONDITIONS,,D,DARK-NO STREET LIGHTS,,,,,,,A,NO PEDESTRIANS INVOLVED,,A,22450A,,1,COTTON ST,1,,,A,,,DENNISON ST,,,A,8/5/2024 4:29:28 PM,2/7/2025 1:45:11 PM,,,2,,,,,,,
3646445,17-032081,2,False,0109,6/19/2017 8:16:00 PM,2016,15X,14,109,Oakland,1,True,True,C,REAR END,,Monday,,,,,False,False,False,,C,OTHER MOTOR VEHICLE,,0,0,CLEAR,,NO UNUSUAL CONDITIONS - NO UNUSUAL CONDITIONS,,A,DAYLIGHT,,,,,,,A,NO PEDESTRIANS INVOLVED,,A,22350,,1,E 18TH ST,1,,,A,E,50.0,PARK BL,F,,D,8/5/2024 4:29:27 PM,2/7/2025 1:45:11 PM,,,2,,,,,,,
3646440,17-017045,2,False,0109,4/2/2017 4:31:00 PM,1631,02X,14,109,Oakland,1,True,True,B,SIDE SWIPE,,Sunday,,,M,,False,False,False,,E,PARKED MOTOR VEHICLE,,0,0,CLEAR,,NO UNUSUAL CONDITIONS - NO UNUSUAL CONDITIONS,,A,DAYLIGHT,,,,,,,A,NO PEDESTRIANS INVOLVED,,A,20002A,,1,13TH ST,1,,,A,W,100.0,BRUSH ST,F,,D,8/5/2024 4:29:26 PM,2/7/2025 1:45:11 PM,,,2,,,,,,,
3646436,17-026601,2,False,0109,5/22/2017 7:39:00 PM,1939,03X,14,109,Oakland,1,True,True,C,REAR END,,Monday,,,,,False,False,False,,C,OTHER MOTOR VEHICLE,,0,0,CLEAR,,NO UNUSUAL CONDITIONS - NO UNUSUAL CONDITIONS,,A,DAYLIGHT,,,,,,,A,NO PEDESTRIANS INVOLVED,,A,22100B,,,13TH ST,1,,,A,,,MADISON ST,,,A,8/5/2024 4:29:26 PM,2/7/2025 1:45:10 PM,,,2,,,,,,,
3646434,17-008263,2,False,0109,2/14/2017 5:25:00 PM,1725,27Y,14,109,Oakland,1,True,True,D,BROADSIDE,,Tuesday,,,,,False,False,True,,C,OTHER MOTOR VEHICLE,,0,0,CLEAR,,NO UNUSUAL CONDITIONS - NO UNUSUAL CONDITIONS,,A,DAYLIGHT,,,,,,,,,,A,22450A,,1,63RD AV,2,,,A,,,AVENAL AV,,,A,8/5/2024 4:29:26 PM,2/7/2025 1:45:10 PM,,,2,,,,,,,
3646429,17-034509,2,False,0109,7/2/2017 5:43:00 PM,1743,03X,14,109,Oakland,1,True,True,D,BROADSIDE,,Sunday,,,F,,False,False,True,,C,OTHER MOTOR VEHICLE,,1,0,CLEAR,,NO UNUSUAL CONDITIONS - NO UNUSUAL CONDITIONS,,A,DAYLIGHT,,,,,,,A,NO PEDESTRIANS INVOLVED,,A,21453A,,1,7TH ST,1,,,A,E,15.0,WASHINGTON ST,F,,A,8/5/2024 4:29:25 PM,2/7/2025 1:45:10 PM,,,2,,,,,,,
3646424,17-038661,2,False,0109,7/24/2017 3:00:00 PM,1500,01X,14,109,Oakland,1,True,True,C,REAR END,,Monday,,,,,False,False,False,,C,OTHER MOTOR VEHICLE,,0,0,CLEAR,,NO UNUSUAL CONDITIONS - NO UNUSUAL CONDITIONS,,A,DAYLIGHT,,,,,,,,,,A,22350,,1,WASHINGTON ST,1,,,A,N,10.0,5TH ST,F,,A,8/5/2024 4:29:24 PM,2/7/2025 1:45:10 PM,,,2,,,,,,,
3645729,17-027427,2,False,0109,5/26/2017 5:26:00 PM,1726,19X,14,109,Oakland,1,True,True,D,BROADSIDE,,Friday,,,M,,False,False,False,,C,OTHER MOTOR VEHICLE,,1,0,CLEAR,,NO UNUSUAL CONDITIONS - NO UNUSUAL CONDITIONS,,A,DAYLIGHT,,,,,,,A,NO PEDESTRIANS INVOLVED,,A,21453A,,1,22ND AV,1,,,A,,,EAST 12TH ST,,,A,8/5/2024 4:27:52 PM,2/7/2025 1:44:35 PM,,,2,,,,,,,
3645725,17-028097,2,False,0109,5/30/2017 11:50:00 AM,1150,26X,14,109,Oakland,1,True,True,B,SIDE SWIPE,,Tuesday,,,M,,False,False,True,,C,OTHER MOTOR VEHICLE,,1,0,CLOUDY,,NO UNUSUAL CONDITIONS - NO UNUSUAL CONDITIONS,,A,DAYLIGHT,,,,,,,A,NO PEDESTRIANS INVOLVED,,A,21658A,,,COLISEUM WY,2,,,A,E,450.0,50TH AV,F,,D,8/5/2024 4:27:51 PM,2/7/2025 1:44:35 PM,,,2,,,,,,,
3645721,17-027210,2,False,0109,5/25/2017 4:43:00 PM,1643,23X,14,109,Oakland,1,True,True,A,HEAD-ON,,Thursday,,,,,False,False,False,,C,OTHER MOTOR VEHICLE,,1,0,CLEAR,,NO UNUSUAL CONDITIONS - NO UNUSUAL CONDITIONS,,A,DAYLIGHT,,,,,,,A,NO PEDESTRIANS INVOLVED,,A,21801A,,1,E 12TH ST,2,,,A,,,FRUITVALE AV,,,A,8/5/2024 4:27:51 PM,2/7/2025 1:44:35 PM,,,2,,,,,,,
3645717,17-027243,2,False,0109,5/25/2017 6:48:00 PM,1848,31Y,14,109,Oakland,1,True,True,D,BROADSIDE,,Thursday,,,,,False,False,True,,C,OTHER MOTOR VEHICLE,,1,0,CLEAR,,NO UNUSUAL CONDITIONS - NO UNUSUAL CONDITIONS,,A,DAYLIGHT,,,,,,,A,NO PEDESTRIANS INVOLVED,,A,21453A,,1,98TH AV,2,,,A,,,EMPIRE RD,,,A,8/5/2024 4:27:50 PM,2/7/2025 1:44:35 PM,,,2,,,,,,,
3645714,17-027744,2,False,0109,5/28/2017 6:25:00 PM,1825,17X,14,109,Oakland,1,True,True,D,BROADSIDE,,Sunday,,,,,False,False,False,,C,OTHER MOTOR VEHICLE,,1,0,CLEAR,,NO UNUSUAL CONDITIONS - NO UNUSUAL CONDITIONS,,A,DAYLIGHT,,,,,,,A,NO PEDESTRIANS INVOLVED,,A,21453A,,1,BEAUMONT AV,1,,,A,,,MACARTHUR BL,,,A,8/5/2024 4:27:49 PM,2/7/2025 1:44:35 PM,,,2,,,,,,,
3645709,17-030502,2,False,0109,6/11/2017 7:12:00 PM,1912,26X,14,109,Oakland,1,True,True,D,BROADSIDE,,Sunday,,,,,False,False,True,,C,OTHER MOTOR VEHICLE,,1,0,CLEAR,,NO UNUSUAL CONDITIONS - NO UNUSUAL CONDITIONS,,A,DAYLIGHT,,,,,,,A,NO PEDESTRIANS INVOLVED,,A,21453A,,1,HEGENBERGER RD,2,,,A,,,HAMILTON ST,,,A,8/5/2024 4:27:49 PM,2/7/2025 1:44:35 PM,,,2,,,,,,,
3645708,17-025073,2,False,0109,5/15/2017 8:11:00 AM,811,19X,14,109,Oakland,1,True,True,D,BROADSIDE,,Monday,,,,,False,False,False,,C,OTHER MOTOR VEHICLE,,1,0,CLEAR,,NO UNUSUAL CONDITIONS - NO UNUSUAL CONDITIONS,,A,DAYLIGHT,,,,,,,A,NO PEDESTRIANS INVOLVED,,A,21801A,,2,14TH AV,1,,,A,,,INTERNATIONAL BL,,,A,8/5/2024 4:27:49 PM,2/7/2025 1:44:34 PM,,,2,,,,,,,
3645706,17-028877,2,False,0109,6/3/2017 11:37:00 AM,1137,19X,14,109,Oakland,1,True,True,A,HEAD-ON,,Saturday,,,,,False,False,False,,C,OTHER MOTOR VEHICLE,,1,0,CLEAR,,NO UNUSUAL CONDITIONS - NO UNUSUAL CONDITIONS,,A,DAYLIGHT,,,,,,,A,NO PEDESTRIANS INVOLVED,,A,21453A,,1,23RD AV,1,,,A,,,E 11TH ST,,,A,8/5/2024 4:27:49 PM,2/7/2025 1:44:34 PM,,,2,,,,,,,
3645705,17-025237,2,False,0109,5/15/2017 10:27:00 PM,2227,21X,14,109,Oakland,1,True,True,A,HEAD-ON,,Monday,,,,,False,False,False,,C,OTHER MOTOR VEHICLE,,2,0,CLEAR,,NO UNUSUAL CONDITIONS - NO UNUSUAL CONDITIONS,,C,DARK-STREET LIGHTS,,,,,,,A,NO PEDESTRIANS INVOLVED,,A,22450A,,1,EAST 21ST AV,1,,,A,,,24TH AV,,,A,8/5/2024 4:27:48 PM,2/7/2025 1:44:34 PM,,,2,,,,,,,
3645701,17-024738,2,False,0109,5/12/2017 11:07:00 PM,2307,12Y,14,109,Oakland,1,True,True,H,OTHER,,Friday,,,,,False,False,True,,G,BICYCLE,,1,0,CLEAR,,NO UNUSUAL CONDITIONS - NO UNUSUAL CONDITIONS,,C,DARK-STREET LIGHTS,,,,,,,A,NO PEDESTRIANS INVOLVED,,A,21801A,,1,TELEGRAPH AV,1,,,A,S,17.0,57TH ST,F,,A,8/5/2024 4:27:48 PM,2/7/2025 1:44:34 PM,,,2,,,,,,,
3645662,17-039806,2,False,0109,7/30/2017 7:50:00 PM,1950,26X,14,109,Oakland,1,True,True,A,HEAD-ON,,Sunday,,,M,,False,False,False,,C,OTHER MOTOR VEHICLE,,0,0,CLEAR,,NO UNUSUAL CONDITIONS - NO UNUSUAL CONDITIONS,,B,DUSK-DAWN,,,,,,,A,NO PEDESTRIANS INVOLVED,,A,22107,,1,HAWLEY ST,2,,,A,W,20.0,71ST AV,F,,D,8/5/2024 4:27:42 PM,2/7/2025 1:44:32 PM,,,2,,,,,,,
3645135,17-022429,2,False,0109,5/1/2017 11:40:00 AM,1140,27X,14,109,Oakland,1,True,True,D,BROADSIDE,,Monday,,,,,False,False,False,,C,OTHER MOTOR VEHICLE,,2,0,CLEAR,,NO UNUSUAL CONDITIONS - NO UNUSUAL CONDITIONS,,A,DAYLIGHT,,,,,,,A,NO PEDESTRIANS INVOLVED,,A,21802A,,1,FOOTHILL BL,2,,,A,,,COLE ST,,,A,8/5/2024 4:26:30 PM,2/7/2025 1:44:05 PM,,,2,,,,,,,
3645113,17-023680,2,False,0109,5/7/2017 3:42:00 PM,1542,24X,14,109,Oakland,1,True,True,D,BROADSIDE,,Sunday,,,,,False,False,False,,C,OTHER MOTOR VEHICLE,,0,0,CLEAR,,NO UNUSUAL CONDITIONS - NO UNUSUAL CONDITIONS,,A,DAYLIGHT,,,,,,,A,NO PEDESTRIANS INVOLVED,,A,21453A,,,35TH AV,2,,,A,,,PENNIMAN AV,,,A,8/5/2024 4:26:27 PM,2/7/2025 1:44:04 PM,,,2,,,,,,,
3645109,17-023553,2,False,0109,5/6/2017 8:27:00 PM,2027,04X,14,109,Oakland,1,True,True,D,BROADSIDE,,Saturday,,,,,False,False,False,,,,,0,0,CLEAR,,NO UNUSUAL CONDITIONS - NO UNUSUAL CONDITIONS,,C,DARK-STREET LIGHTS,,,,,,,A,NO PEDESTRIANS INVOLVED,,A,21453A,,1,SAN PABLO AV,1,,,A,,,17TH ST,,,A,8/5/2024 4:26:27 PM,2/7/2025 1:44:04 PM,,,2,,,,,,,
3645076,17-023659,2,False,0109,5/7/2017 1:24:00 PM,1324,19X,14,109,Oakland,1,True,True,D,BROADSIDE,,Sunday,,,,,False,False,False,,C,OTHER MOTOR VEHICLE,,1,0,CLEAR,,NO UNUSUAL CONDITIONS - NO UNUSUAL CONDITIONS,,A,DAYLIGHT,,,,,,,A,NO PEDESTRIANS INVOLVED,,A,22450A,,1,22ND AV,1,,,A,,,E 15TH ST,,,A,8/5/2024 4:26:22 PM,2/7/2025 1:44:03 PM,,,2,,,,,,,
3645011,17-016533,2,False,0109,3/30/2017 3:36:00 PM,1536,35X,14,109,Oakland,1,True,True,D,BROADSIDE,,Thursday,,,M,,False,False,False,,C,OTHER MOTOR VEHICLE,,0,0,CLEAR,,NO UNUSUAL CONDITIONS - NO UNUSUAL CONDITIONS,,A,DAYLIGHT,,,,,,,A,NO PEDESTRIANS INVOLVED,,A,22450A,,1,GOLF LINKS RD,2,,,A,,,COSGRAVE AV,,,A,8/5/2024 4:26:13 PM,2/7/2025 1:43:59 PM,,,2,,,,,,,
3644678,17-032568,2,False,0109,6/22/2017 2:58:00 AM,258,03Y,14,109,Oakland,1,True,True,D,BROADSIDE,,Thursday,,,M,,False,False,False,,C,OTHER MOTOR VEHICLE,,0,0,CLEAR,,NO UNUSUAL CONDITIONS - NO UNUSUAL CONDITIONS,,C,DARK-STREET LIGHTS,,,,,,,A,NO PEDESTRIANS INVOLVED,,A,21453A,,1,7TH ST,1,,,A,,,JEFFERSON ST,,,A,8/5/2024 4:25:30 PM,2/7/2025 1:43:43 PM,,,2,,,,,,,
3644219,17-025309,2,False,0109,5/16/2017 9:55:00 AM,955,32X,14,109,Oakland,1,True,True,A,HEAD-ON,,Tuesday,,,,,False,False,False,,C,OTHER MOTOR VEHICLE,,2,0,CLOUDY,,NO UNUSUAL CONDITIONS - NO UNUSUAL CONDITIONS,,A,DAYLIGHT,,,,,,,A,NO PEDESTRIANS INVOLVED,,A,21460A,,1,98TH AV,2,,,,S,150.0,D ST,F,,D,8/5/2024 4:24:29 PM,2/7/2025 1:43:20 PM,,,2,,,,,,,
3644215,17-024277,2,False,0109,5/10/2017 12:30:00 PM,1230,11X,14,109,Oakland,1,True,True,C,REAR END,,Wednesday,,,,,False,False,True,,C,OTHER MOTOR VEHICLE,,1,0,CLEAR,,NO UNUSUAL CONDITIONS - NO UNUSUAL CONDITIONS,,A,DAYLIGHT,,,,,,,A,NO PEDESTRIANS INVOLVED,,A,22350,,1,SHATTUCK AV,1,,,A,S,15.0,56TH ST,F,,A,8/5/2024 4:24:28 PM,2/7/2025 1:43:20 PM,,,2,,,,,,,
3644211,17-025076,2,False,0109,5/15/2017 8:30:00 AM,830,26Y,14,109,Oakland,1,True,True,B,SIDE SWIPE,,Monday,,,M,,False,False,False,,C,OTHER MOTOR VEHICLE,,0,0,CLEAR,,NO UNUSUAL CONDITIONS - NO UNUSUAL CONDITIONS,,A,DAYLIGHT,,,,,,,A,NO PEDESTRIANS INVOLVED,,A,22106,,1,66TH AV,2,,,A,S,700.0,SAN LEANDRO ST,F,,D,8/5/2024 4:24:28 PM,2/7/2025 1:43:20 PM,,,2,,,,,,,
3644205,17-005552,2,False,0109,1/31/2017 10:25:00 AM,1025,01X,14,109,Oakland,1,True,True,B,SIDE SWIPE,,Tuesday,,,M,,False,False,False,,E,PARKED MOTOR VEHICLE,,0,0,CLEAR,,NO UNUSUAL CONDITIONS - NO UNUSUAL CONDITIONS,,A,DAYLIGHT,,,,,,,,,,A,22107,,1,JACKSON ST,1,,,A,N,50.0,4TH ST,F,,A,8/5/2024 4:24:27 PM,2/7/2025 1:43:20 PM,,,2,,,,,,,
3643820,17-024054,2,False,0109,5/9/2017 10:26:00 AM,1026,23X,14,109,Oakland,1,True,True,E,HIT OBJECT,,Tuesday,,,,,False,False,True,,I,FIXED OBJECT,,0,0,CLEAR,,NO UNUSUAL CONDITIONS - NO UNUSUAL CONDITIONS,,A,DAYLIGHT,,,,,,,A,NO PEDESTRIANS INVOLVED,,A,22107,,1,HIGH ST,2,,,A,N,150.0,TIDEWATER,F,,D,8/5/2024 4:23:38 PM,2/7/2025 1:43:01 PM,,,2,,,,,,,
3643818,17-020697,2,False,0109,4/21/2017 8:44:00 PM,2044,08X,14,109,Oakland,1,True,True,D,BROADSIDE,,Friday,,,,,False,False,False,,C,OTHER MOTOR VEHICLE,,1,0,CLEAR,,NO UNUSUAL CONDITIONS - NO UNUSUAL CONDITIONS,,C,DARK-STREET LIGHTS,,,,,,,A,NO PEDESTRIANS INVOLVED,,A,21802A,,1,NORTHGATE AV,1,,,A,,,SYCAMORE ST,,,D,8/5/2024 4:23:38 PM,2/7/2025 1:43:01 PM,,,2,,,,,,,
3643816,17-023503,2,False,0109,5/6/2017 3:44:00 PM,1544,16X,14,109,Oakland,1,True,True,B,SIDE SWIPE,,Saturday,,,,,False,False,False,,C,OTHER MOTOR VEHICLE,,0,0,CLEAR,,NO UNUSUAL CONDITIONS - NO UNUSUAL CONDITIONS,,A,DAYLIGHT,,,,,,,A,NO PEDESTRIANS INVOLVED,,A,22107,,1,EXCELSIOR AV,1,,,A,,,ELSTON AV,,,D,8/5/2024 4:23:37 PM,2/7/2025 1:43:01 PM,,,2,,,,,,,
3643812,17-022185,2,False,0109,5/1/2017 12:10:00 AM,10,34X,14,109,Oakland,1,True,True,C,REAR END,,Monday,,,,,False,False,False,,,,,0,0,CLEAR,,,,C,DARK-STREET LIGHTS,,,,,,,A,NO PEDESTRIANS INVOLVED,,A,22106,,1,83RD AV,2,,,A,N,20.0,HOLLY ST,F,,A,8/5/2024 4:23:37 PM,2/7/2025 1:43:01 PM,,,2,,,,,,,
3643808,17-023392,2,False,0109,5/6/2017 9:53:00 PM,2153,04X,14,109,Oakland,1,True,True,B,SIDE SWIPE,,Saturday,,,,,False,False,False,,C,OTHER MOTOR VEHICLE,,0,0,CLEAR,,NO UNUSUAL CONDITIONS - NO UNUSUAL CONDITIONS,,C,DARK-STREET LIGHTS,,,,,,,A,NO PEDESTRIANS INVOLVED,,A,22107,,1,SAN PABLO AV,1,,,A,S,25.0,21ST ST,F,,A,8/5/2024 4:23:36 PM,2/7/2025 1:43:01 PM,,,2,,,,,,,
3643806,17-023304,2,False,0109,5/5/2017 1:38:00 PM,1338,19X,14,109,Oakland,1,True,True,B,SIDE SWIPE,,Friday,,,,,False,False,False,,C,OTHER MOTOR VEHICLE,,0,0,CLEAR,,NO UNUSUAL CONDITIONS - NO UNUSUAL CONDITIONS,,A,DAYLIGHT,,,,,,,A,NO PEDESTRIANS INVOLVED,,A,22106,,1,INTERNATIONAL BL,1,,,A,,,10TH AV,,,D,8/5/2024 4:23:36 PM,2/7/2025 1:43:00 PM,,,2,,,,,,,
3643800,17-023066,2,False,0109,5/4/2017 1:04:00 PM,1304,17X,14,109,Oakland,1,True,True,D,BROADSIDE,,Thursday,,,,,False,False,True,,C,OTHER MOTOR VEHICLE,,0,0,CLEAR,,NO UNUSUAL CONDITIONS - NO UNUSUAL CONDITIONS,,A,DAYLIGHT,,,,,,,A,NO PEDESTRIANS INVOLVED,,A,21801A,,1,BEAUMONT AV,1,,,A,,,MACARTHUR,,,A,8/5/2024 4:23:35 PM,2/7/2025 1:43:00 PM,,,2,,,,,,,
3643798,17-0304010,2,False,0109,6/28/2017 5:42:00 PM,1742,30,14,109,Oakland,1,True,True,B,SIDE SWIPE,,Wednesday,,,M,,False,False,False,,C,OTHER MOTOR VEHICLE,,0,0,CLEAR,,NO UNUSUAL CONDITIONS - NO UNUSUAL CONDITIONS,,A,DAYLIGHT,,,,,,,A,NO PEDESTRIANS INVOLVED,,A,22106,,1,82ND AV,2,,,A,N,335.0,BIRCH ST,F,,D,8/5/2024 4:23:35 PM,2/7/2025 1:43:00 PM,,,2,,,,,,,
3643797,17-023131,2,False,0109,5/4/2017 7:00:00 PM,1900,30Y,14,109,Oakland,1,True,True,D,BROADSIDE,,Thursday,,,M,,False,False,False,,E,PARKED MOTOR VEHICLE,,0,0,CLEAR,,NO UNUSUAL CONDITIONS - NO UNUSUAL CONDITIONS,,A,DAYLIGHT,,,,,,,A,NO PEDESTRIANS INVOLVED,,A,22107,,1,77TH AV,2,,,A,N,50.0,BANCROFT,F,,D,8/5/2024 4:23:35 PM,2/7/2025 1:43:00 PM,,,2,,,,,,,
3643793,17-023383,2,False,0109,5/5/2017 9:45:00 PM,2145,33X,14,109,Oakland,1,True,True,A,HEAD-ON,,Friday,,,M,,False,False,True,,C,OTHER MOTOR VEHICLE,,0,0,CLEAR,,NO UNUSUAL CONDITIONS - NO UNUSUAL CONDITIONS,,C,DARK-STREET LIGHTS,,,,,,,A,NO PEDESTRIANS INVOLVED,,A,22107,,1,98TH AV,2,,,A,,,E ST,,,A,8/5/2024 4:23:34 PM,2/7/2025 1:43:00 PM,,,2,,,,,,,
3643790,17-023386,2,False,0109,5/5/2017 10:26:00 PM,2226,21X,14,109,Oakland,1,True,True,E,HIT OBJECT,,Friday,,,M,,False,False,True,,I,FIXED OBJECT,,0,0,CLEAR,,NO UNUSUAL CONDITIONS - NO UNUSUAL CONDITIONS,,D,DARK-NO STREET LIGHTS,,,,,,,A,NO PEDESTRIANS INVOLVED,,A,22350,,1,E 21ST ST,1,,,A,E,378.0,MITCHELL ST,F,,D,8/5/2024 4:23:34 PM,2/7/2025 1:43:00 PM,,,2,,,,,,,
3643786,17-023607,2,False,0109,5/7/2017 4:16:00 AM,416,34X,14,109,Oakland,1,True,True,B,SIDE SWIPE,,Sunday,,,M,,False,False,False,,E,PARKED MOTOR VEHICLE,,0,0,CLEAR,,NO UNUSUAL CONDITIONS - NO UNUSUAL CONDITIONS,,C,DARK-STREET LIGHTS,,,,,,,A,NO PEDESTRIANS INVOLVED,,A,22107,,1,94TH AV,2,,,A,S,100.0,BIRCH ST,F,,A,8/5/2024 4:23:33 PM,2/7/2025 1:42:59 PM,,,2,,,,,,,