collision-id,report-number,report-version,is-preliminary,ncic-code,crash-date-time,crash-time-description,beat,city-id,city-code,city-name,county-code,city-is-active,city-is-incorporated,collision-type-code,collision-type-description,collision-type-other-desc,day-of-week,dispatch-notified,has-photographs,hit-run,is-attachments-mailed,is-deleted,is-highway-related,is-tow-away,judicial-district,motor-vehicle-involved-with-code,motor-vehicle-involved-with-desc,motor-vehicle-involved-with-other-desc,number-injured,number-killed,weather-1,weather-2,road-condition-1,road-condition-2,special-condition-lighting-code,lighting-description,latitude,longitude,milepost-direction,milepost-distance,milepost-marker,milepost-unit-of-measure,pedestrian-action-code,pedestrian-action-desc,prepared-date,primary-collision-factor-code,primary-collision-factor-violation,primary-collision-factor-is-cited,primary-collision-party-number,primary-road,reporting-district,reporting-district-code,reviewed-date,roadway-surface-code,secondary-direction,secondary-distance,secondary-road,secondary-unit-of-measure,sketch-desc,traffic-control-device-code,created-date,modified-date,is-county-road,is-freeway,chp-555-version,is-additonal-object-struck,notification-date,notification-time-description,has-digital-media-files,evidence-number,is-location-refer-to-narrative,is-aoi-one-same-as-location
3643782,17-023719,2,False,0109,5/7/2017 6:15:00 PM,1815,21Y,14,109,Oakland,1,True,True,B,SIDE SWIPE,,Sunday,,,M,,False,False,False,,E,PARKED MOTOR VEHICLE,,0,0,CLEAR,,NO UNUSUAL CONDITIONS - NO UNUSUAL CONDITIONS,,A,DAYLIGHT,,,,,,,A,NO PEDESTRIANS INVOLVED,,A,22107,,1,WARD LN,1,,,A,W,30.0,CURRAN AV,F,,D,8/5/2024 4:23:33 PM,2/7/2025 1:42:59 PM,,,2,,,,,,,
3643778,17-023796,2,False,0109,5/8/2017 3:11:00 AM,311,30X,14,109,Oakland,1,True,True,A,HEAD-ON,,Monday,,,M,,False,False,False,,C,OTHER MOTOR VEHICLE,,0,0,CLEAR,,NO UNUSUAL CONDITIONS - NO UNUSUAL CONDITIONS,,C,DARK-STREET LIGHTS,,,,,,,A,NO PEDESTRIANS INVOLVED,,A,22107,,1,70TH AV,2,,,A,N,50.0,INTERNATIONAL BL,F,,D,8/5/2024 4:23:32 PM,2/7/2025 1:42:59 PM,,,2,,,,,,,
3643774,17-023406,2,False,0109,5/6/2017 12:35:00 AM,35,27Y,14,109,Oakland,1,True,True,D,BROADSIDE,,Saturday,,,M,,False,False,True,,E,PARKED MOTOR VEHICLE,,0,0,CLEAR,,NO UNUSUAL CONDITIONS - NO UNUSUAL CONDITIONS,,C,DARK-STREET LIGHTS,,,,,,,A,NO PEDESTRIANS INVOLVED,,A,22350,,1,HILTON ST,2,,,A,,,BANCROFT AV,,,D,8/5/2024 4:23:32 PM,2/7/2025 1:42:59 PM,,,2,,,,,,,
3643770,17-023586,2,False,0109,5/6/2017 10:58:00 PM,2258,29X,14,109,Oakland,1,True,True,B,SIDE SWIPE,,Saturday,,,M,,False,False,True,,E,PARKED MOTOR VEHICLE,,0,0,CLOUDY,,NO UNUSUAL CONDITIONS - NO UNUSUAL CONDITIONS,,C,DARK-STREET LIGHTS,,,,,,,A,NO PEDESTRIANS INVOLVED,,A,22107,,1,55TH AV,2,,,A,S,150.0,FOOTHILL BL,F,,D,8/5/2024 4:23:31 PM,2/7/2025 1:42:59 PM,,,2,,,,,,,
3643766,17-023797,2,False,0109,5/8/2017 2:30:00 AM,230,09X,14,109,Oakland,1,True,True,D,BROADSIDE,,Monday,,,M,,False,False,False,,E,PARKED MOTOR VEHICLE,,0,0,CLEAR,,NO UNUSUAL CONDITIONS - NO UNUSUAL CONDITIONS,,C,DARK-STREET LIGHTS,,,,,,,A,NO PEDESTRIANS INVOLVED,,A,22107,,1,BAYO VISTA AV,1,,,A,W,45.0,OAKLAND AV,F,,D,8/5/2024 4:23:31 PM,2/7/2025 1:42:58 PM,,,2,,,,,,,
3643762,17-023088,2,False,0109,5/4/2017 6:25:00 PM,1825,16Y,14,109,Oakland,1,True,True,B,SIDE SWIPE,,Thursday,,,M,,False,False,False,,E,PARKED MOTOR VEHICLE,,0,0,CLEAR,,NO UNUSUAL CONDITIONS - NO UNUSUAL CONDITIONS,,A,DAYLIGHT,,,,,,,A,NO PEDESTRIANS INVOLVED,,A,22350,,1,TRESTLE GLEN RD,1,,,A,N,20.0,NORWOOD AV,F,,D,8/5/2024 4:23:30 PM,2/7/2025 1:42:58 PM,,,2,,,,,,,
3643608,17-023319,2,False,0109,5/5/2017 3:15:00 PM,1515,33X,14,109,Oakland,1,True,True,D,BROADSIDE,,Friday,,,,,False,False,False,,C,OTHER MOTOR VEHICLE,,0,0,CLEAR,,NO UNUSUAL CONDITIONS - NO UNUSUAL CONDITIONS,,A,DAYLIGHT,,,,,,,A,NO PEDESTRIANS INVOLVED,,A,21453A,,1,85TH AV,2,,,A,,,SAN LEANDRO ST,,,A,8/5/2024 4:23:09 PM,2/7/2025 1:42:51 PM,,,2,,,,,,,
3643543,17-024003,2,False,0109,5/9/2017 7:44:00 AM,744,13X,14,109,Oakland,1,True,True,B,SIDE SWIPE,,Tuesday,,,,,False,False,True,,C,OTHER MOTOR VEHICLE,,1,0,CLEAR,,NO UNUSUAL CONDITIONS - NO UNUSUAL CONDITIONS,,A,DAYLIGHT,,,,,,,A,NO PEDESTRIANS INVOLVED,,A,22107,,1,THORNHILL DR,1,,,A,S,200.0,WOODHAVEN WY,F,,D,8/5/2024 4:23:00 PM,2/7/2025 1:42:48 PM,,,2,,,,,,,
3643540,17-033878,2,False,0109,6/28/2017 4:25:00 PM,1625,26X,14,109,Oakland,1,True,True,E,HIT OBJECT,,Wednesday,,,,,False,False,False,,I,FIXED OBJECT,,1,0,CLEAR,,NO UNUSUAL CONDITIONS - NO UNUSUAL CONDITIONS,,A,DAYLIGHT,,,,,,,A,NO PEDESTRIANS INVOLVED,,A,22107,,1,COLISEUM WY,2,,,A,E,540.0,50TH AV,F,,D,8/5/2024 4:22:59 PM,2/7/2025 1:42:48 PM,,,2,,,,,,,
3643536,17-031495,2,False,0109,6/11/2017 1:30:00 PM,1330,08X,14,109,Oakland,1,True,True,G,VEHICLE/PEDESTRAIN,,Sunday,,,F,,False,False,False,,B,PEDESTRIAN,,1,0,CLEAR,,NO UNUSUAL CONDITIONS - NO UNUSUAL CONDITIONS,,A,DAYLIGHT,,,,,,,E,IN ROAD - INCLUDES SHOULDER,,D,,,,21ST ST,1,,,A,,,TELEGRAPH AV,,,D,8/5/2024 4:22:59 PM,2/7/2025 1:42:48 PM,,,2,,,,,,,
3643467,17-036854 1501,2,False,0109,7/14/2017 6:41:00 PM,1841,26X,14,109,Oakland,1,True,True,D,BROADSIDE,,Friday,,,M,,False,False,False,,C,OTHER MOTOR VEHICLE,,0,0,CLEAR,,NO UNUSUAL CONDITIONS - NO UNUSUAL CONDITIONS,,A,DAYLIGHT,,,,,,,A,NO PEDESTRIANS INVOLVED,,A,21802A,,1,INTERNATIONAL BL,2,,,A,,,58TH AV,,,A,8/5/2024 4:22:50 PM,2/7/2025 1:42:45 PM,,,2,,,,,,,
3643463,17-038278,2,False,0109,7/22/2017 1:04:00 AM,104,2X,14,109,Oakland,1,True,True,D,BROADSIDE,,Saturday,,,,,False,False,False,,C,OTHER MOTOR VEHICLE,,0,0,CLEAR,,NO UNUSUAL CONDITIONS - NO UNUSUAL CONDITIONS,,C,DARK-STREET LIGHTS,,,,,,,A,NO PEDESTRIANS INVOLVED,,A,231235,,1,BRUSH ST,,,,A,,,17TH ST,,,A,8/5/2024 4:22:50 PM,2/7/2025 1:42:44 PM,,,2,,,,,,,
3643400,17-037022,2,False,0109,7/15/2017 7:10:00 PM,1910,27X,14,109,Oakland,1,True,True,D,BROADSIDE,,Saturday,,,,,False,False,True,,C,OTHER MOTOR VEHICLE,,3,0,CLEAR,,NO UNUSUAL CONDITIONS - NO UNUSUAL CONDITIONS,,B,DUSK-DAWN,,,,,,,A,NO PEDESTRIANS INVOLVED,,A,23152,,1,48TH AV,2,,,A,,,FOOTHILL BL,,,A,8/5/2024 4:22:41 PM,2/7/2025 1:42:41 PM,,,2,,,,,,,
3643008,17-034913,2,False,0109,7/4/2017 10:02:00 PM,2202,04X,14,109,Oakland,1,True,True,B,SIDE SWIPE,,Tuesday,,,M,,False,False,True,,C,OTHER MOTOR VEHICLE,,0,0,CLOUDY,,NO UNUSUAL CONDITIONS - NO UNUSUAL CONDITIONS,,C,DARK-STREET LIGHTS,,,,,,,A,NO PEDESTRIANS INVOLVED,,A,23152A,,1,WEST GRAND,2,,,A,,,NORTHRIDGE,,,D,8/5/2024 4:21:48 PM,2/7/2025 1:42:21 PM,,,2,,,,,,,
3642707,17-019790,2,False,0109,4/17/2017 10:31:00 AM,1031,32X,14,109,Oakland,1,True,True,B,SIDE SWIPE,,Monday,,,,,False,False,False,,C,OTHER MOTOR VEHICLE,,0,0,CLOUDY,,NO UNUSUAL CONDITIONS - NO UNUSUAL CONDITIONS,,A,DAYLIGHT,,,,,,,A,NO PEDESTRIANS INVOLVED,,A,22103,,1,106TH AV,2,,,A,S,200.0,FOOTHILL BL,F,,D,8/5/2024 4:21:09 PM,2/7/2025 1:42:07 PM,,,2,,,,,,,
3642704,17-021877,2,False,0109,4/28/2017 1:35:00 AM,135,02X,14,109,Oakland,1,True,True,D,BROADSIDE,,Friday,,,,,False,False,False,,G,BICYCLE,,0,0,CLEAR,,NO UNUSUAL CONDITIONS - NO UNUSUAL CONDITIONS,,E,DARK-STREET LIGHTS NOT FUNCTIONING*,,,,,,,A,NO PEDESTRIANS INVOLVED,,A,21453A,,1,BRUSH ST,1,,,A,,,5TH ST,,,A,8/5/2024 4:21:08 PM,2/7/2025 1:42:06 PM,,,2,,,,,,,
3642699,17-019077,2,False,0109,4/13/2017 9:05:00 AM,905,23X,14,109,Oakland,1,True,True,B,SIDE SWIPE,,Thursday,,,,,False,False,False,,C,OTHER MOTOR VEHICLE,,0,0,CLOUDY,,NO UNUSUAL CONDITIONS - NO UNUSUAL CONDITIONS,,A,DAYLIGHT,,,,,,,A,NO PEDESTRIANS INVOLVED,,A,21802A,,1,FOOTHILL BL,2,,,B,E,21.0,CROSBY AV,F,,D,8/5/2024 4:21:07 PM,2/7/2025 1:42:06 PM,,,2,,,,,,,
3642694,17-021647,2,False,0109,4/22/2017 3:00:00 PM,1500,12X,14,109,Oakland,1,True,True,H,OTHER,,Saturday,,,M,,False,False,False,,E,PARKED MOTOR VEHICLE,,0,0,CLEAR,,NO UNUSUAL CONDITIONS - NO UNUSUAL CONDITIONS,,A,DAYLIGHT,,,,,,,A,NO PEDESTRIANS INVOLVED,,A,22106,,1,43RD ST,1,,,A,E,150.0,TELEGRAPH AV,F,,D,8/5/2024 4:21:07 PM,2/7/2025 1:42:06 PM,,,2,,,,,,,
3642691,17-022245,2,False,0109,4/30/2017 10:16:00 AM,1016,12X,14,109,Oakland,1,True,True,A,HEAD-ON,,Sunday,,,,,False,False,False,,C,OTHER MOTOR VEHICLE,,0,0,CLEAR,,NO UNUSUAL CONDITIONS - NO UNUSUAL CONDITIONS,,A,DAYLIGHT,,,,,,,A,NO PEDESTRIANS INVOLVED,,A,22107,,1,SHATTUCK AV,1,,,A,,,52ND ST,,,A,8/5/2024 4:21:06 PM,2/7/2025 1:42:06 PM,,,2,,,,,,,
3642687,17-017250,2,False,0109,4/3/2017 6:30:00 PM,1830,31X,14,109,Oakland,1,True,True,D,BROADSIDE,,Monday,,,,,False,False,False,,C,OTHER MOTOR VEHICLE,,0,0,CLEAR,,NO UNUSUAL CONDITIONS - NO UNUSUAL CONDITIONS,,A,DAYLIGHT,,,,,,,A,NO PEDESTRIANS INVOLVED,,A,21804A,,1,EDES AV,2,,,A,E,100.0,HEGENBERGER RD,F,,D,8/5/2024 4:21:06 PM,2/7/2025 1:42:06 PM,,,2,,,,,,,
3642683,17-021885,2,False,0109,4/28/2017 1:10:00 AM,110,21Y,14,109,Oakland,1,True,True,C,REAR END,,Friday,,,M,,False,False,True,,E,PARKED MOTOR VEHICLE,,0,0,CLEAR,,NO UNUSUAL CONDITIONS - NO UNUSUAL CONDITIONS,,C,DARK-STREET LIGHTS,,,,,,,A,NO PEDESTRIANS INVOLVED,,A,22107,,1,COOLIDGE AV,1,,,A,S,375.0,LOGAN ST,F,,D,8/5/2024 4:21:05 PM,2/7/2025 1:42:05 PM,,,2,,,,,,,
3642679,17-021886,2,False,0109,4/28/2017 3:30:00 AM,330,03X,14,109,Oakland,1,True,True,B,SIDE SWIPE,,Friday,,,M,,False,False,False,,E,PARKED MOTOR VEHICLE,,0,0,CLEAR,,NO UNUSUAL CONDITIONS - NO UNUSUAL CONDITIONS,,C,DARK-STREET LIGHTS,,,,,,,A,NO PEDESTRIANS INVOLVED,,A,21658A,,1,14TH ST,1,,,A,W,20.0,HARRISON ST,F,,D,8/5/2024 4:21:05 PM,2/7/2025 1:42:05 PM,,,2,,,,,,,
3642674,17-022135,2,False,0109,4/29/2017 4:46:00 PM,1646,29X,14,109,Oakland,1,True,True,E,HIT OBJECT,,Saturday,,,M,,False,False,False,,I,FIXED OBJECT,,0,0,CLEAR,,NO UNUSUAL CONDITIONS - NO UNUSUAL CONDITIONS,,A,DAYLIGHT,,,,,,,A,NO PEDESTRIANS INVOLVED,,A,22350,,1,64TH AV,2,,,A,S,3.0,MACARTHUR BL,F,,A,8/5/2024 4:21:04 PM,2/7/2025 1:42:05 PM,,,2,,,,,,,
3642671,17-022126,2,False,0109,4/29/2017 3:45:00 PM,1545,34X,14,109,Oakland,1,True,True,B,SIDE SWIPE,,Saturday,,,M,,False,False,False,,,,,0,0,CLEAR,,NO UNUSUAL CONDITIONS - NO UNUSUAL CONDITIONS,,A,DAYLIGHT,,,,,,,A,NO PEDESTRIANS INVOLVED,,A,21802A,,1,BANCROFT AV,2,,,A,,,88TH AV,,,D,8/5/2024 4:21:04 PM,2/7/2025 1:42:05 PM,,,2,,,,,,,
3642667,17-022200,2,False,0109,4/29/2017 7:13:00 PM,1913,30X,14,109,Oakland,1,True,True,D,BROADSIDE,,Saturday,,,M,,False,False,False,,E,PARKED MOTOR VEHICLE,,0,0,CLEAR,,NO UNUSUAL CONDITIONS - NO UNUSUAL CONDITIONS,,A,DAYLIGHT,,,,,,,A,NO PEDESTRIANS INVOLVED,,A,22107,,1,HAVENSCOURT BL,2,,,A,,,HAVENSCOURT BL 1520,,,D,8/5/2024 4:21:04 PM,2/7/2025 1:42:05 PM,,,2,,,,,,,
3642662,17-022046,2,False,0109,4/29/2017 1:02:00 AM,102,24Y,14,109,Oakland,1,True,True,D,BROADSIDE,,Saturday,,,M,,False,False,False,,C,OTHER MOTOR VEHICLE,,0,0,CLEAR,,NO UNUSUAL CONDITIONS - NO UNUSUAL CONDITIONS,,C,DARK-STREET LIGHTS,,,,,,,A,NO PEDESTRIANS INVOLVED,,A,22107,,1,HAGEMAN AV,2,,,A,,,35TH AV,,,D,8/5/2024 4:21:03 PM,2/7/2025 1:42:04 PM,,,2,,,,,,,
3642659,17-022155,2,False,0109,4/29/2017 8:47:00 PM,2047,32Y,14,109,Oakland,1,True,True,C,REAR END,,Saturday,,,M,,False,False,True,,E,PARKED MOTOR VEHICLE,,0,0,CLEAR,,NO UNUSUAL CONDITIONS - NO UNUSUAL CONDITIONS,,C,DARK-STREET LIGHTS,,,,,,,A,NO PEDESTRIANS INVOLVED,,A,22107,,1,100TH AV,2,,,A,S,60.0,MACARTHUR BL,F,,D,8/5/2024 4:21:02 PM,2/7/2025 1:42:04 PM,,,2,,,,,,,
3642655,17-021941,2,False,0109,4/28/2017 11:35:00 AM,1135,06X,14,109,Oakland,1,True,True,D,BROADSIDE,,Friday,,,,,False,False,False,,D,MOTOR VEHICLE ON OTHER ROADWAY,,0,0,CLEAR,,NO UNUSUAL CONDITIONS - NO UNUSUAL CONDITIONS,,A,DAYLIGHT,,,,,,,A,NO PEDESTRIANS INVOLVED,,A,22107,,1,36TH ST,1,,,A,,,MARKET ST,,,A,8/5/2024 4:21:02 PM,2/7/2025 1:42:04 PM,,,2,,,,,,,
3642653,17-030281,2,False,0109,6/10/2017 1:15:00 AM,115,33X,14,109,Oakland,1,True,True,C,REAR END,,Saturday,,,M,,False,False,True,,E,PARKED MOTOR VEHICLE,,0,0,CLEAR,,NO UNUSUAL CONDITIONS - NO UNUSUAL CONDITIONS,,C,DARK-STREET LIGHTS,,,,,,,A,NO PEDESTRIANS INVOLVED,,A,22107,,1,85TH AV,2,,,A,S,30.0,D ST,F,,A,8/5/2024 4:21:01 PM,2/7/2025 1:42:04 PM,,,2,,,,,,,
3642648,17-030184,2,False,0109,6/9/2017 4:00:00 PM,1600,31X,14,109,Oakland,1,True,True,F,OVERTURNED,,Friday,,,,,False,False,True,,A,NON-COLLISION,,0,0,CLEAR,,NO UNUSUAL CONDITIONS - NO UNUSUAL CONDITIONS,,A,DAYLIGHT,,,,,,,A,NO PEDESTRIANS INVOLVED,,A,22350,,1,COLISEUM WY,2,,,A,E,0.2,66TH AV,M,,D,8/5/2024 4:21:01 PM,2/7/2025 1:42:04 PM,,,2,,,,,,,
3642644,17-023123,2,False,0109,5/4/2017 6:24:00 PM,1824,27X,14,109,Oakland,1,True,True,A,HEAD-ON,,Thursday,,,,,False,False,True,,C,OTHER MOTOR VEHICLE,,3,0,CLOUDY,,NO UNUSUAL CONDITIONS - NO UNUSUAL CONDITIONS,,A,DAYLIGHT,,,,,,,A,NO PEDESTRIANS INVOLVED,,A,21801A,,1,BANCROFT AV,2,,,A,,,FAIRFAX AV,,,A,8/5/2024 4:21:00 PM,2/7/2025 1:42:04 PM,,,2,,,,,,,
3642640,17-022845,2,False,0109,5/3/2017 12:19:00 PM,1219,03X,14,109,Oakland,1,True,True,B,SIDE SWIPE,,Wednesday,,,,,False,False,False,,C,OTHER MOTOR VEHICLE,,2,0,CLEAR,,NO UNUSUAL CONDITIONS - NO UNUSUAL CONDITIONS,,A,DAYLIGHT,,,,,,,A,NO PEDESTRIANS INVOLVED,,A,21453A,,1,12TH ST,1,,,A,,,WEBSTER ST,,,A,8/5/2024 4:21:00 PM,2/7/2025 1:42:03 PM,,,2,,,,,,,
3642636,17-022776,2,False,0109,5/2/2017 11:35:00 PM,2335,05X,14,109,Oakland,1,True,True,B,SIDE SWIPE,,Tuesday,,,,,False,False,False,,C,OTHER MOTOR VEHICLE,,1,0,CLEAR,,NO UNUSUAL CONDITIONS - NO UNUSUAL CONDITIONS,,C,DARK-STREET LIGHTS,,,,,,,A,NO PEDESTRIANS INVOLVED,,A,21802A,,1,W GRAND AV,1,,,A,,,CAMPBELL ST,,,A,8/5/2024 4:20:59 PM,2/7/2025 1:42:03 PM,,,2,,,,,,,
3642544,17-006470 4386,2,False,0109,2/5/2017 1:38:00 AM,138,27X,14,109,Oakland,1,True,True,A,HEAD-ON,,Sunday,,,M,,False,False,False,,C,OTHER MOTOR VEHICLE,,0,0,CLEAR,,NO UNUSUAL CONDITIONS - NO UNUSUAL CONDITIONS,,C,DARK-STREET LIGHTS,,,,,,,A,NO PEDESTRIANS INVOLVED,,A,22107,,1,64TH AV,2,,,A,N,20.0,FLORA ST,F,,A,8/5/2024 4:20:48 PM,2/7/2025 1:41:59 PM,,,2,,,,,,,
3642538,17-009995 4387,2,False,0109,2/24/2017 1:05:00 AM,105,30Y,14,109,Oakland,1,True,True,E,HIT OBJECT,,Friday,,,M,,False,False,False,,I,FIXED OBJECT,,0,0,CLEAR,,NO UNUSUAL CONDITIONS - NO UNUSUAL CONDITIONS,,C,DARK-STREET LIGHTS,,,,,,,A,NO PEDESTRIANS INVOLVED,,A,22350,,1,MACARTHUR BL,2,,,A,W,12.0,75TH AV,F,,D,8/5/2024 4:20:47 PM,2/7/2025 1:41:59 PM,,,2,,,,,,,
3642537,17-010579 4408,2,False,0109,2/27/2017 3:08:00 PM,1508,16X,14,109,Oakland,1,True,True,C,REAR END,,Monday,,,,,False,False,False,,E,PARKED MOTOR VEHICLE,,0,0,CLEAR,,NO UNUSUAL CONDITIONS - NO UNUSUAL CONDITIONS,,A,DAYLIGHT,,,,,,,A,NO PEDESTRIANS INVOLVED,,A,22107,,1,PARK BL,1,,,A,S,30.0,PARK BL WY,F,,D,8/5/2024 4:20:47 PM,2/7/2025 1:41:58 PM,,,2,,,,,,,
3642509,17-016174 4396,2,False,0109,3/28/2017 10:36:00 PM,2236,08X,14,109,Oakland,1,True,True,B,SIDE SWIPE,,Tuesday,,,,,False,False,False,,C,OTHER MOTOR VEHICLE,,0,0,CLEAR,,NO UNUSUAL CONDITIONS - NO UNUSUAL CONDITIONS,,C,DARK-STREET LIGHTS,,,,,,,A,NO PEDESTRIANS INVOLVED,,A,21650,,1,FAIRMOUNT AV,1,,,A,N,75.0,29TH ST,F,,D,8/5/2024 4:20:44 PM,2/7/2025 1:41:57 PM,,,2,,,,,,,
3642506,17-014951 4388,2,False,0109,3/22/2017 12:43:00 PM,1243,32Y,14,109,Oakland,1,True,True,E,HIT OBJECT,,Wednesday,,,M,,False,False,True,,I,FIXED OBJECT,,0,0,CLEAR,,NO UNUSUAL CONDITIONS - NO UNUSUAL CONDITIONS,,A,DAYLIGHT,,,,,,,A,NO PEDESTRIANS INVOLVED,,A,22107,,1,WALNUT AV,2,,,A,E,15.0,94TH AV,F,,A,8/5/2024 4:20:44 PM,2/7/2025 1:41:57 PM,,,2,,,,,,,
3642502,17-014652 4410,2,False,0109,3/21/2017 7:11:00 AM,711,34X,14,109,Oakland,1,True,True,E,HIT OBJECT,,Tuesday,,,,,False,False,False,,I,FIXED OBJECT,,0,0,RAINING,,NO UNUSUAL CONDITIONS - NO UNUSUAL CONDITIONS,,C,DARK-STREET LIGHTS,,,,,,,A,NO PEDESTRIANS INVOLVED,,A,22107,,1,98TH AV,2,,,B,N,25.0,WALNUT ST,F,,D,8/5/2024 4:20:43 PM,2/7/2025 1:41:57 PM,,,2,,,,,,,
3642499,17-016129 4459,2,False,0109,3/28/2017 4:49:00 PM,1649,06X,14,109,Oakland,1,True,True,D,BROADSIDE,,Tuesday,,,,,False,False,True,,C,OTHER MOTOR VEHICLE,,0,0,CLEAR,,NO UNUSUAL CONDITIONS - NO UNUSUAL CONDITIONS,,A,DAYLIGHT,,,,,,,A,NO PEDESTRIANS INVOLVED,,A,21457A,,1,27TH ST,1,,,A,,,MARTIN LUTHER KING JR WY,,,A,8/5/2024 4:20:43 PM,2/7/2025 1:41:57 PM,,,2,,,,,,,
3642495,17-016380 4437,2,False,0109,3/29/2017 11:36:00 PM,2336,26X,14,109,Oakland,1,True,True,E,HIT OBJECT,,Wednesday,,,,,False,False,False,,I,FIXED OBJECT,,0,0,CLEAR,,NO UNUSUAL CONDITIONS - NO UNUSUAL CONDITIONS,,C,DARK-STREET LIGHTS,,,,,,,A,NO PEDESTRIANS INVOLVED,,A,22350,,1,ZHONE WY,2,,,A,,,OAKPORT ST,,,A,8/5/2024 4:20:42 PM,2/7/2025 1:41:56 PM,,,2,,,,,,,
3642401,17-015908,2,False,0109,3/27/2017 3:40:00 PM,1540,21,14,109,Oakland,1,True,True,A,HEAD-ON,,Monday,,,,,False,False,False,,C,OTHER MOTOR VEHICLE,,2,0,CLEAR,,NO UNUSUAL CONDITIONS - NO UNUSUAL CONDITIONS,,A,DAYLIGHT,,,,,,,A,NO PEDESTRIANS INVOLVED,,A,21650,,1,24TH AV,1,,,A,N,20.0,E 19TH ST,F,,D,8/5/2024 4:20:31 PM,2/7/2025 1:41:46 PM,,,2,,,,,,,
3642397,17-002541,2,False,0109,1/15/2017 12:21:00 AM,21,32Y,14,109,Oakland,1,True,True,B,SIDE SWIPE,,Sunday,,,M,,False,False,True,,C,OTHER MOTOR VEHICLE,,1,0,CLOUDY,,NO UNUSUAL CONDITIONS - NO UNUSUAL CONDITIONS,,C,DARK-STREET LIGHTS,,,,,,,A,NO PEDESTRIANS INVOLVED,,A,22107,,1,98TH AV,2,,,A,,,MACARTHUR BL,,,A,8/5/2024 4:20:31 PM,2/7/2025 1:41:47 PM,,,2,,,,,,,
3642396,17-019776 4441,2,False,0109,4/17/2017 9:47:00 AM,947,32X,14,109,Oakland,1,True,True,G,VEHICLE/PEDESTRAIN,,Monday,,,,,False,False,False,,B,PEDESTRIAN,,1,0,CLOUDY,,NO UNUSUAL CONDITIONS - NO UNUSUAL CONDITIONS,,A,DAYLIGHT,,,,,,,B,CROSSING IN CROSS WALK AT INTERSECTION,,A,21950A,,1,VOLTAIRE AV,2,,,A,,,103RD AV,,,A,8/5/2024 4:20:31 PM,2/7/2025 1:41:46 PM,,,2,,,,,,,
3642393,17-019326 4281,2,False,0109,4/14/2017 12:46:00 PM,1246,29X,14,109,Oakland,1,True,True,D,BROADSIDE,,Friday,,,,,False,False,False,,C,OTHER MOTOR VEHICLE,,1,0,CLEAR,,NO UNUSUAL CONDITIONS - NO UNUSUAL CONDITIONS,,A,DAYLIGHT,,,,,,,A,NO PEDESTRIANS INVOLVED,,A,22107,,1,CAMDEN ST,2,,,A,,,63RD AV,,,A,8/5/2024 4:20:30 PM,2/7/2025 1:41:46 PM,,,2,,,,,,,
3642388,17-022483 4367,2,False,0109,4/28/2017 5:15:00 PM,1715,29X,14,109,Oakland,1,True,True,B,SIDE SWIPE,,Friday,,,M,,False,False,False,,C,OTHER MOTOR VEHICLE,,2,0,CLEAR,,NO UNUSUAL CONDITIONS - NO UNUSUAL CONDITIONS,,A,DAYLIGHT,,,,,,,A,NO PEDESTRIANS INVOLVED,,A,22107,,1,HEGENBERGER RD,2,,,A,N,15.0,EDGEWATER DR,F,,A,8/5/2024 4:20:30 PM,2/7/2025 1:41:46 PM,,,2,,,,,,,
3642386,17-004475 4384,2,False,0109,1/25/2017 5:26:00 PM,1726,31X,14,109,Oakland,1,True,True,D,BROADSIDE,,Wednesday,,,M,,False,False,True,,C,OTHER MOTOR VEHICLE,,0,0,,,NO UNUSUAL CONDITIONS - NO UNUSUAL CONDITIONS,,A,DAYLIGHT,,,,,,,A,NO PEDESTRIANS INVOLVED,,A,22107,,1,98TH AV,2,,,A,,,AIRPORT ACCESS RD,,,A,8/5/2024 4:20:29 PM,2/7/2025 1:41:46 PM,,,2,,,,,,,
3642384,17-020289 4370,2,False,0109,4/19/2017 3:28:00 PM,1528,23X,14,109,Oakland,1,True,True,D,BROADSIDE,,Wednesday,,,,,False,False,False,,G,BICYCLE,,1,0,CLEAR,,NO UNUSUAL CONDITIONS - NO UNUSUAL CONDITIONS,,A,DAYLIGHT,,,,,,,,,,A,21801A,,1,HIGH ST,2,,,A,,,INTERNATIONAL BL,,,A,8/5/2024 4:20:29 PM,2/7/2025 1:41:46 PM,,,2,,,,,,,
3642381,17-005412 4385,2,False,0109,1/30/2017 8:44:00 PM,2044,27X,14,109,Oakland,1,True,True,D,BROADSIDE,,Monday,,,M,,False,False,True,,C,OTHER MOTOR VEHICLE,,0,0,CLEAR,,NO UNUSUAL CONDITIONS - NO UNUSUAL CONDITIONS,,C,DARK-STREET LIGHTS,,,,,,,A,NO PEDESTRIANS INVOLVED,,A,22450A,,1,KINGSLAND AV,2,,,A,,,TRASK ST,,,A,8/5/2024 4:20:29 PM,2/7/2025 1:41:45 PM,,,2,,,,,,,
3642380,17-021996 4293,2,False,0109,4/28/2017 6:00:00 PM,1800,27Y,14,109,Oakland,1,True,True,G,VEHICLE/PEDESTRAIN,,Friday,,,M,,False,False,False,,B,PEDESTRIAN,,1,0,CLEAR,,NO UNUSUAL CONDITIONS - NO UNUSUAL CONDITIONS,,A,DAYLIGHT,,,,,,,B,CROSSING IN CROSS WALK AT INTERSECTION,,A,22106,,1,WENTWORTH AV,2,,,A,,,FAIRFAX AV,,,A,8/5/2024 4:20:29 PM,2/7/2025 1:41:45 PM,,,2,,,,,,,
3642377,17-022275 4299,2,False,0109,4/30/2017 2:30:00 PM,1430,34X,14,109,Oakland,1,True,True,C,REAR END,,Sunday,,,,,False,False,False,,,,,1,0,,,NO UNUSUAL CONDITIONS - NO UNUSUAL CONDITIONS,,A,DAYLIGHT,,,,,,,,,,A,21703,,1,BANCROFT AV,2,,,A,E,50.0,90TH AV,F,,B,8/5/2024 4:20:28 PM,2/7/2025 1:41:45 PM,,,2,,,,,,,
3642373,17-022267 4301,2,False,0109,4/30/2017 1:01:00 PM,1301,27X,14,109,Oakland,1,True,True,A,HEAD-ON,,Sunday,,,,,False,False,True,,C,OTHER MOTOR VEHICLE,,1,0,CLEAR,,HOLES- DEEPRUT* - HOLES- DEEPRUT*,,A,DAYLIGHT,,,,,,,A,NO PEDESTRIANS INVOLVED,,A,21802A,,1,BANCROFT AV,2,,,A,,,48TH AV,,,D,8/5/2024 4:20:28 PM,2/7/2025 1:41:45 PM,,,2,,,,,,,