collision-id,report-number,report-version,is-preliminary,ncic-code,crash-date-time,crash-time-description,beat,city-id,city-code,city-name,county-code,city-is-active,city-is-incorporated,collision-type-code,collision-type-description,collision-type-other-desc,day-of-week,dispatch-notified,has-photographs,hit-run,is-attachments-mailed,is-deleted,is-highway-related,is-tow-away,judicial-district,motor-vehicle-involved-with-code,motor-vehicle-involved-with-desc,motor-vehicle-involved-with-other-desc,number-injured,number-killed,weather-1,weather-2,road-condition-1,road-condition-2,special-condition-lighting-code,lighting-description,latitude,longitude,milepost-direction,milepost-distance,milepost-marker,milepost-unit-of-measure,pedestrian-action-code,pedestrian-action-desc,prepared-date,primary-collision-factor-code,primary-collision-factor-violation,primary-collision-factor-is-cited,primary-collision-party-number,primary-road,reporting-district,reporting-district-code,reviewed-date,roadway-surface-code,secondary-direction,secondary-distance,secondary-road,secondary-unit-of-measure,sketch-desc,traffic-control-device-code,created-date,modified-date,is-county-road,is-freeway,chp-555-version,is-additonal-object-struck,notification-date,notification-time-description,has-digital-media-files,evidence-number,is-location-refer-to-narrative,is-aoi-one-same-as-location
3694995,17-030548 5381,2,False,0109,6/12/2017 6:44:00 AM,644,19X,14,109,Oakland,1,True,True,B,SIDE SWIPE,,Monday,,,,,False,False,False,,C,OTHER MOTOR VEHICLE,,0,0,CLEAR,,NO UNUSUAL CONDITIONS - NO UNUSUAL CONDITIONS,,A,DAYLIGHT,,,,,,,A,NO PEDESTRIANS INVOLVED,,A,22107,,1,E 15TH ST,1,,,A,W,40.0,9TH AV,F,,D,8/6/2024 9:01:36 AM,2/7/2025 2:32:48 PM,,,2,,,,,,,
3694827,17-036403,2,False,0109,7/12/2017 3:21:00 PM,1521,28X,14,109,Oakland,1,True,True,C,REAR END,,Wednesday,,,M,,False,False,False,,E,PARKED MOTOR VEHICLE,,0,0,CLEAR,,NO UNUSUAL CONDITIONS - NO UNUSUAL CONDITIONS,,A,DAYLIGHT,,,,,,,A,NO PEDESTRIANS INVOLVED,,A,22107,,1,COURTLAND AV,2,,,A,N,25.0,FLEMING AV,F,,D,8/6/2024 9:01:28 AM,2/7/2025 2:32:37 PM,,,2,,,,,,,
3692278,17-047916 5735,2,False,0109,9/12/2017 7:50:00 PM,1950,03X,14,109,Oakland,1,True,True,D,BROADSIDE,,Tuesday,,,M,,False,False,False,,C,OTHER MOTOR VEHICLE,,0,0,CLEAR,,NO UNUSUAL CONDITIONS - NO UNUSUAL CONDITIONS,,C,DARK-STREET LIGHTS,,,,,,,A,NO PEDESTRIANS INVOLVED,,A,23152A,,1,BROADWAY,1,,,A,,,8TH ST,,,A,8/6/2024 8:59:22 AM,2/7/2025 2:29:52 PM,,,2,,,,,,,
3692274,17-048299 5737,2,False,0109,9/14/2017 7:56:00 PM,1956,21X,14,109,Oakland,1,True,True,B,SIDE SWIPE,,Thursday,,,M,,False,False,False,,E,PARKED MOTOR VEHICLE,,0,0,CLEAR,,NO UNUSUAL CONDITIONS - NO UNUSUAL CONDITIONS,,C,DARK-STREET LIGHTS,,,,,,,A,NO PEDESTRIANS INVOLVED,,A,23152A,,1,E 20TH ST,1,,,A,W,50.0,25TH AV,F,,D,8/6/2024 8:59:22 AM,2/7/2025 2:29:51 PM,,,2,,,,,,,
3692270,17-046525,2,False,0109,9/5/2017 7:30:00 AM,730,03X,14,109,Oakland,1,True,True,D,BROADSIDE,,Tuesday,,,,,False,False,False,,C,OTHER MOTOR VEHICLE,,0,0,CLEAR,,NO UNUSUAL CONDITIONS - NO UNUSUAL CONDITIONS,,A,DAYLIGHT,,,,,,,A,NO PEDESTRIANS INVOLVED,,A,21453A,,1,8TH ST,1,,,A,,,MADISON ST,,,A,8/6/2024 8:59:22 AM,2/7/2025 2:29:51 PM,,,2,,,,,,,
3692267,17-047949 5746,2,False,0109,9/12/2017 11:14:00 PM,2314,24X,14,109,Oakland,1,True,True,C,REAR END,,Tuesday,,,,,False,False,False,,E,PARKED MOTOR VEHICLE,,0,0,CLEAR,,NO UNUSUAL CONDITIONS - NO UNUSUAL CONDITIONS,,C,DARK-STREET LIGHTS,,,,,,,A,NO PEDESTRIANS INVOLVED,,A,23152A,,1,BROOKDALE AV,2,,,A,E,150.0,39TH AV,F,,A,8/6/2024 8:59:22 AM,2/7/2025 2:29:51 PM,,,2,,,,,,,
3692209,17-048693,2,False,0109,9/16/2017 11:47:00 PM,2347,35X,14,109,Oakland,1,True,True,E,HIT OBJECT,,Saturday,,,,,False,False,False,,I,FIXED OBJECT,,1,0,CLEAR,,NO UNUSUAL CONDITIONS - NO UNUSUAL CONDITIONS,,C,DARK-STREET LIGHTS,,,,,,,A,NO PEDESTRIANS INVOLVED,,A,23152A,,1,MALCOLM AV,2,,,A,,,MARK ST,,,D,8/6/2024 8:59:19 AM,2/7/2025 2:29:47 PM,,,2,,,,,,,
3692111,17-033295,2,False,0109,6/26/2017 11:30:00 PM,2330,04X,14,109,Oakland,1,True,True,D,BROADSIDE,,Monday,,,,,False,False,False,,C,OTHER MOTOR VEHICLE,,0,0,CLEAR,,NO UNUSUAL CONDITIONS - NO UNUSUAL CONDITIONS,,C,DARK-STREET LIGHTS,,,,,,,A,NO PEDESTRIANS INVOLVED,,A,21801A,,1,MARTIN LUTHER KING JR WY,1,,,A,,,16TH ST,,,A,8/6/2024 8:59:14 AM,2/7/2025 2:29:41 PM,,,2,,,,,,,
3692039,17-038819,2,False,0109,7/25/2017 12:44:00 PM,1244,27Y,14,109,Oakland,1,True,True,H,OTHER,,Tuesday,,,,,False,False,False,,G,BICYCLE,,1,0,CLEAR,,NO UNUSUAL CONDITIONS - NO UNUSUAL CONDITIONS,,A,DAYLIGHT,,,,,,,A,NO PEDESTRIANS INVOLVED,,A,22107,,1,E 17TH ST,2,,,A,W,142.0,61ST AV,F,,D,8/6/2024 8:59:11 AM,2/7/2025 2:29:37 PM,,,2,,,,,,,
3691924,17-047079,2,False,0109,9/7/2017 2:30:00 PM,1430,19X,14,109,Oakland,1,True,True,B,SIDE SWIPE,,Thursday,,,M,,False,False,True,,C,OTHER MOTOR VEHICLE,,0,0,CLOUDY,,NO UNUSUAL CONDITIONS - NO UNUSUAL CONDITIONS,,A,DAYLIGHT,,,,,,,A,NO PEDESTRIANS INVOLVED,,A,21460A,,1,EMBARCADERO,1,,,A,E,525.0,RT 880,F,,D,8/6/2024 8:59:06 AM,2/7/2025 2:29:29 PM,,,2,,,,,,,
3691887,17-039618,2,False,0109,7/29/2017 6:32:00 PM,1832,04X,14,109,Oakland,1,True,True,D,BROADSIDE,,Saturday,,,,,False,False,False,,C,OTHER MOTOR VEHICLE,,1,0,CLEAR,,NO UNUSUAL CONDITIONS - NO UNUSUAL CONDITIONS,,A,DAYLIGHT,,,,,,,A,NO PEDESTRIANS INVOLVED,,A,21453A,,1,GRAND AV,1,,,A,,,MARTIN LUTHER KING JR WY,,,A,8/6/2024 8:59:04 AM,2/7/2025 2:29:27 PM,,,2,,,,,,,
3691854,17-049194,2,False,0109,9/19/2017 1:15:00 PM,1315,03X,14,109,Oakland,1,True,True,B,SIDE SWIPE,,Tuesday,,,,,False,False,False,,C,OTHER MOTOR VEHICLE,,0,0,CLEAR,,NO UNUSUAL CONDITIONS - NO UNUSUAL CONDITIONS,,A,DAYLIGHT,,,,,,,A,NO PEDESTRIANS INVOLVED,,A,22107,,1,6TH ST,1,,,A,E,130.0,JEFFERSON ST,F,,D,8/6/2024 8:59:02 AM,2/7/2025 2:29:25 PM,,,2,,,,,,,
3691683,17-047816,2,False,0109,9/12/2017 10:42:00 AM,1042,04X,14,109,Oakland,1,True,True,D,BROADSIDE,,Tuesday,,,,,False,False,False,,C,OTHER MOTOR VEHICLE,,1,0,CLOUDY,,NO UNUSUAL CONDITIONS - NO UNUSUAL CONDITIONS,,A,DAYLIGHT,,,,,,,A,NO PEDESTRIANS INVOLVED,,A,21453A,,1,14TH ST,1,,,A,,,CLAY ST,,,A,8/6/2024 8:58:55 AM,2/7/2025 2:29:14 PM,,,2,,,,,,,
3691671,17-036970,2,False,0109,7/15/2017 12:52:00 PM,1252,19X,14,109,Oakland,1,True,True,B,SIDE SWIPE,,Saturday,,,,,False,False,False,,C,OTHER MOTOR VEHICLE,,0,0,CLEAR,,NO UNUSUAL CONDITIONS - NO UNUSUAL CONDITIONS,,A,DAYLIGHT,,,,,,,A,NO PEDESTRIANS INVOLVED,,B,,,1,22ND AV,2,,,A,S,100.0,E 12TH ST,F,,D,8/6/2024 8:58:55 AM,2/7/2025 2:29:13 PM,,,2,,,,,,,
3691667,17-036628,2,False,0109,7/13/2017 2:30:00 PM,1430,28X,14,109,Oakland,1,True,True,C,REAR END,,Thursday,,,,,False,False,False,,C,OTHER MOTOR VEHICLE,,0,0,CLEAR,,NO UNUSUAL CONDITIONS - NO UNUSUAL CONDITIONS,,A,DAYLIGHT,,,,,,,A,NO PEDESTRIANS INVOLVED,,A,21806A,,1,MACARTHUR BL,2,,,A,E,82.0,58TH AV,F,,D,8/6/2024 8:58:54 AM,2/7/2025 2:29:12 PM,,,2,,,,,,,
3691664,17-041534,2,False,0109,8/9/2017 8:12:00 AM,812,03X,14,109,Oakland,1,True,True,B,SIDE SWIPE,,Wednesday,,,,,False,False,False,,C,OTHER MOTOR VEHICLE,,1,0,CLEAR,,NO UNUSUAL CONDITIONS - NO UNUSUAL CONDITIONS,,A,DAYLIGHT,,,,,,,A,NO PEDESTRIANS INVOLVED,,A,21806A,,1,12TH ST,1,,,A,W,15.0,FRANKLIN ST,F,,A,8/6/2024 8:58:54 AM,2/7/2025 2:29:12 PM,,,2,,,,,,,
3691660,17-041750,2,False,0109,8/10/2017 11:13:00 AM,1113,30X,14,109,Oakland,1,True,True,D,BROADSIDE,,Thursday,,,,,False,False,False,,C,OTHER MOTOR VEHICLE,,0,0,CLEAR,,NO UNUSUAL CONDITIONS - NO UNUSUAL CONDITIONS,,A,DAYLIGHT,,,,,,,A,NO PEDESTRIANS INVOLVED,,B,,,1,GARFIELD AV,2,,,A,,,78TH AV,,,A,8/6/2024 8:58:54 AM,2/7/2025 2:29:12 PM,,,2,,,,,,,
3691613,17-045845,2,False,0109,9/1/2017 11:55:00 AM,1155,31X,14,109,Oakland,1,True,True,B,SIDE SWIPE,,Friday,,,,,False,False,False,,C,OTHER MOTOR VEHICLE,,0,0,CLEAR,,NO UNUSUAL CONDITIONS - NO UNUSUAL CONDITIONS,,A,DAYLIGHT,,,,,,,A,NO PEDESTRIANS INVOLVED,,A,22107,,1,HEGENBERGER RD,2,,,A,S,270.0,BALDWIN ST,F,,D,8/6/2024 8:58:52 AM,2/7/2025 2:29:09 PM,,,2,,,,,,,
3691140,17-040182,2,False,0109,8/1/2017 8:35:00 PM,2035,19X,14,109,Oakland,1,True,True,E,HIT OBJECT,,Tuesday,,,,,False,False,False,,I,FIXED OBJECT,,0,0,CLEAR,,NO UNUSUAL CONDITIONS - NO UNUSUAL CONDITIONS,,C,DARK-STREET LIGHTS,,,,,,,A,NO PEDESTRIANS INVOLVED,,B,,,1,EMBARCADERO,1,,,A,E,0.5,DENNISON ST,M,,D,8/6/2024 8:58:31 AM,2/7/2025 2:28:36 PM,,,2,,,,,,,
3690736,17-040503,2,False,0109,8/3/2017 2:58:00 PM,1458,02X,14,109,Oakland,1,True,True,D,BROADSIDE,,Thursday,,,,,False,False,False,,,,,1,0,CLEAR,,NO UNUSUAL CONDITIONS - NO UNUSUAL CONDITIONS,,A,DAYLIGHT,,,,,,,A,NO PEDESTRIANS INVOLVED,,A,21453A,,1,12TH ST,1,,,A,,,ADELINE ST,,,A,8/6/2024 8:58:14 AM,2/7/2025 2:28:10 PM,,,2,,,,,,,
3690612,17-026904,2,False,0109,5/24/2017 9:00:00 AM,900,30X,14,109,Oakland,1,True,True,C,REAR END,,Wednesday,,,,,False,False,False,,,,,0,0,CLEAR,,NO UNUSUAL CONDITIONS - NO UNUSUAL CONDITIONS,,A,DAYLIGHT,,,,,,,A,NO PEDESTRIANS INVOLVED,,A,22107,,1,WELD ST,2,,,A,E,100.0,73RD,F,,A,8/6/2024 8:58:08 AM,2/7/2025 2:28:02 PM,,,2,,,,,,,
3690503,17-028625,2,False,0109,6/2/2017 12:32:00 AM,32,15X,14,109,Oakland,1,True,True,C,REAR END,,Friday,,,M,,False,False,False,,E,PARKED MOTOR VEHICLE,,0,0,CLEAR,,NO UNUSUAL CONDITIONS - NO UNUSUAL CONDITIONS,,C,DARK-STREET LIGHTS,,,,,,,A,NO PEDESTRIANS INVOLVED,,A,22107,,1,MACARTHUR BL,1,,,A,W,200.0,ALMA AV,F,,D,8/6/2024 8:58:03 AM,2/7/2025 2:27:54 PM,,,2,,,,,,,
3690499,17-029548,2,False,0109,6/6/2017 5:07:00 PM,1707,30Y,14,109,Oakland,1,True,True,C,REAR END,,Tuesday,,,,,False,False,False,,E,PARKED MOTOR VEHICLE,,0,0,CLEAR,,NO UNUSUAL CONDITIONS - NO UNUSUAL CONDITIONS,,A,DAYLIGHT,,,,,,,A,NO PEDESTRIANS INVOLVED,,A,23152A,,1,75TH AV,2,,,A,N,200.0,HILLSIDE,F,,D,8/6/2024 8:58:03 AM,2/7/2025 2:27:53 PM,,,2,,,,,,,
3690495,17-029320,2,False,0109,6/5/2017 7:50:00 PM,1950,30X,14,109,Oakland,1,True,True,B,SIDE SWIPE,,Monday,,,M,,False,False,False,,E,PARKED MOTOR VEHICLE,,0,0,CLEAR,,NO UNUSUAL CONDITIONS - NO UNUSUAL CONDITIONS,,A,DAYLIGHT,,,,,,,A,NO PEDESTRIANS INVOLVED,,A,22100A,,1,67TH AV,2,,,A,,,AVENAL,,,D,8/6/2024 8:58:03 AM,2/7/2025 2:27:53 PM,,,2,,,,,,,
3690491,17-030446,2,False,0109,6/11/2017 9:50:00 AM,950,10X,14,109,Oakland,1,True,True,E,HIT OBJECT,,Sunday,,,M,,False,False,False,,I,FIXED OBJECT,,0,0,CLEAR,,NO UNUSUAL CONDITIONS - NO UNUSUAL CONDITIONS,,A,DAYLIGHT,,,,,,,A,NO PEDESTRIANS INVOLVED,,A,21802A,,1,MARKET ST,1,,,A,,,42ND ST,,,D,8/6/2024 8:58:03 AM,2/7/2025 2:27:53 PM,,,2,,,,,,,
3690483,17-030664,2,False,0109,6/12/2017 3:22:00 PM,1522,20X,14,109,Oakland,1,True,True,D,BROADSIDE,,Monday,,,,,False,False,False,,C,OTHER MOTOR VEHICLE,,0,0,CLEAR,,NO UNUSUAL CONDITIONS - NO UNUSUAL CONDITIONS,,A,DAYLIGHT,,,,,,,A,NO PEDESTRIANS INVOLVED,,A,22450A,,1,DEL MONTE WY,1,,,A,,,9TH ST,,,D,8/6/2024 8:58:02 AM,2/7/2025 2:27:52 PM,,,2,,,,,,,
3690482,17-030761,2,False,0109,6/13/2017 12:10:00 AM,10,27Y,14,109,Oakland,1,True,True,D,BROADSIDE,,Tuesday,,,M,,False,False,False,,C,OTHER MOTOR VEHICLE,,0,0,CLEAR,,CONSTRUCTION-REPAIR ZONE - CONSTRUCTION-REPAIR ZONE,,C,DARK-STREET LIGHTS,,,,,,,A,NO PEDESTRIANS INVOLVED,,A,21453A,,1,INTERNATIONAL BL,2,,,A,,,62ND AV,,,A,8/6/2024 8:58:02 AM,2/7/2025 2:27:52 PM,,,2,,,,,,,
3690479,17-028640,2,False,0109,6/2/2017 1:26:00 AM,126,34X,14,109,Oakland,1,True,True,C,REAR END,,Friday,,,,,False,False,False,,C,OTHER MOTOR VEHICLE,,0,0,CLEAR,,NO UNUSUAL CONDITIONS - NO UNUSUAL CONDITIONS,,C,DARK-STREET LIGHTS,,,,,,,A,NO PEDESTRIANS INVOLVED,,A,22106,,1,85TH AV,2,,,A,N,100.0,INTERNATIONAL BL,F,,D,8/6/2024 8:58:02 AM,2/7/2025 2:27:52 PM,,,2,,,,,,,
3690478,17-052809,2,False,0109,6/2/2017 8:32:00 PM,2032,30X,14,109,Oakland,1,True,True,E,HIT OBJECT,,Friday,,,M,,False,False,True,,I,FIXED OBJECT,,0,0,CLEAR,,NO UNUSUAL CONDITIONS - NO UNUSUAL CONDITIONS,,B,DUSK-DAWN,,,,,,,A,NO PEDESTRIANS INVOLVED,,A,22107,,1,HAVENSCOURT BL,2,,,A,S,54.0,FLORA ST,F,,D,8/6/2024 8:58:02 AM,2/7/2025 2:27:52 PM,,,2,,,,,,,
3690475,17-031288,2,False,0109,6/15/2017 6:11:00 AM,611,03Y,14,109,Oakland,1,True,True,B,SIDE SWIPE,,Thursday,,,,,False,False,False,,C,OTHER MOTOR VEHICLE,,0,0,CLEAR,,NO UNUSUAL CONDITIONS - NO UNUSUAL CONDITIONS,,A,DAYLIGHT,,,,,,,A,NO PEDESTRIANS INVOLVED,,A,22107,,1,7TH ST,1,,,A,W,10.0,CLAY ST,F,,A,8/6/2024 8:58:02 AM,2/7/2025 2:27:52 PM,,,2,,,,,,,
3690470,17-029039,2,False,0109,6/4/2017 1:05:00 PM,1305,19X,14,109,Oakland,1,True,True,D,BROADSIDE,,Sunday,,,,,False,False,False,,C,OTHER MOTOR VEHICLE,,0,0,CLEAR,,NO UNUSUAL CONDITIONS - NO UNUSUAL CONDITIONS,,A,DAYLIGHT,,,,,,,A,NO PEDESTRIANS INVOLVED,,A,21802A,,1,FOOTHILL BL,1,,,A,,,3RD AV,,,A,8/6/2024 8:58:02 AM,2/7/2025 2:27:52 PM,,,2,,,,,,,
3690467,17-031504,2,False,0109,6/16/2017 4:18:00 PM,1618,23X,14,109,Oakland,1,True,True,C,REAR END,,Friday,,,,,False,False,False,,C,OTHER MOTOR VEHICLE,,0,0,CLEAR,,NO UNUSUAL CONDITIONS - NO UNUSUAL CONDITIONS,,A,DAYLIGHT,,,,,,,A,NO PEDESTRIANS INVOLVED,,A,22350,,1,35TH AV,2,,,A,S,20.0,16TH ST,F,,A,8/6/2024 8:58:02 AM,2/7/2025 2:27:52 PM,,,2,,,,,,,
3690463,17-035033,2,False,0109,7/5/2017 11:30:00 AM,1130,16X,14,109,Oakland,1,True,True,D,BROADSIDE,,Wednesday,,,,,False,False,False,,C,OTHER MOTOR VEHICLE,,0,0,CLEAR,,NO UNUSUAL CONDITIONS - NO UNUSUAL CONDITIONS,,A,DAYLIGHT,,,,,,,A,NO PEDESTRIANS INVOLVED,,A,21802A,,1,PARK BL,1,,,A,,,EL CENTRO,,,A,8/6/2024 8:58:02 AM,2/7/2025 2:27:51 PM,,,2,,,,,,,
3690460,17-038505,2,False,0109,7/23/2017 6:04:00 PM,1804,07X,14,109,Oakland,1,True,True,B,SIDE SWIPE,,Sunday,,,M,,False,False,False,,C,OTHER MOTOR VEHICLE,,0,0,CLEAR,,NO UNUSUAL CONDITIONS - NO UNUSUAL CONDITIONS,,A,DAYLIGHT,,,,,,,A,NO PEDESTRIANS INVOLVED,,A,22107,,2,SAN PABLO AV,1,,,A,S,100.0,32ND ST,F,,D,8/6/2024 8:58:01 AM,2/7/2025 2:27:51 PM,,,2,,,,,,,
3690458,17-033825,2,False,0109,6/28/2017 12:42:00 PM,1242,24X,14,109,Oakland,1,True,True,B,SIDE SWIPE,,Wednesday,,,,,False,False,False,,C,OTHER MOTOR VEHICLE,,0,0,CLEAR,,NO UNUSUAL CONDITIONS - NO UNUSUAL CONDITIONS,,A,DAYLIGHT,,,,,,,A,NO PEDESTRIANS INVOLVED,,A,21754,,1,SANTA RITA ST,2,,,A,W,130.0,RANSOM AV,F,,D,8/6/2024 8:58:01 AM,2/7/2025 2:27:51 PM,,,2,,,,,,,
3690455,17-039603,2,False,0109,7/29/2017 4:57:00 PM,1657,13X,14,109,Oakland,1,True,True,A,HEAD-ON,,Saturday,,,,,False,False,False,,E,PARKED MOTOR VEHICLE,,0,0,CLEAR,,NO UNUSUAL CONDITIONS - NO UNUSUAL CONDITIONS,,A,DAYLIGHT,,,,,,,A,NO PEDESTRIANS INVOLVED,,A,22107,,1,BROADWAY AV,1,,,A,N,100.0,BROADWAY TR,F,,D,8/6/2024 8:58:01 AM,2/7/2025 2:27:51 PM,,,2,,,,,,,
3690453,17-039636,2,False,0109,7/29/2017 9:22:00 PM,2122,04X,14,109,Oakland,1,True,True,B,SIDE SWIPE,,Saturday,,,,,False,False,False,,,,,0,0,CLEAR,,NO UNUSUAL CONDITIONS - NO UNUSUAL CONDITIONS,,C,DARK-STREET LIGHTS,,,,,,,A,NO PEDESTRIANS INVOLVED,,A,22107,,1,BROADWAY,1,,,A,S,90.0,19TH ST,F,,D,8/6/2024 8:58:01 AM,2/7/2025 2:27:50 PM,,,2,,,,,,,
3690441,17-037628,2,False,0109,7/18/2017 10:12:00 PM,2212,35X,14,109,Oakland,1,True,True,E,HIT OBJECT,,Tuesday,,,,,False,False,False,,E,PARKED MOTOR VEHICLE,,0,0,CLEAR,,NO UNUSUAL CONDITIONS - NO UNUSUAL CONDITIONS,,C,DARK-STREET LIGHTS,,,,,,,A,NO PEDESTRIANS INVOLVED,,A,26451,,,SENECA ST,2,,,A,N,35.0,THERMAL ST,F,,D,8/6/2024 8:58:01 AM,2/7/2025 2:27:50 PM,,,2,,,,,,,
3690328,17-49163,2,False,0109,9/19/2017 9:34:00 AM,934,32X,14,109,Oakland,1,True,True,A,HEAD-ON,,Tuesday,,,M,,False,False,False,,E,PARKED MOTOR VEHICLE,,0,0,CLEAR,,NO UNUSUAL CONDITIONS - NO UNUSUAL CONDITIONS,,A,DAYLIGHT,,,,,,,A,NO PEDESTRIANS INVOLVED,,A,22107,,1,E ST,2,,,A,W,30.0,105TH AV,F,,D,8/6/2024 8:57:56 AM,2/7/2025 2:27:42 PM,,,2,,,,,,,
3690323,17-04653,2,False,0109,9/11/2017 10:50:00 AM,1050,26X,14,109,Oakland,1,True,True,B,SIDE SWIPE,,Monday,,,M,,False,False,False,,C,OTHER MOTOR VEHICLE,,0,0,CLEAR,,NO UNUSUAL CONDITIONS - NO UNUSUAL CONDITIONS,,A,DAYLIGHT,,,,,,,A,NO PEDESTRIANS INVOLVED,,A,22107,,1,50TH AV,2,,,A,S,3.0,E 12TH ST,F,,D,8/6/2024 8:57:56 AM,2/7/2025 2:27:42 PM,,,2,,,,,,,
3690320,17-049535,2,False,0109,9/20/2017 9:30:00 PM,2130,25X,14,109,Oakland,1,True,True,A,HEAD-ON,,Wednesday,,,M,,False,False,False,,,,,0,0,CLEAR,,NO UNUSUAL CONDITIONS - NO UNUSUAL CONDITIONS,,C,DARK-STREET LIGHTS,,,,,,,A,NO PEDESTRIANS INVOLVED,,A,22350,,1,BAYO ST,2,,,A,W,100.0,MAYBELLE AV,F,,D,8/6/2024 8:57:56 AM,2/7/2025 2:27:42 PM,,,2,,,,,,,
3690316,17-050205,2,False,0109,9/24/2017 8:07:00 PM,2007,20X,14,109,Oakland,1,True,True,E,HIT OBJECT,,Sunday,,,M,,False,False,True,,,,,0,0,CLEAR,,NO UNUSUAL CONDITIONS - NO UNUSUAL CONDITIONS,,C,DARK-STREET LIGHTS,,,,,,,A,NO PEDESTRIANS INVOLVED,,D,,,,7TH ST,1,,,A,E,36.0,MARITIME ST,F,,A,8/6/2024 8:57:56 AM,2/7/2025 2:27:42 PM,,,2,,,,,,,
3690308,17-047560,2,False,0109,9/10/2017 7:15:00 PM,1915,08X,14,109,Oakland,1,True,True,C,REAR END,,Sunday,,,,,False,False,False,,E,PARKED MOTOR VEHICLE,,0,0,CLEAR,,NO UNUSUAL CONDITIONS - NO UNUSUAL CONDITIONS,,C,DARK-STREET LIGHTS,,,,,,,A,NO PEDESTRIANS INVOLVED,,A,23152A,,1,OAKLAND AV,1,,,A,,,PEARL ST,,,A,8/6/2024 8:57:55 AM,2/7/2025 2:27:41 PM,,,2,,,,,,,
3690301,17-049967,2,False,0109,9/23/2017 9:08:00 AM,908,08X,14,109,Oakland,1,True,True,A,HEAD-ON,,Saturday,,,,,False,False,True,,I,FIXED OBJECT,,0,0,CLEAR,,NO UNUSUAL CONDITIONS - NO UNUSUAL CONDITIONS,,A,DAYLIGHT,,,,,,,A,NO PEDESTRIANS INVOLVED,,C,,,,BROADWAY ST,1,,,A,N,3.0,30TH ST,F,,A,8/6/2024 8:57:55 AM,2/7/2025 2:27:41 PM,,,2,,,,,,,
3690286,17-050406,2,False,0109,9/25/2017 7:09:00 PM,1909,35Y,14,109,Oakland,1,True,True,H,OTHER,,Monday,,,M,,False,False,True,,C,OTHER MOTOR VEHICLE,,0,0,CLEAR,,NO UNUSUAL CONDITIONS - NO UNUSUAL CONDITIONS,,C,DARK-STREET LIGHTS,,,,,,,A,NO PEDESTRIANS INVOLVED,,A,21460A,,1,GOLF LINKS RD,2,,,A,W,0.5,SCOTIA AV,M,,D,8/6/2024 8:57:55 AM,2/7/2025 2:27:40 PM,,,2,,,,,,,
3690131,17-046902 6036,2,False,0109,9/6/2017 5:00:00 PM,1700,25X,14,109,Oakland,1,True,True,D,BROADSIDE,,Wednesday,,,,,False,False,False,,C,OTHER MOTOR VEHICLE,,0,0,CLEAR,,NO UNUSUAL CONDITIONS - NO UNUSUAL CONDITIONS,,A,DAYLIGHT,,,,,,,A,NO PEDESTRIANS INVOLVED,,A,22107,,1,35TH AV,2,,,A,,,VICTOR AV,,,D,8/6/2024 8:57:47 AM,2/7/2025 2:27:31 PM,,,2,,,,,,,
3690127,17-048021 6037,2,False,0109,9/13/2017 9:20:00 AM,920,,14,109,Oakland,1,True,True,D,BROADSIDE,,Wednesday,,,,,False,False,False,,C,OTHER MOTOR VEHICLE,,0,0,CLEAR,,NO UNUSUAL CONDITIONS - NO UNUSUAL CONDITIONS,,A,DAYLIGHT,,,,,,,A,NO PEDESTRIANS INVOLVED,,A,21801B,,1,CORAL RD,2,,,A,,,MAKIN RD,,,D,8/6/2024 8:57:47 AM,2/7/2025 2:27:30 PM,,,2,,,,,,,
3690125,17-044647,2,False,0109,8/25/2017 11:21:00 PM,2321,31X,14,109,Oakland,1,True,True,B,SIDE SWIPE,,Friday,,,,,False,False,True,,C,OTHER MOTOR VEHICLE,,0,0,CLOUDY,,NO UNUSUAL CONDITIONS - NO UNUSUAL CONDITIONS,,A,DAYLIGHT,,,,,,,,,,A,23152A,,1,98TH AV,2,,,A,,,EDES AV,,,A,8/6/2024 8:57:47 AM,2/7/2025 2:27:30 PM,,,2,,,,,,,
3690124,17-040307,2,False,0109,8/2/2017 1:00:00 PM,1300,08X,14,109,Oakland,1,True,True,C,REAR END,,Wednesday,,,,,False,False,False,,C,OTHER MOTOR VEHICLE,,1,0,CLEAR,,NO UNUSUAL CONDITIONS - NO UNUSUAL CONDITIONS,,A,DAYLIGHT,,,,,,,A,NO PEDESTRIANS INVOLVED,,A,22350,,1,27TH ST,1,,,A,E,30.0,NORTHGATE AV,F,,A,8/6/2024 8:57:47 AM,2/7/2025 2:27:30 PM,,,2,,,,,,,
3690104,17-035333,2,False,0109,7/6/2017 9:46:00 PM,2146,16Y,14,109,Oakland,1,True,True,D,BROADSIDE,,Thursday,,,,,False,False,False,,C,OTHER MOTOR VEHICLE,,0,0,CLEAR,,NO UNUSUAL CONDITIONS - NO UNUSUAL CONDITIONS,,C,DARK-STREET LIGHTS,,,,,,,A,NO PEDESTRIANS INVOLVED,,A,23152A,,1,13TH AV,1,,,A,,,CHATHAM RD,,,A,8/6/2024 8:57:46 AM,2/7/2025 2:27:29 PM,,,2,,,,,,,
3690100,17-039935,2,False,0109,7/31/2017 4:38:00 PM,1638,07X,14,109,Oakland,1,True,True,C,REAR END,,Monday,,,,,False,False,False,,C,OTHER MOTOR VEHICLE,,0,0,CLEAR,,NO UNUSUAL CONDITIONS - NO UNUSUAL CONDITIONS,,A,DAYLIGHT,,,,,,,A,NO PEDESTRIANS INVOLVED,,A,21703,,1,MANDELA PKWY,1,,,A,,,28TH ST,,,D,8/6/2024 8:57:46 AM,2/7/2025 2:27:29 PM,,,2,,,,,,,
3690096,17-037754,2,False,0109,7/19/2017 2:35:00 PM,1435,30X,14,109,Oakland,1,True,True,D,BROADSIDE,,Wednesday,,,M,,False,False,True,,C,OTHER MOTOR VEHICLE,,0,0,CLEAR,,NO UNUSUAL CONDITIONS - NO UNUSUAL CONDITIONS,,A,DAYLIGHT,,,,,,,A,NO PEDESTRIANS INVOLVED,,A,22450A,,1,GARFIELD AV,2,,,A,,,78TH AV,,,A,8/6/2024 8:57:46 AM,2/7/2025 2:27:29 PM,,,2,,,,,,,
3690092,17-039184,2,False,0109,7/27/2017 10:15:00 AM,1015,30X,14,109,Oakland,1,True,True,E,HIT OBJECT,,Thursday,,,M,,False,False,False,,I,FIXED OBJECT,,0,0,CLEAR,,,,A,DAYLIGHT,,,,,,,A,NO PEDESTRIANS INVOLVED,,A,22350,,1,MACARTHUR BL,2,,,A,W,40.0,78TH AV,F,,A,8/6/2024 8:57:46 AM,2/7/2025 2:27:28 PM,,,2,,,,,,,