collision-id,report-number,report-version,is-preliminary,ncic-code,crash-date-time,crash-time-description,beat,city-id,city-code,city-name,county-code,city-is-active,city-is-incorporated,collision-type-code,collision-type-description,collision-type-other-desc,day-of-week,dispatch-notified,has-photographs,hit-run,is-attachments-mailed,is-deleted,is-highway-related,is-tow-away,judicial-district,motor-vehicle-involved-with-code,motor-vehicle-involved-with-desc,motor-vehicle-involved-with-other-desc,number-injured,number-killed,weather-1,weather-2,road-condition-1,road-condition-2,special-condition-lighting-code,lighting-description,latitude,longitude,milepost-direction,milepost-distance,milepost-marker,milepost-unit-of-measure,pedestrian-action-code,pedestrian-action-desc,prepared-date,primary-collision-factor-code,primary-collision-factor-violation,primary-collision-factor-is-cited,primary-collision-party-number,primary-road,reporting-district,reporting-district-code,reviewed-date,roadway-surface-code,secondary-direction,secondary-distance,secondary-road,secondary-unit-of-measure,sketch-desc,traffic-control-device-code,created-date,modified-date,is-county-road,is-freeway,chp-555-version,is-additonal-object-struck,notification-date,notification-time-description,has-digital-media-files,evidence-number,is-location-refer-to-narrative,is-aoi-one-same-as-location
3706656,17-050634,2,False,0109,9/27/2017 8:03:00 AM,803,08X,14,109,Oakland,1,True,True,D,BROADSIDE,,Wednesday,,,,,False,False,False,,C,OTHER MOTOR VEHICLE,,2,0,CLEAR,,NO UNUSUAL CONDITIONS - NO UNUSUAL CONDITIONS,,A,DAYLIGHT,,,,,,,A,NO PEDESTRIANS INVOLVED,,A,22107,,1,40TH ST,1,,,A,,,WEBSTER ST,,,A,8/6/2024 9:12:58 AM,2/7/2025 2:45:56 PM,,,2,,,,,,,
3706276,17-051769 6084,2,False,0109,10/3/2017 10:50:00 AM,1050,30X,14,109,Oakland,1,True,True,A,HEAD-ON,,Tuesday,,,M,,False,False,False,,C,OTHER MOTOR VEHICLE,,0,0,CLEAR,,NO UNUSUAL CONDITIONS - NO UNUSUAL CONDITIONS,,A,DAYLIGHT,,,,,,,A,NO PEDESTRIANS INVOLVED,,A,22450A,,1,KRAUSE AV,2,,,A,,,77TH AV,,,D,8/6/2024 9:12:34 AM,2/7/2025 2:45:30 PM,,,2,,,,,,,
3705543,17-050722,2,False,0109,9/27/2017 4:44:00 PM,1644,26X,14,109,Oakland,1,True,True,D,BROADSIDE,,Wednesday,,,M,,False,False,False,,C,OTHER MOTOR VEHICLE,,0,0,CLEAR,,NO UNUSUAL CONDITIONS - NO UNUSUAL CONDITIONS,,A,DAYLIGHT,,,,,,,A,NO PEDESTRIANS INVOLVED,,A,21453A,,1,HAMILTON ST,2,,,A,,,HEGENBERGER RD,,,A,8/6/2024 9:11:44 AM,2/7/2025 2:44:37 PM,,,2,,,,,,,
3705540,17-042168,2,False,0109,8/12/2017 1:34:00 PM,1334,10X,14,109,Oakland,1,True,True,B,SIDE SWIPE,,Saturday,,,M,,False,False,False,,E,PARKED MOTOR VEHICLE,,0,0,CLEAR,,NO UNUSUAL CONDITIONS - NO UNUSUAL CONDITIONS,,A,DAYLIGHT,,,,,,,A,NO PEDESTRIANS INVOLVED,,A,22107,,1,65TH ST,1,,,A,W,15.0,SHATTUCK AV,F,,A,8/6/2024 9:11:43 AM,2/7/2025 2:44:37 PM,,,2,,,,,,,
3705534,17-052986,2,False,0109,10/9/2017 2:30:00 PM,1430,29X,14,109,Oakland,1,True,True,B,SIDE SWIPE,,Monday,,,,,False,False,False,,E,PARKED MOTOR VEHICLE,,0,0,CLEAR,,NO UNUSUAL CONDITIONS - NO UNUSUAL CONDITIONS,,A,DAYLIGHT,,,,,,,A,NO PEDESTRIANS INVOLVED,,A,22107,,1,BRANN ST,2,,,A,,,64TH AV,,,D,8/6/2024 9:11:43 AM,2/7/2025 2:44:37 PM,,,2,,,,,,,
3705501,17-045310,2,False,0109,8/29/2017 4:57:00 PM,1657,33X,14,109,Oakland,1,True,True,D,BROADSIDE,,Tuesday,,,,,False,False,False,,C,OTHER MOTOR VEHICLE,,0,0,CLEAR,,NO UNUSUAL CONDITIONS - NO UNUSUAL CONDITIONS,,A,DAYLIGHT,,,,,,,A,NO PEDESTRIANS INVOLVED,,A,22107,,1,81ST ST,2,,,A,N,27.0,SAN LEANDRO ST,F,,A,8/6/2024 9:11:41 AM,2/7/2025 2:44:34 PM,,,2,,,,,,,
3702359,17-048520,2,False,0109,9/16/2017 10:04:00 PM,2204,18Y,14,109,Oakland,1,True,True,A,HEAD-ON,,Saturday,,,M,,False,False,True,,E,PARKED MOTOR VEHICLE,,0,0,CLEAR,,NO UNUSUAL CONDITIONS - NO UNUSUAL CONDITIONS,,C,DARK-STREET LIGHTS,,,,,,,A,NO PEDESTRIANS INVOLVED,,A,23152,,1,MITCHELL ST,1,,,A,N,98.0,E 21ST ST,F,,A,8/6/2024 9:08:31 AM,2/7/2025 2:40:59 PM,,,2,,,,,,,
3702343,17-049848 6060,2,False,0109,9/22/2017 1:40:00 PM,1340,30X,14,109,Oakland,1,True,True,D,BROADSIDE,,Friday,,,M,,False,False,False,,C,OTHER MOTOR VEHICLE,,0,0,CLEAR,,NO UNUSUAL CONDITIONS - NO UNUSUAL CONDITIONS,,A,DAYLIGHT,,,,,,,A,NO PEDESTRIANS INVOLVED,,A,21453A,,1,73RD AV,2,,,A,S,50.0,BANCROFT AV,F,,A,8/6/2024 9:08:30 AM,2/7/2025 2:40:58 PM,,,2,,,,,,,
3702339,17-046200 6059,2,False,0109,9/3/2017 12:07:00 AM,7,29X,14,109,Oakland,1,True,True,A,HEAD-ON,,Sunday,,,M,,False,False,False,,E,PARKED MOTOR VEHICLE,,0,0,CLEAR,,NO UNUSUAL CONDITIONS - NO UNUSUAL CONDITIONS,,C,DARK-STREET LIGHTS,,,,,,,A,NO PEDESTRIANS INVOLVED,,A,22107,,1,61ST AV,2,,,A,N,180.0,MORSE DR,F,,D,8/6/2024 9:08:30 AM,2/7/2025 2:40:58 PM,,,2,,,,,,,
3702203,17-020732,2,False,0109,4/22/2017 12:51:00 AM,51,35Y,14,109,Oakland,1,True,True,C,REAR END,,Saturday,,,,,False,False,True,,E,PARKED MOTOR VEHICLE,,0,0,CLEAR,,NO UNUSUAL CONDITIONS - NO UNUSUAL CONDITIONS,,C,DARK-STREET LIGHTS,,,,,,,A,NO PEDESTRIANS INVOLVED,,A,22107,,1,MALCOLM AV,2,,,A,S,60.0,MONTWOOD ST,F,,D,8/6/2024 9:08:22 AM,2/7/2025 2:40:50 PM,,,2,,,,,,,
3702200,17-027932,2,False,0109,5/29/2017 8:22:00 PM,2022,35X,14,109,Oakland,1,True,True,A,HEAD-ON,,Monday,,,M,,False,False,True,,,,,0,0,CLEAR,,NO UNUSUAL CONDITIONS - NO UNUSUAL CONDITIONS,,B,DUSK-DAWN,,,,,,,A,NO PEDESTRIANS INVOLVED,,A,22107,,1,89TH AV,2,,,A,S,5.0,MACARTHUR BL,F,,D,8/6/2024 9:08:22 AM,2/7/2025 2:40:50 PM,,,2,,,,,,,
3702191,17-032180,2,False,0109,6/20/2017 11:52:00 AM,1152,08X,14,109,Oakland,1,True,True,B,SIDE SWIPE,,Tuesday,,,M,,False,False,True,,E,PARKED MOTOR VEHICLE,,0,0,CLEAR,,NO UNUSUAL CONDITIONS - NO UNUSUAL CONDITIONS,,A,DAYLIGHT,,,,,,,A,NO PEDESTRIANS INVOLVED,,A,22107,,1,SHAFTER AV,1,,,A,N,100.0,40TH ST,F,,A,8/6/2024 9:08:22 AM,2/7/2025 2:40:49 PM,,,2,,,,,,,
3702185,17-032112,2,False,0109,6/20/2017 2:24:00 AM,224,23X,14,109,Oakland,1,True,True,E,HIT OBJECT,,Tuesday,,,,,False,False,True,,I,FIXED OBJECT,,0,0,CLEAR,,NO UNUSUAL CONDITIONS - NO UNUSUAL CONDITIONS,,C,DARK-STREET LIGHTS,,,,,,,A,NO PEDESTRIANS INVOLVED,,C,,,,HIGH ST,2,,,A,,,FOOTHILL BL,,,A,8/6/2024 9:08:21 AM,2/7/2025 2:40:49 PM,,,2,,,,,,,
3702179,17-032458,2,False,0109,6/21/2017 1:55:00 PM,1355,07X,14,109,Oakland,1,True,True,E,HIT OBJECT,,Wednesday,,,,,False,False,False,,I,FIXED OBJECT,,0,0,CLEAR,,,,A,DAYLIGHT,,,,,,,A,NO PEDESTRIANS INVOLVED,,C,,,,34TH ST,1,,,A,,,HAVEN ST,,,D,8/6/2024 9:08:21 AM,2/7/2025 2:40:48 PM,,,2,,,,,,,
3702172,17-038716,2,False,0109,7/24/2017 9:22:00 PM,2122,32Y,14,109,Oakland,1,True,True,E,HIT OBJECT,,Monday,,,,,False,False,False,,I,FIXED OBJECT,,0,0,CLEAR,,NO UNUSUAL CONDITIONS - NO UNUSUAL CONDITIONS,,C,DARK-STREET LIGHTS,,,,,,,A,NO PEDESTRIANS INVOLVED,,A,23152,,1,98TH AV,2,,,A,S,163.0,STANLEY AV,F,,A,8/6/2024 9:08:21 AM,2/7/2025 2:40:48 PM,,,2,,,,,,,
3702153,17-042415,2,False,0109,8/14/2017 9:23:00 AM,923,32X,14,109,Oakland,1,True,True,D,BROADSIDE,,Monday,,,M,,False,False,True,,C,OTHER MOTOR VEHICLE,,0,0,CLEAR,,NO UNUSUAL CONDITIONS - NO UNUSUAL CONDITIONS,,A,DAYLIGHT,,,,,,,A,NO PEDESTRIANS INVOLVED,,A,22450A,,1,100TH AV,2,,,A,,,SUNNYSIDE ST,,,A,8/6/2024 9:08:19 AM,2/7/2025 2:40:47 PM,,,2,,,,,,,
3701930,17-051888,2,False,0109,10/4/2017 2:32:00 AM,232,23X,14,109,Oakland,1,True,True,E,HIT OBJECT,,Wednesday,,,,,False,False,False,,I,FIXED OBJECT,,0,0,CLEAR,,NO UNUSUAL CONDITIONS - NO UNUSUAL CONDITIONS,,C,DARK-STREET LIGHTS,,,,,,,A,NO PEDESTRIANS INVOLVED,,A,23152A,,1,ALAMEDA AV,2,,,A,W,765.0,FRUITVALE AV,F,,D,8/6/2024 9:08:06 AM,2/7/2025 2:40:32 PM,,,2,,,,,,,
3701805,17-028093 6089,2,False,0109,5/30/2017 12:30:00 PM,1230,30X,14,109,Oakland,1,True,True,D,BROADSIDE,,Tuesday,,,F,,False,False,False,,G,BICYCLE,,1,0,CLEAR,,NO UNUSUAL CONDITIONS - NO UNUSUAL CONDITIONS,,A,DAYLIGHT,,,,,,,A,NO PEDESTRIANS INVOLVED,,A,22450A,,1,73RD AV,2,,,A,,,LOCKWOOD ST,,,A,8/6/2024 9:07:59 AM,2/7/2025 2:40:25 PM,,,2,,,,,,,
3701800,17-027921 6103,2,False,0109,5/29/2017 8:01:00 PM,2001,23X,14,109,Oakland,1,True,True,D,BROADSIDE,,Monday,,,,,False,False,False,,G,BICYCLE,,1,0,CLEAR,,NO UNUSUAL CONDITIONS - NO UNUSUAL CONDITIONS,,A,DAYLIGHT,,,,,,,A,NO PEDESTRIANS INVOLVED,,B,,,1,42ND AV,1,,,A,N,150.0,INTERNATIONAL BL,F,,A,8/6/2024 9:07:59 AM,2/7/2025 2:40:24 PM,,,2,,,,,,,
3701793,17-031532 6090,2,False,0109,6/16/2017 6:33:00 PM,1833,05X,14,109,Oakland,1,True,True,C,REAR END,,Friday,,,M,,False,False,False,,D,MOTOR VEHICLE ON OTHER ROADWAY,,1,0,CLEAR,,NO UNUSUAL CONDITIONS - NO UNUSUAL CONDITIONS,,A,DAYLIGHT,,,,,,,A,NO PEDESTRIANS INVOLVED,,A,22350,,1,SAN PABLO AV,1,,,A,N,20.0,WEST GRAND AV,F,,A,8/6/2024 9:07:59 AM,2/7/2025 2:40:24 PM,,,2,,,,,,,
3701788,17-031484 6104,2,False,0109,6/16/2017 12:38:00 PM,1238,12Y,14,109,Oakland,1,True,True,G,VEHICLE/PEDESTRAIN,,Friday,,,,,False,False,False,,B,PEDESTRIAN,,1,0,CLEAR,,NO UNUSUAL CONDITIONS - NO UNUSUAL CONDITIONS,,A,DAYLIGHT,,,,,,,B,CROSSING IN CROSS WALK AT INTERSECTION,,A,21950A,,1,MILES AV,1,,,A,,,PRESLEY WY,,,A,8/6/2024 9:07:58 AM,2/7/2025 2:40:23 PM,,,2,,,,,,,
3701784,17-032191 6108,2,False,0109,6/20/2017 12:30:00 PM,1230,28X,14,109,Oakland,1,True,True,G,VEHICLE/PEDESTRAIN,,Tuesday,,,,,False,False,False,,,,,1,0,CLEAR,,NO UNUSUAL CONDITIONS - NO UNUSUAL CONDITIONS,,A,DAYLIGHT,,,,,,,B,CROSSING IN CROSS WALK AT INTERSECTION,,A,21950A,,1,MACARTHUR BL,2,,,A,,,RICHARDS RD,,,A,8/6/2024 9:07:58 AM,2/7/2025 2:40:23 PM,,,2,,,,,,,
3701777,17-0322396 6092,2,False,0109,6/21/2017 9:51:00 AM,951,12X,14,109,Oakland,1,True,True,D,BROADSIDE,,Wednesday,,,M,,False,False,False,,C,OTHER MOTOR VEHICLE,,1,0,CLEAR,,NO UNUSUAL CONDITIONS - NO UNUSUAL CONDITIONS,,A,DAYLIGHT,,,,,,,A,NO PEDESTRIANS INVOLVED,,A,21801A,,1,SHATTUCK AV,1,,,A,,,51ST ST,,,D,8/6/2024 9:07:58 AM,2/7/2025 2:40:23 PM,,,2,,,,,,,
3701769,17-048422 6061,2,False,0109,9/15/2017 10:07:00 AM,1007,04X,14,109,Oakland,1,True,True,C,REAR END,,Friday,,,M,,False,False,False,,C,OTHER MOTOR VEHICLE,,1,0,CLOUDY,,NO UNUSUAL CONDITIONS - NO UNUSUAL CONDITIONS,,A,DAYLIGHT,,,,,,,A,NO PEDESTRIANS INVOLVED,,A,22350,,1,WEBSTER ST,1,,,A,N,100.0,15TH ST,F,,D,8/6/2024 9:07:57 AM,2/7/2025 2:40:22 PM,,,2,,,,,,,
3701766,17-409816 6079,2,False,0109,9/22/2017 10:23:00 AM,1023,02X,14,109,Oakland,1,True,True,D,BROADSIDE,,Friday,,,,,False,False,False,,C,OTHER MOTOR VEHICLE,,1,0,CLEAR,,NO UNUSUAL CONDITIONS - NO UNUSUAL CONDITIONS,,A,DAYLIGHT,,,,,,,A,NO PEDESTRIANS INVOLVED,,A,21460A,,1,3RD ST,1,,,A,E,180.0,ADELINE ST,F,,D,8/6/2024 9:07:57 AM,2/7/2025 2:40:22 PM,,,2,,,,,,,
3701760,17-043875 6074,2,False,0109,8/22/2017 8:01:00 AM,801,11X,14,109,Oakland,1,True,True,B,SIDE SWIPE,,Tuesday,,,,,False,False,True,,C,OTHER MOTOR VEHICLE,,1,0,CLOUDY,,NO UNUSUAL CONDITIONS - NO UNUSUAL CONDITIONS,,A,DAYLIGHT,,,,,,,A,NO PEDESTRIANS INVOLVED,,A,21460A,,1,SHATTUCK AV,1,,,A,S,90.0,AILEEN ST,F,,D,8/6/2024 9:07:57 AM,2/7/2025 2:40:22 PM,,,2,,,,,,,
3701678,17-055029,2,False,0109,10/19/2017 6:12:00 PM,1812,33,14,109,Oakland,1,True,True,E,HIT OBJECT,,Thursday,,,M,,False,False,True,,I,FIXED OBJECT,,1,0,CLOUDY,,NO UNUSUAL CONDITIONS - NO UNUSUAL CONDITIONS,,B,DUSK-DAWN,,,,,,,A,NO PEDESTRIANS INVOLVED,,A,22107,,1,SAN LEANDRO ST,2,,,A,W,56.0,92ND AV,F,,D,8/6/2024 9:07:52 AM,2/7/2025 2:40:17 PM,,,2,,,,,,,
3701585,17-044351,2,False,0109,8/24/2017 12:09:00 PM,1209,19X,14,109,Oakland,1,True,True,C,REAR END,,Thursday,,,,,False,False,False,,C,OTHER MOTOR VEHICLE,,2,0,CLOUDY,,NO UNUSUAL CONDITIONS - NO UNUSUAL CONDITIONS,,A,DAYLIGHT,,,,,,,A,NO PEDESTRIANS INVOLVED,,A,22350,,1,EMBARCADERO,1,,,A,W,0.25,16TH AV,M,,D,8/6/2024 9:07:48 AM,2/7/2025 2:40:10 PM,,,2,,,,,,,
3701584,17-044742,2,False,0109,8/26/2017 3:35:00 PM,1535,22X,14,109,Oakland,1,True,True,C,REAR END,,Saturday,,,,,False,False,True,,C,OTHER MOTOR VEHICLE,,1,0,CLEAR,,NO UNUSUAL CONDITIONS - NO UNUSUAL CONDITIONS,,A,DAYLIGHT,,,,,,,A,NO PEDESTRIANS INVOLVED,,A,22107,,1,FRUITVALE AV,1,,,A,,,COLOMA ST,,,A,8/6/2024 9:07:47 AM,2/7/2025 2:40:10 PM,,,2,,,,,,,
3701579,17-045029,2,False,0109,8/27/2017 9:32:00 AM,932,26X,14,109,Oakland,1,True,True,C,REAR END,,Sunday,,,,,False,False,False,,C,OTHER MOTOR VEHICLE,,0,0,CLEAR,,NO UNUSUAL CONDITIONS - NO UNUSUAL CONDITIONS,,A,DAYLIGHT,,,,,,,A,NO PEDESTRIANS INVOLVED,,A,23152A,,1,INTERNATIONAL BL,2,,,A,E,100.0,HIGH ST,F,,D,8/6/2024 9:07:47 AM,2/7/2025 2:40:10 PM,,,2,,,,,,,
3701574,17-049568,2,False,0109,9/21/2017 1:02:00 AM,102,30Y,14,109,Oakland,1,True,True,D,BROADSIDE,,Thursday,,,M,,False,False,True,,C,OTHER MOTOR VEHICLE,,1,0,CLEAR,,NO UNUSUAL CONDITIONS - NO UNUSUAL CONDITIONS,,C,DARK-STREET LIGHTS,,,,,,,A,NO PEDESTRIANS INVOLVED,,A,21801A,,1,INTERNATIONAL BL,2,,,A,,,HAVENSCOURT BL,,,A,8/6/2024 9:07:47 AM,2/7/2025 2:40:10 PM,,,2,,,,,,,
3701571,17-052258,2,False,0109,10/5/2017 3:52:00 PM,1552,04X,14,109,Oakland,1,True,True,B,SIDE SWIPE,,Thursday,,,,,False,False,True,,C,OTHER MOTOR VEHICLE,,0,0,CLEAR,,NO UNUSUAL CONDITIONS - NO UNUSUAL CONDITIONS,,A,DAYLIGHT,,,,,,,A,NO PEDESTRIANS INVOLVED,,A,22106,,1,18TH ST,1,,,A,W,180.0,TELEGRAPH,F,,D,8/6/2024 9:07:47 AM,2/7/2025 2:40:09 PM,,,2,,,,,,,
3701568,17-027906,2,False,0109,5/29/2017 5:20:00 PM,1720,34X,14,109,Oakland,1,True,True,A,HEAD-ON,,Monday,,,M,,False,False,True,,C,OTHER MOTOR VEHICLE,,0,0,CLOUDY,,NO UNUSUAL CONDITIONS - NO UNUSUAL CONDITIONS,,A,DAYLIGHT,,,,,,,A,NO PEDESTRIANS INVOLVED,,A,22350,,1,CHERRY ST,2,,,A,E,30.0,90TH AV,F,,D,8/6/2024 9:07:47 AM,2/7/2025 2:40:09 PM,,,2,,,,,,,
3701558,17-054507 6081,2,False,0109,10/17/2017 12:20:00 PM,1220,10X,14,109,Oakland,1,True,True,D,BROADSIDE,,Tuesday,,,,,False,False,False,,C,OTHER MOTOR VEHICLE,,2,0,CLEAR,,NO UNUSUAL CONDITIONS - NO UNUSUAL CONDITIONS,,A,DAYLIGHT,,,,,,,A,NO PEDESTRIANS INVOLVED,,A,22450A,,1,AILEEN ST,1,,,A,,,LOWELL ST,,,A,8/6/2024 9:07:46 AM,2/7/2025 2:40:09 PM,,,2,,,,,,,
3701554,17-031516,2,False,0109,6/16/2017 4:47:00 PM,1647,20X,14,109,Oakland,1,True,True,A,HEAD-ON,,Friday,,,,,False,False,False,,C,OTHER MOTOR VEHICLE,,0,0,CLEAR,,NO UNUSUAL CONDITIONS - NO UNUSUAL CONDITIONS,,A,DAYLIGHT,,,,,,,A,NO PEDESTRIANS INVOLVED,,A,21801A,,1,FOOTHILL BL,1,,,A,,,28TH AV,,,A,8/6/2024 9:07:46 AM,2/7/2025 2:40:08 PM,,,2,,,,,,,
3701548,17-031978,2,False,0109,6/19/2017 12:22:00 PM,1222,,14,109,Oakland,1,True,True,D,BROADSIDE,,Monday,,,,,False,False,False,,C,OTHER MOTOR VEHICLE,,0,0,CLEAR,,NO UNUSUAL CONDITIONS - NO UNUSUAL CONDITIONS,,A,DAYLIGHT,,,,,,,A,NO PEDESTRIANS INVOLVED,,A,21658A,,1,6TH ST,1,,,A,,,MARTIN LUTHER KING JR WY,,,D,8/6/2024 9:07:45 AM,2/7/2025 2:40:08 PM,,,2,,,,,,,
3701511,17-039441,2,False,0109,7/28/2017 4:55:00 PM,1655,04X,14,109,Oakland,1,True,True,D,BROADSIDE,,Friday,,,,,False,False,False,,G,BICYCLE,,1,0,CLEAR,,NO UNUSUAL CONDITIONS - NO UNUSUAL CONDITIONS,,A,DAYLIGHT,,,,,,,A,NO PEDESTRIANS INVOLVED,,A,21802A,,1,LAKESIDE DR,1,,,A,,,17TH ST,,,D,8/6/2024 9:07:43 AM,2/7/2025 2:40:05 PM,,,2,,,,,,,
3701509,17-006627,2,False,0109,2/5/2017 11:38:00 PM,2338,03X,14,109,Oakland,1,True,True,A,HEAD-ON,,Sunday,,,,,False,False,False,,C,OTHER MOTOR VEHICLE,,0,0,RAINING,,NO UNUSUAL CONDITIONS - NO UNUSUAL CONDITIONS,,C,DARK-STREET LIGHTS,,,,,,,A,NO PEDESTRIANS INVOLVED,,A,22107,,1,12TH ST,1,,,B,,,HARRISON ST,,,A,8/6/2024 9:07:43 AM,2/7/2025 2:40:06 PM,,,2,,,,,,,
3701506,17-039728,2,False,0109,7/30/2017 12:51:00 PM,1251,23X,14,109,Oakland,1,True,True,D,BROADSIDE,,Sunday,,,,,False,False,True,,C,OTHER MOTOR VEHICLE,,1,0,CLEAR,,NO UNUSUAL CONDITIONS - NO UNUSUAL CONDITIONS,,A,DAYLIGHT,,,,,,,A,NO PEDESTRIANS INVOLVED,,A,21802A,,1,E 12TH ST,2,,,A,,,40TH AV,,,A,8/6/2024 9:07:43 AM,2/7/2025 2:40:05 PM,,,2,,,,,,,
3701501,17-039736,2,False,0109,7/30/2017 1:25:00 PM,1325,32X,14,109,Oakland,1,True,True,D,BROADSIDE,,Sunday,,,M,,False,False,True,,C,OTHER MOTOR VEHICLE,,1,0,CLEAR,,NO UNUSUAL CONDITIONS - NO UNUSUAL CONDITIONS,,A,DAYLIGHT,,,,,,,A,NO PEDESTRIANS INVOLVED,,A,22450A,,1,98TH AV,2,,,A,,,WALNUT ST,,,A,8/6/2024 9:07:43 AM,2/7/2025 2:40:05 PM,,,2,,,,,,,
3701500,17-016922,2,False,0109,4/1/2017 9:14:00 PM,2114,03X,14,109,Oakland,1,True,True,C,REAR END,,Saturday,,,,,False,False,False,,C,OTHER MOTOR VEHICLE,,0,0,CLEAR,,NO UNUSUAL CONDITIONS - NO UNUSUAL CONDITIONS,,C,DARK-STREET LIGHTS,,,,,,,A,NO PEDESTRIANS INVOLVED,,A,22107,,1,7TH ST,1,,,A,E,20.0,JACKSON ST,F,,A,8/6/2024 9:07:43 AM,2/7/2025 2:40:05 PM,,,2,,,,,,,
3701497,17-019622,2,False,0109,4/16/2017 10:22:00 AM,1022,21X,14,109,Oakland,1,True,True,D,BROADSIDE,,Sunday,,,,,False,False,False,,,,,0,0,CLEAR,,NO UNUSUAL CONDITIONS - NO UNUSUAL CONDITIONS,,A,DAYLIGHT,,,,,,,A,NO PEDESTRIANS INVOLVED,,A,21802A,,1,COOLIDGE AV,1,,,A,,,E 23RD ST,,,A,8/6/2024 9:07:43 AM,2/7/2025 2:40:05 PM,,,2,,,,,,,
3701493,17-039775,2,False,0109,7/30/2017 5:35:00 PM,1735,19X,14,109,Oakland,1,True,True,B,SIDE SWIPE,,Sunday,,,M,,False,False,False,,C,OTHER MOTOR VEHICLE,,1,0,CLEAR,,NO UNUSUAL CONDITIONS - NO UNUSUAL CONDITIONS,,A,DAYLIGHT,,,,,,,A,NO PEDESTRIANS INVOLVED,,A,22107,,1,INTERNATIONAL BL,1,,,A,W,100.0,11TH AV,F,,D,8/6/2024 9:07:42 AM,2/7/2025 2:40:04 PM,,,2,,,,,,,
3701492,17-028121,2,False,0109,5/30/2017 1:53:00 PM,1353,24X,14,109,Oakland,1,True,True,E,HIT OBJECT,,Tuesday,,,M,,False,False,True,,I,FIXED OBJECT,,0,0,CLOUDY,,NO UNUSUAL CONDITIONS - NO UNUSUAL CONDITIONS,,A,DAYLIGHT,,,,,,,A,NO PEDESTRIANS INVOLVED,,A,22107,,1,FOOTHILL BL,2,,,A,E,6.0,36TH AV,F,,A,8/6/2024 9:07:42 AM,2/7/2025 2:40:04 PM,,,2,,,,,,,
3701487,17-027894,2,False,0109,5/29/2017 4:03:00 PM,1603,27X,14,109,Oakland,1,True,True,B,SIDE SWIPE,,Monday,,,M,,False,False,True,,E,PARKED MOTOR VEHICLE,,0,0,CLEAR,,NO UNUSUAL CONDITIONS - NO UNUSUAL CONDITIONS,,A,DAYLIGHT,,,,,,,A,NO PEDESTRIANS INVOLVED,,A,22107,,1,64TH AV,2,,,A,S,50.0,HARMON AV,F,,D,8/6/2024 9:07:42 AM,2/7/2025 2:40:04 PM,,,2,,,,,,,
3701480,17-027562,2,False,0109,5/27/2017 3:38:00 PM,1538,34X,14,109,Oakland,1,True,True,C,REAR END,,Saturday,,,M,,False,False,False,,,,,0,0,CLEAR,,NO UNUSUAL CONDITIONS - NO UNUSUAL CONDITIONS,,A,DAYLIGHT,,,,,,,A,NO PEDESTRIANS INVOLVED,,A,22350,,1,89TH AV,2,,,A,S,60.0,OLIVE ST,F,,D,8/6/2024 9:07:41 AM,2/7/2025 2:40:04 PM,,,2,,,,,,,
3701477,17-027590,2,False,0109,5/28/2017 7:18:00 PM,1918,27X,14,109,Oakland,1,True,True,E,HIT OBJECT,,Sunday,,,M,,False,False,True,,J,OTHER OBJECT,,0,0,CLEAR,,NO UNUSUAL CONDITIONS - NO UNUSUAL CONDITIONS,,A,DAYLIGHT,,,,,,,A,NO PEDESTRIANS INVOLVED,,A,22107,,1,61ST AVE,2,,,A,S,75.0,FORTUNE WY,F,,D,8/6/2024 9:07:41 AM,2/7/2025 2:40:04 PM,,,2,,,,,,,
3701472,17-027876,2,False,0109,5/29/2017 1:02:00 PM,1302,13Z,14,109,Oakland,1,True,True,E,HIT OBJECT,,Monday,,,M,,False,False,True,,I,FIXED OBJECT,,0,0,FOG/VISIBILITY,,NO UNUSUAL CONDITIONS - NO UNUSUAL CONDITIONS,,D,DARK-NO STREET LIGHTS,,,,,,,A,NO PEDESTRIANS INVOLVED,,A,22350,,1,CHATSWORTH CT,1,,,A,S,200.0,BEACONSFIELD PL,F,,D,8/6/2024 9:07:41 AM,2/7/2025 2:40:03 PM,,,2,,,,,,,
3701469,17-040249,2,False,0109,8/2/2017 8:59:00 AM,859,15X,14,109,Oakland,1,True,True,D,BROADSIDE,,Wednesday,,,,,False,False,False,,C,OTHER MOTOR VEHICLE,,1,0,CLEAR,,NO UNUSUAL CONDITIONS - NO UNUSUAL CONDITIONS,,A,DAYLIGHT,,,,,,,A,NO PEDESTRIANS INVOLVED,,A,21802A,,1,5TH AV,1,,,A,,,E 22ND ST,,,A,8/6/2024 9:07:39 AM,2/7/2025 2:40:03 PM,,,2,,,,,,,
3701468,17-027491,2,False,0109,5/27/2017 12:35:00 AM,35,31X,14,109,Oakland,1,True,True,B,SIDE SWIPE,,Saturday,,,M,,False,False,False,,,,,0,0,CLEAR,,NO UNUSUAL CONDITIONS - NO UNUSUAL CONDITIONS,,C,DARK-STREET LIGHTS,,,,,,,A,NO PEDESTRIANS INVOLVED,,A,22107,,1,DOUGLAS AV,2,,,A,W,100.0,HALE AV,F,,D,8/6/2024 9:07:39 AM,2/7/2025 2:40:03 PM,,,2,,,,,,,
3701466,17-041556,2,False,0109,8/9/2017 10:34:00 AM,1034,16X,14,109,Oakland,1,True,True,D,BROADSIDE,,Wednesday,,,,,False,False,False,,C,OTHER MOTOR VEHICLE,,1,0,CLEAR,,NO UNUSUAL CONDITIONS - NO UNUSUAL CONDITIONS,,A,DAYLIGHT,,,,,,,A,NO PEDESTRIANS INVOLVED,,A,21800D,,1,9TH AV,1,,,A,,,FOOTHILL BL,,,A,8/6/2024 9:07:39 AM,2/7/2025 2:40:03 PM,,,2,,,,,,,
3701464,17-035986,2,False,0109,5/28/2017 1:00:00 PM,1300,01X,14,109,Oakland,1,True,True,D,BROADSIDE,,Sunday,,,,,False,False,False,,C,OTHER MOTOR VEHICLE,,0,0,CLEAR,,NO UNUSUAL CONDITIONS - NO UNUSUAL CONDITIONS,,A,DAYLIGHT,,,,,,,A,NO PEDESTRIANS INVOLVED,,A,22100B,,1,5TH ST,1,,,A,,,JACKSON ST,,,A,8/6/2024 9:07:39 AM,2/7/2025 2:40:03 PM,,,2,,,,,,,
3701458,17-040230,2,False,0109,8/2/2017 7:30:00 AM,730,19X,14,109,Oakland,1,True,True,G,VEHICLE/PEDESTRAIN,,Wednesday,,,,,False,False,False,,B,PEDESTRIAN,,1,0,CLEAR,,NO UNUSUAL CONDITIONS - NO UNUSUAL CONDITIONS,,A,DAYLIGHT,,,,,,,B,CROSSING IN CROSS WALK AT INTERSECTION,,A,21950A,,1,13TH AV,1,,,A,,,INTERNATIONAL BL,,,A,8/6/2024 9:07:39 AM,2/7/2025 2:40:02 PM,,,2,,,,,,,