collision-id,report-number,report-version,is-preliminary,ncic-code,crash-date-time,crash-time-description,beat,city-id,city-code,city-name,county-code,city-is-active,city-is-incorporated,collision-type-code,collision-type-description,collision-type-other-desc,day-of-week,dispatch-notified,has-photographs,hit-run,is-attachments-mailed,is-deleted,is-highway-related,is-tow-away,judicial-district,motor-vehicle-involved-with-code,motor-vehicle-involved-with-desc,motor-vehicle-involved-with-other-desc,number-injured,number-killed,weather-1,weather-2,road-condition-1,road-condition-2,special-condition-lighting-code,lighting-description,latitude,longitude,milepost-direction,milepost-distance,milepost-marker,milepost-unit-of-measure,pedestrian-action-code,pedestrian-action-desc,prepared-date,primary-collision-factor-code,primary-collision-factor-violation,primary-collision-factor-is-cited,primary-collision-party-number,primary-road,reporting-district,reporting-district-code,reviewed-date,roadway-surface-code,secondary-direction,secondary-distance,secondary-road,secondary-unit-of-measure,sketch-desc,traffic-control-device-code,created-date,modified-date,is-county-road,is-freeway,chp-555-version,is-additonal-object-struck,notification-date,notification-time-description,has-digital-media-files,evidence-number,is-location-refer-to-narrative,is-aoi-one-same-as-location
3727133,17-036423,2,False,0109,7/12/2017 4:37:00 PM,1637,35X,14,109,Oakland,1,True,True,B,SIDE SWIPE,,Wednesday,,,M,,False,False,True,,C,OTHER MOTOR VEHICLE,,0,0,CLEAR,,NO UNUSUAL CONDITIONS - NO UNUSUAL CONDITIONS,,A,DAYLIGHT,,,,,,,A,NO PEDESTRIANS INVOLVED,,A,22107,,1,88TH AV,2,,,A,S,100.0,DOWLING ST,F,,D,8/6/2024 9:41:03 AM,2/10/2025 9:04:05 AM,,,2,,,,,,,
3727132,17-058851,2,False,0109,11/9/2017 3:06:00 PM,1506,21X,14,109,Oakland,1,True,True,B,SIDE SWIPE,,Thursday,,,M,,False,False,False,,E,PARKED MOTOR VEHICLE,,0,0,CLEAR,,NO UNUSUAL CONDITIONS - NO UNUSUAL CONDITIONS,,A,DAYLIGHT,,,,,,,A,NO PEDESTRIANS INVOLVED,,A,22107,,1,E 27TH ST,1,,,A,W,100.0,25TH AV,F,,D,8/6/2024 9:41:02 AM,2/10/2025 9:04:05 AM,,,2,,,,,,,
3727128,17-028657,2,False,0109,6/2/2017 9:23:00 AM,923,08X,14,109,Oakland,1,True,True,B,SIDE SWIPE,,Friday,,,,,False,False,False,,C,OTHER MOTOR VEHICLE,,0,0,CLEAR,,NO UNUSUAL CONDITIONS - NO UNUSUAL CONDITIONS,,A,DAYLIGHT,,,,,,,A,NO PEDESTRIANS INVOLVED,,A,22100B,,1,23RD ST,1,,,A,,,HARRISON ST,,,A,8/6/2024 9:41:02 AM,2/10/2025 9:04:05 AM,,,2,,,,,,,
3727125,17-003135,2,False,0109,1/18/2017 9:10:00 AM,910,19X,14,109,Oakland,1,True,True,D,BROADSIDE,,Wednesday,,,,,False,False,False,,C,OTHER MOTOR VEHICLE,,0,0,RAINING,,NO UNUSUAL CONDITIONS - NO UNUSUAL CONDITIONS,,A,DAYLIGHT,,,,,,,A,NO PEDESTRIANS INVOLVED,,A,22102,,1,INTERNATIONAL BL,1,,,B,E,75.0,11TH AV,F,,D,8/6/2024 9:41:02 AM,2/10/2025 9:04:05 AM,,,2,,,,,,,
3724852,17-040031 6839,2,False,0109,8/1/2017 9:30:00 AM,930,02X,14,109,Oakland,1,True,True,D,BROADSIDE,,Tuesday,,,,,False,False,False,,C,OTHER MOTOR VEHICLE,,2,0,CLEAR,,NO UNUSUAL CONDITIONS - NO UNUSUAL CONDITIONS,,A,DAYLIGHT,,,,,,,A,NO PEDESTRIANS INVOLVED,,A,21453A,,,MARKET ST,1,,,A,,,6TH ST,,,A,8/6/2024 9:37:13 AM,2/10/2025 9:03:07 AM,,,2,,,,,,,
3724849,17-059985,2,False,0109,11/16/2017 9:59:00 AM,959,04X,14,109,Oakland,1,True,True,G,VEHICLE/PEDESTRAIN,,Thursday,,,,,False,False,False,,B,PEDESTRIAN,,1,0,RAINING,,NO UNUSUAL CONDITIONS - NO UNUSUAL CONDITIONS,,A,DAYLIGHT,,,,,,,B,CROSSING IN CROSS WALK AT INTERSECTION,,A,21950A,,1,BROADWAY,1,,,B,,,20TH ST,,,A,8/6/2024 9:37:13 AM,2/10/2025 9:03:07 AM,,,2,,,,,,,
3724845,17-049648,2,False,0109,9/21/2017 12:45:00 PM,1245,07X,14,109,Oakland,1,True,True,B,SIDE SWIPE,,Thursday,,,,,False,False,False,,E,PARKED MOTOR VEHICLE,,0,0,CLEAR,,OBSTRUCTION ON ROADWAY* - OBSTRUCTION ON ROADWAY*,,A,DAYLIGHT,,,,,,,A,NO PEDESTRIANS INVOLVED,,A,22107,,1,WOOD ST,1,,,A,N,201.0,24TH ST,F,,A,8/6/2024 9:37:13 AM,2/10/2025 9:03:06 AM,,,2,,,,,,,
3724844,17-060840,2,False,0109,11/21/2017 11:30:00 AM,1130,10X,14,109,Oakland,1,True,True,B,SIDE SWIPE,,Tuesday,,,,,False,False,False,,C,OTHER MOTOR VEHICLE,,1,0,CLOUDY,,NO UNUSUAL CONDITIONS - NO UNUSUAL CONDITIONS,,A,DAYLIGHT,,,,,,,A,NO PEDESTRIANS INVOLVED,,A,22107,,1,53RD ST,1,,,A,,,ADELINE ST,,,D,8/6/2024 9:37:13 AM,2/10/2025 9:03:06 AM,,,2,,,,,,,
3724842,17-036453,2,False,0109,7/12/2017 5:44:00 PM,1744,23X,14,109,Oakland,1,True,True,D,BROADSIDE,,Wednesday,,,,,False,False,False,,C,OTHER MOTOR VEHICLE,,0,0,CLEAR,,NO UNUSUAL CONDITIONS - NO UNUSUAL CONDITIONS,,A,DAYLIGHT,,,,,,,A,NO PEDESTRIANS INVOLVED,,A,22350,,1,FOOTHILL BL,2,,,A,,,39TH AV,,,D,8/6/2024 9:37:13 AM,2/10/2025 9:03:06 AM,,,2,,,,,,,
3724840,17-059960,2,False,0109,11/16/2017 7:38:00 AM,738,32X,14,109,Oakland,1,True,True,D,BROADSIDE,,Thursday,,,,,False,False,False,,C,OTHER MOTOR VEHICLE,,0,0,RAINING,,NO UNUSUAL CONDITIONS - NO UNUSUAL CONDITIONS,,A,DAYLIGHT,,,,,,,,,,A,21802A,,1,98TH AV,2,,,B,,,MEDFORD AV,,,A,8/6/2024 9:37:12 AM,2/10/2025 9:03:06 AM,,,2,,,,,,,
3724837,17-060156,2,False,0109,11/17/2017 8:25:00 AM,825,14X,14,109,Oakland,1,True,True,G,VEHICLE/PEDESTRAIN,,Friday,,,,,False,False,False,,B,PEDESTRIAN,,1,0,CLEAR,,NO UNUSUAL CONDITIONS - NO UNUSUAL CONDITIONS,,A,DAYLIGHT,,,,,,,B,CROSSING IN CROSS WALK AT INTERSECTION,,A,21950A,,1,MACARTHUR BL,1,,,A,E,6.0,LAKESHORE AV,F,,A,8/6/2024 9:37:12 AM,2/10/2025 9:03:06 AM,,,2,,,,,,,
3724836,17-049397,2,False,0109,9/20/2017 10:59:00 AM,1059,25X,14,109,Oakland,1,True,True,C,REAR END,,Wednesday,,,,,False,False,False,,E,PARKED MOTOR VEHICLE,,0,0,CLOUDY,,NO UNUSUAL CONDITIONS - NO UNUSUAL CONDITIONS,,A,DAYLIGHT,,,,,,,A,NO PEDESTRIANS INVOLVED,,A,22350,,1,CAMPUS DR,2,,,A,E,50.0,RISING HILL CT,F,,A,8/6/2024 9:37:12 AM,2/10/2025 9:03:06 AM,,,2,,,,,,,
3724833,17-053692,2,False,0109,10/13/2017 7:00:00 AM,700,23X,14,109,Oakland,1,True,True,D,BROADSIDE,,Friday,,,,,False,False,True,,C,OTHER MOTOR VEHICLE,,1,0,CLEAR,,NO UNUSUAL CONDITIONS - NO UNUSUAL CONDITIONS,,A,DAYLIGHT,,,,,,,A,NO PEDESTRIANS INVOLVED,,A,21802A,,1,HIGH ST,2,,,A,,,QUIGLEY PL,,,A,8/6/2024 9:37:12 AM,2/10/2025 9:03:06 AM,,,2,,,,,,,
3724832,17-044312,2,False,0109,8/24/2017 8:20:00 AM,820,28X,14,109,Oakland,1,True,True,D,BROADSIDE,,Thursday,,,,,False,False,True,,C,OTHER MOTOR VEHICLE,,0,0,CLEAR,,NO UNUSUAL CONDITIONS - NO UNUSUAL CONDITIONS,,A,DAYLIGHT,,,,,,,A,NO PEDESTRIANS INVOLVED,,A,21802A,,1,SEMINARY AV,2,,,A,,,OVERDALE AV,,,A,8/6/2024 9:37:12 AM,2/10/2025 9:03:06 AM,,,2,,,,,,,
3724827,17-040160 6818,2,False,0109,8/1/2017 6:07:00 PM,1807,02X,14,109,Oakland,1,True,True,B,SIDE SWIPE,,Tuesday,,,,,False,False,False,,C,OTHER MOTOR VEHICLE,,1,0,CLEAR,,NO UNUSUAL CONDITIONS - NO UNUSUAL CONDITIONS,,A,DAYLIGHT,,,,,,,A,NO PEDESTRIANS INVOLVED,,A,21453A,,1,ADELINE ST,1,,,A,,,10TH ST,,,A,8/6/2024 9:37:11 AM,2/10/2025 9:03:06 AM,,,2,,,,,,,
3724824,17-040311 6798,2,False,0109,8/2/2017 2:45:00 PM,1445,31X,14,109,Oakland,1,True,True,C,REAR END,,Wednesday,,,M,,False,False,True,,,,,1,0,CLEAR,,NO UNUSUAL CONDITIONS - NO UNUSUAL CONDITIONS,,A,DAYLIGHT,,,,,,,A,NO PEDESTRIANS INVOLVED,,A,22350,,1,AIRPORT ACCESS RD,2,,,A,,,HEGENBERGER RD,,,A,8/6/2024 9:37:11 AM,2/10/2025 9:03:06 AM,,,2,,,,,,,
3724819,17-062799,2,False,0109,12/2/2017 8:40:00 AM,840,19X,14,109,Oakland,1,True,True,B,SIDE SWIPE,,Saturday,,,,,False,False,False,,C,OTHER MOTOR VEHICLE,,0,0,CLEAR,,NO UNUSUAL CONDITIONS - NO UNUSUAL CONDITIONS,,A,DAYLIGHT,,,,,,,A,NO PEDESTRIANS INVOLVED,,A,21460A,,1,16TH AV,1,,,A,S,250.0,EMBARCADERO,F,,D,8/6/2024 9:37:10 AM,2/10/2025 9:03:06 AM,,,2,,,,,,,
3724818,17-059884,2,False,0109,11/15/2017 3:00:00 PM,1500,19X,14,109,Oakland,1,True,True,D,BROADSIDE,,Wednesday,,,,,False,False,False,,C,OTHER MOTOR VEHICLE,,1,0,CLOUDY,,NO UNUSUAL CONDITIONS - NO UNUSUAL CONDITIONS,,C,DARK-STREET LIGHTS,,,,,,,A,NO PEDESTRIANS INVOLVED,,A,21453A,,,E 12TH ST,1,,,A,,,22ND AV,,,A,8/6/2024 9:37:10 AM,2/10/2025 9:03:06 AM,,,2,,,,,,,
3724810,17-044731,2,False,0109,8/26/2017 2:22:00 PM,1422,26Y,14,109,Oakland,1,True,True,D,BROADSIDE,,Saturday,,,,,False,False,False,,C,OTHER MOTOR VEHICLE,,0,0,CLEAR,,NO UNUSUAL CONDITIONS - NO UNUSUAL CONDITIONS,,A,DAYLIGHT,,,,,,,A,NO PEDESTRIANS INVOLVED,,A,21802A,,1,75TH AV,2,,,A,,,RUDSDALE ST,,,A,8/6/2024 9:37:10 AM,2/10/2025 9:03:06 AM,,,2,,,,,,,
3724807,17-055025,2,False,0109,10/20/2017 5:35:00 PM,1735,31X,14,109,Oakland,1,True,True,C,REAR END,,Friday,,,,,False,False,False,,C,OTHER MOTOR VEHICLE,,0,0,CLOUDY,,NO UNUSUAL CONDITIONS - NO UNUSUAL CONDITIONS,,A,DAYLIGHT,,,,,,,A,NO PEDESTRIANS INVOLVED,,A,22350,,1,HEGENBERGER RD,2,,,A,N,150.0,BALDWIN ST,F,,D,8/6/2024 9:37:09 AM,2/10/2025 9:03:06 AM,,,2,,,,,,,
3724806,17-054569,2,False,0109,10/17/2017 5:22:00 PM,1722,05X,14,109,Oakland,1,True,True,D,BROADSIDE,,Tuesday,,,,,False,False,False,,C,OTHER MOTOR VEHICLE,,2,0,CLEAR,,NO UNUSUAL CONDITIONS - NO UNUSUAL CONDITIONS,,A,DAYLIGHT,,,,,,,A,NO PEDESTRIANS INVOLVED,,A,21453A,,1,14TH ST,1,,,A,,,MANDELA PKWY,,,A,8/6/2024 9:37:09 AM,2/10/2025 9:03:05 AM,,,2,,,,,,,
3724802,17-059779,2,False,0109,11/15/2017 9:47:00 AM,947,27Y,14,109,Oakland,1,True,True,C,REAR END,,Wednesday,,,M,,False,False,False,,C,OTHER MOTOR VEHICLE,,2,0,RAINING,,NO UNUSUAL CONDITIONS - NO UNUSUAL CONDITIONS,,A,DAYLIGHT,,,,,,,A,NO PEDESTRIANS INVOLVED,,A,22350,,1,FOOTHILL BL,2,,,B,E,100.0,48TH AV,F,,A,8/6/2024 9:37:09 AM,2/10/2025 9:03:06 AM,,,2,,,,,,,
3724779,17-042200 6779,2,False,0109,8/12/2017 6:45:00 PM,1845,24X,14,109,Oakland,1,True,True,D,BROADSIDE,,Saturday,,,,,False,False,False,,C,OTHER MOTOR VEHICLE,,1,0,CLEAR,,NO UNUSUAL CONDITIONS - NO UNUSUAL CONDITIONS,,A,DAYLIGHT,,,,,,,A,NO PEDESTRIANS INVOLVED,,A,21453A,,1,38TH AV,2,,,A,,,FOOTHILL BL,,,A,8/6/2024 9:37:06 AM,2/10/2025 9:03:05 AM,,,2,,,,,,,
3724778,17-047204,2,False,0109,9/8/2017 10:10:00 AM,1010,31X,14,109,Oakland,1,True,True,D,BROADSIDE,,Friday,,,,,False,False,False,,C,OTHER MOTOR VEHICLE,,1,0,CLEAR,,NO UNUSUAL CONDITIONS - NO UNUSUAL CONDITIONS,,A,DAYLIGHT,,,,,,,A,NO PEDESTRIANS INVOLVED,,A,22107,,1,EDES AV,2,,,A,,,HEGENBERGER RD,,,A,8/6/2024 9:37:06 AM,2/10/2025 9:03:05 AM,,,2,,,,,,,
3724772,17-043910,2,False,0109,8/22/2017 10:50:00 AM,1050,22X,14,109,Oakland,1,True,True,B,SIDE SWIPE,,Tuesday,,,,,False,False,False,,I,FIXED OBJECT,,0,0,CLEAR,,NO UNUSUAL CONDITIONS - NO UNUSUAL CONDITIONS,,A,DAYLIGHT,,,,,,,A,NO PEDESTRIANS INVOLVED,,A,22107,,1,CLEMENS RD,1,,,A,,,WATERHOUSE RD,,,D,8/6/2024 9:37:06 AM,2/10/2025 9:03:05 AM,,,2,,,,,,,
3724769,17-037712,2,False,0109,7/19/2017 11:15:00 AM,1115,04X,14,109,Oakland,1,True,True,E,HIT OBJECT,,Wednesday,,,,,False,False,False,,I,FIXED OBJECT,,0,0,CLEAR,,NO UNUSUAL CONDITIONS - NO UNUSUAL CONDITIONS,,A,DAYLIGHT,,,,,,,A,NO PEDESTRIANS INVOLVED,,A,22107,,1,19TH ST,1,,,A,,,HARRISON ST,,,A,8/6/2024 9:37:05 AM,2/10/2025 9:03:04 AM,,,2,,,,,,,
3724765,17-047480,2,False,0109,9/10/2017 5:58:00 AM,558,10X,14,109,Oakland,1,True,True,A,HEAD-ON,,Sunday,,,,,False,False,False,,E,PARKED MOTOR VEHICLE,,0,0,CLEAR,,NO UNUSUAL CONDITIONS - NO UNUSUAL CONDITIONS,,B,DUSK-DAWN,,,,,,,A,NO PEDESTRIANS INVOLVED,,A,23152A,,1,57TH ST,1,,,A,W,75.0,GASKILL ST,F,,D,8/6/2024 9:37:05 AM,2/10/2025 9:03:04 AM,,,2,,,,,,,
3724762,17-032299,2,False,0109,6/20/2017 8:17:00 PM,2017,35X,14,109,Oakland,1,True,True,C,REAR END,,Tuesday,,,M,,False,False,False,,C,OTHER MOTOR VEHICLE,,0,0,CLEAR,,NO UNUSUAL CONDITIONS - NO UNUSUAL CONDITIONS,,A,DAYLIGHT,,,,,,,A,NO PEDESTRIANS INVOLVED,,A,22350,,1,INTERNATIONAL BL,2,,,A,E,5.0,82ND AV,F,,A,8/6/2024 9:37:05 AM,2/10/2025 9:03:04 AM,,,2,,,,,,,
3724760,17-046931,2,False,0109,9/6/2017 7:45:00 PM,1945,07X,14,109,Oakland,1,True,True,B,SIDE SWIPE,,Wednesday,,,M,,False,False,True,,E,PARKED MOTOR VEHICLE,,0,0,CLEAR,,NO UNUSUAL CONDITIONS - NO UNUSUAL CONDITIONS,,C,DARK-STREET LIGHTS,,,,,,,A,NO PEDESTRIANS INVOLVED,,A,22107,,1,30TH ST,1,,,A,W,30.0,MYRTLE ST,F,,A,8/6/2024 9:37:05 AM,2/10/2025 9:03:04 AM,,,2,,,,,,,
3724752,17-038647,2,False,0109,7/24/2017 10:03:00 AM,1003,08X,14,109,Oakland,1,True,True,B,SIDE SWIPE,,Monday,,,M,,False,False,False,,C,OTHER MOTOR VEHICLE,,0,0,,,NO UNUSUAL CONDITIONS - NO UNUSUAL CONDITIONS,,A,DAYLIGHT,,,,,,,A,NO PEDESTRIANS INVOLVED,,C,,,,23RD ST,1,,,A,E,30.0,NORTHGATE,F,,D,8/6/2024 9:37:04 AM,2/10/2025 9:03:04 AM,,,2,,,,,,,
3721035,17-036117,2,False,0109,7/13/2017 10:00:00 AM,1000,03X,14,109,Oakland,1,True,True,G,VEHICLE/PEDESTRAIN,,Thursday,,,,,False,False,False,,B,PEDESTRIAN,,1,0,CLEAR,,NO UNUSUAL CONDITIONS - NO UNUSUAL CONDITIONS,,A,DAYLIGHT,,,,,,,B,CROSSING IN CROSS WALK AT INTERSECTION,,A,22106,,1,HARRISON ST,1,,,A,,,11TH ST,,,A,8/6/2024 9:31:31 AM,2/10/2025 9:01:32 AM,,,2,,,,,,,
3719705,17-064834,2,False,0109,12/13/2017 8:30:00 PM,2030,17Y,14,109,Oakland,1,True,True,E,HIT OBJECT,,Wednesday,,,M,,False,False,True,,I,FIXED OBJECT,,0,0,CLEAR,,NO UNUSUAL CONDITIONS - NO UNUSUAL CONDITIONS,,C,DARK-STREET LIGHTS,,,,,,,A,NO PEDESTRIANS INVOLVED,,A,22350,,1,E 33RD ST,1,,,A,W,135.0,14TH AV,F,,D,8/6/2024 9:29:36 AM,2/10/2025 9:01:00 AM,,,2,,,,,,,
3739261,17-059962,2,False,0109,11/16/2017 7:45:00 AM,745,32Y,14,109,Oakland,1,True,True,D,BROADSIDE,,Thursday,,,M,,False,False,False,,C,OTHER MOTOR VEHICLE,,1,0,CLEAR,,NO UNUSUAL CONDITIONS - NO UNUSUAL CONDITIONS,,A,DAYLIGHT,,,,,,,A,NO PEDESTRIANS INVOLVED,,A,21802A,,1,BANCROFT AV,2,,,B,,,100TH AV,,,A,8/6/2024 10:03:01 AM,2/10/2025 9:09:46 AM,,,2,,,,,,,
3739251,17-038345,2,False,0109,7/22/2017 4:28:00 PM,1628,06X,14,109,Oakland,1,True,True,B,SIDE SWIPE,,Saturday,,,M,,False,False,False,,E,PARKED MOTOR VEHICLE,,0,0,CLEAR,,NO UNUSUAL CONDITIONS - NO UNUSUAL CONDITIONS,,A,DAYLIGHT,,,,,,,A,NO PEDESTRIANS INVOLVED,,A,22350,,1,32ND ST,1,,,A,E,50.0,SAN PABLO AV,F,,A,8/6/2024 10:03:00 AM,2/10/2025 9:09:45 AM,,,2,,,,,,,
3739250,17-039297,2,False,0109,7/27/2017 8:21:00 PM,2021,33X,14,109,Oakland,1,True,True,D,BROADSIDE,,Thursday,,,,,False,False,True,,C,OTHER MOTOR VEHICLE,,2,0,CLEAR,,NO UNUSUAL CONDITIONS - NO UNUSUAL CONDITIONS,,A,DAYLIGHT,,,,,,,E,IN ROAD - INCLUDES SHOULDER,,A,21802A,,1,D ST,2,,,A,,,ELMHURST AV,,,A,8/6/2024 10:03:00 AM,2/10/2025 9:09:45 AM,,,2,,,,,,,
3737320,17-044853,2,False,0109,8/27/2017 8:21:00 AM,821,28X,14,109,Oakland,1,True,True,E,HIT OBJECT,,Sunday,,,,,False,False,True,,I,FIXED OBJECT,,0,0,CLEAR,,NO UNUSUAL CONDITIONS - NO UNUSUAL CONDITIONS,,A,DAYLIGHT,,,,,,,A,NO PEDESTRIANS INVOLVED,,A,22350,,1,SEMINARY AV,2,,,A,S,250.0,OUTLOOK AV,F,,A,8/6/2024 9:59:24 AM,2/10/2025 9:08:51 AM,,,2,,,,,,,
3737316,17-044815,2,False,0109,8/27/2017 1:19:00 AM,119,35X,14,109,Oakland,1,True,True,B,SIDE SWIPE,,Sunday,,,M,,False,False,False,,C,OTHER MOTOR VEHICLE,,0,0,CLEAR,,NO UNUSUAL CONDITIONS - NO UNUSUAL CONDITIONS,,C,DARK-STREET LIGHTS,,,,,,,A,NO PEDESTRIANS INVOLVED,,A,22350,,1,98TH AV,2,,,A,,,MACARTHUR BL,,,A,8/6/2024 9:59:23 AM,2/10/2025 9:08:51 AM,,,2,,,,,,,
3737312,17-037373,2,False,0109,7/17/2017 5:15:00 PM,1715,12X,14,109,Oakland,1,True,True,D,BROADSIDE,,Monday,,,,,False,False,False,,C,OTHER MOTOR VEHICLE,,0,0,CLEAR,,NO UNUSUAL CONDITIONS - NO UNUSUAL CONDITIONS,,A,DAYLIGHT,,,,,,,A,NO PEDESTRIANS INVOLVED,,A,21801A,,1,TELEGRAPH AV,1,,,A,,,42ND ST,,,A,8/6/2024 9:59:23 AM,2/10/2025 9:08:51 AM,,,2,,,,,,,
3737309,17-037534,2,False,0109,7/18/2017 2:17:00 PM,1417,26X,14,109,Oakland,1,True,True,B,SIDE SWIPE,,Tuesday,,,,,False,False,True,,C,OTHER MOTOR VEHICLE,,0,0,CLEAR,,NO UNUSUAL CONDITIONS - NO UNUSUAL CONDITIONS,,A,DAYLIGHT,,,,,,,A,NO PEDESTRIANS INVOLVED,,A,22107,,1,HEGENBERGER RD,2,,,A,,,HAMILTON ST,,,A,8/6/2024 9:59:22 AM,2/10/2025 9:08:51 AM,,,2,,,,,,,
3737304,17-031459,2,False,0109,6/16/2017 10:17:00 AM,1017,24X,14,109,Oakland,1,True,True,B,SIDE SWIPE,,Friday,,,M,,False,False,False,,E,PARKED MOTOR VEHICLE,,0,0,CLEAR,,NO UNUSUAL CONDITIONS - NO UNUSUAL CONDITIONS,,A,DAYLIGHT,,,,,,,A,NO PEDESTRIANS INVOLVED,,A,22106,,1,LYNDE ST,2,,,A,W,138.0,BARTLETT AV,F,,D,8/6/2024 9:59:22 AM,2/10/2025 9:08:50 AM,,,2,,,,,,,
3737303,17-044908 7147,2,False,0109,8/27/2017 3:32:00 PM,1532,03X,14,109,Oakland,1,True,True,H,OTHER,,Sunday,,,,,False,False,False,,G,BICYCLE,,1,0,CLEAR,,NO UNUSUAL CONDITIONS - NO UNUSUAL CONDITIONS,,A,DAYLIGHT,,,,,,,A,NO PEDESTRIANS INVOLVED,,A,21208B,,1,JACKSON ST,1,,,A,S,20.0,10TH ST,F,,D,8/6/2024 9:59:22 AM,2/10/2025 9:08:50 AM,,,2,,,,,,,
3737299,17-044406 7155,2,False,0109,8/24/2017 3:20:00 PM,1520,05X,14,109,Oakland,1,True,True,D,BROADSIDE,,Thursday,,,,,False,False,True,,C,OTHER MOTOR VEHICLE,,1,0,CLEAR,,NO UNUSUAL CONDITIONS - NO UNUSUAL CONDITIONS,,A,DAYLIGHT,,,,,,,A,NO PEDESTRIANS INVOLVED,,A,21801A,,1,W GRAND AV,1,,,A,,,CAMPBELL ST,,,D,8/6/2024 9:59:21 AM,2/10/2025 9:08:50 AM,,,2,,,,,,,
3737297,17-034445 7131,2,False,0109,7/2/2017 7:22:00 AM,722,19X,14,109,Oakland,1,True,True,C,REAR END,,Sunday,,,M,,False,False,False,,C,OTHER MOTOR VEHICLE,,3,0,CLOUDY,,NO UNUSUAL CONDITIONS - NO UNUSUAL CONDITIONS,,B,DUSK-DAWN,,,,,,,A,NO PEDESTRIANS INVOLVED,,A,22350,,1,23RD AV,1,,,A,S,30.0,E 7TH ST,F,,D,8/6/2024 9:59:21 AM,2/10/2025 9:08:50 AM,,,2,,,,,,,
3737291,17-038033 7143,2,False,0109,7/20/2017 8:43:00 PM,2043,09X,14,109,Oakland,1,True,True,C,REAR END,,Thursday,,,,,False,False,False,,C,OTHER MOTOR VEHICLE,,0,0,CLEAR,,NO UNUSUAL CONDITIONS - NO UNUSUAL CONDITIONS,,A,DAYLIGHT,,,,,,,A,NO PEDESTRIANS INVOLVED,,C,,,,PIEDMONT AV,1,,,A,S,5.0,PLEASANT VALLEY AV,F,,A,8/6/2024 9:59:20 AM,2/10/2025 9:08:50 AM,,,2,,,,,,,
3737290,17-038476 7144,2,False,0109,7/23/2017 1:38:00 PM,1338,10Y,14,109,Oakland,1,True,True,D,BROADSIDE,,Sunday,,,,,False,False,True,,C,OTHER MOTOR VEHICLE,,2,0,CLEAR,,NO UNUSUAL CONDITIONS - NO UNUSUAL CONDITIONS,,A,DAYLIGHT,,,,,,,A,NO PEDESTRIANS INVOLVED,,A,21802A,,1,MARTIN LUTHER KING JR WY,1,,,A,,,58TH ST,,,D,8/6/2024 9:59:20 AM,2/10/2025 9:08:50 AM,,,2,,,,,,,
3737263,17-050047,2,False,0109,9/23/2017 7:45:00 PM,1945,32X,14,109,Oakland,1,True,True,D,BROADSIDE,,Saturday,,,M,,False,False,False,,C,OTHER MOTOR VEHICLE,,0,0,CLEAR,,NO UNUSUAL CONDITIONS - NO UNUSUAL CONDITIONS,,C,DARK-STREET LIGHTS,,,,,,,A,NO PEDESTRIANS INVOLVED,,A,23152A,,1,105TH AV,2,,,A,,,E ST,,,A,8/6/2024 9:59:18 AM,2/10/2025 9:08:49 AM,,,2,,,,,,,
3737057,17-061130,2,False,0109,11/22/2017 11:43:00 PM,2343,20X,14,109,Oakland,1,True,True,B,SIDE SWIPE,,Wednesday,,,,,False,False,False,,C,OTHER MOTOR VEHICLE,,0,0,CLEAR,,NO UNUSUAL CONDITIONS - NO UNUSUAL CONDITIONS,,C,DARK-STREET LIGHTS,,,,,,,A,NO PEDESTRIANS INVOLVED,,A,23152A,,1,FRUITVALE AV,1,,,A,N,25.0,E 19TH ST,F,,D,8/6/2024 9:58:55 AM,2/10/2025 9:08:43 AM,,,2,,,,,,,
3737053,17-061141,2,False,0109,11/23/2017 1:22:00 AM,122,24X,14,109,Oakland,1,True,True,E,HIT OBJECT,,Thursday,,,,,False,False,True,,I,FIXED OBJECT,,0,0,CLEAR,,NO UNUSUAL CONDITIONS - NO UNUSUAL CONDITIONS,,C,DARK-STREET LIGHTS,,,,,,,A,NO PEDESTRIANS INVOLVED,,A,23152A,,1,FOOTHILL BL,2,,,A,W,146.0,35TH AV,F,,D,8/6/2024 9:58:54 AM,2/10/2025 9:08:43 AM,,,2,,,,,,,
3736947,17-057970,2,False,0109,11/4/2017 3:10:00 PM,1510,32X,14,109,Oakland,1,True,True,C,REAR END,,Saturday,,,,,False,False,False,,C,OTHER MOTOR VEHICLE,,1,0,CLEAR,,NO UNUSUAL CONDITIONS - NO UNUSUAL CONDITIONS,,A,DAYLIGHT,,,,,,,A,NO PEDESTRIANS INVOLVED,,A,22350,,1,98TH AV,2,,,A,N,5.0,INTERNATIONAL BL,F,,A,8/6/2024 9:58:42 AM,2/10/2025 9:08:40 AM,,,2,,,,,,,
3736872,17-062741,2,False,0109,12/2/2017 12:58:00 AM,58,27X,14,109,Oakland,1,True,True,A,HEAD-ON,,Saturday,,,,,False,False,False,,E,PARKED MOTOR VEHICLE,,1,0,CLEAR,,NO UNUSUAL CONDITIONS - NO UNUSUAL CONDITIONS,,C,DARK-STREET LIGHTS,,,,,,,A,NO PEDESTRIANS INVOLVED,,A,23152B,,1,BANCROFT AV,2,,,A,W,18.0,51ST AV,F,,D,8/6/2024 9:58:33 AM,2/10/2025 9:08:38 AM,,,2,,,,,,,
3736868,17-066500,2,False,0109,12/22/2017 10:35:00 AM,1035,05X,14,109,Oakland,1,True,True,D,BROADSIDE,,Friday,,,,,False,False,True,,C,OTHER MOTOR VEHICLE,,2,0,CLEAR,,NO UNUSUAL CONDITIONS - NO UNUSUAL CONDITIONS,,A,DAYLIGHT,,,,,,,A,NO PEDESTRIANS INVOLVED,,A,21453A,,,17TH ST,1,,,A,,,BRUSH ST,,,A,8/6/2024 9:58:32 AM,2/10/2025 9:08:38 AM,,,2,,,,,,,
3736194,17-044999,2,False,0109,8/28/2017 7:14:00 AM,714,02X,14,109,Oakland,1,True,True,D,BROADSIDE,,Monday,,,M,,False,False,True,,C,OTHER MOTOR VEHICLE,,0,0,CLOUDY,,NO UNUSUAL CONDITIONS - NO UNUSUAL CONDITIONS,,A,DAYLIGHT,,,,,,,A,NO PEDESTRIANS INVOLVED,,A,22350,,1,PARITIME ST,1,,,A,E,600.0,UNICOLD CORP,F,,D,8/6/2024 9:57:11 AM,2/10/2025 9:08:19 AM,,,2,,,,,,,