collision-id,report-number,report-version,is-preliminary,ncic-code,crash-date-time,crash-time-description,beat,city-id,city-code,city-name,county-code,city-is-active,city-is-incorporated,collision-type-code,collision-type-description,collision-type-other-desc,day-of-week,dispatch-notified,has-photographs,hit-run,is-attachments-mailed,is-deleted,is-highway-related,is-tow-away,judicial-district,motor-vehicle-involved-with-code,motor-vehicle-involved-with-desc,motor-vehicle-involved-with-other-desc,number-injured,number-killed,weather-1,weather-2,road-condition-1,road-condition-2,special-condition-lighting-code,lighting-description,latitude,longitude,milepost-direction,milepost-distance,milepost-marker,milepost-unit-of-measure,pedestrian-action-code,pedestrian-action-desc,prepared-date,primary-collision-factor-code,primary-collision-factor-violation,primary-collision-factor-is-cited,primary-collision-party-number,primary-road,reporting-district,reporting-district-code,reviewed-date,roadway-surface-code,secondary-direction,secondary-distance,secondary-road,secondary-unit-of-measure,sketch-desc,traffic-control-device-code,created-date,modified-date,is-county-road,is-freeway,chp-555-version,is-additonal-object-struck,notification-date,notification-time-description,has-digital-media-files,evidence-number,is-location-refer-to-narrative,is-aoi-one-same-as-location
3748354,17-058016,2,False,0109,11/4/2017 7:51:00 PM,1951,23X,14,109,Oakland,1,True,True,G,VEHICLE/PEDESTRAIN,,Saturday,,,,,False,False,False,,B,PEDESTRIAN,,1,0,CLEAR,,NO UNUSUAL CONDITIONS - NO UNUSUAL CONDITIONS,,C,DARK-STREET LIGHTS,,,,,,,B,CROSSING IN CROSS WALK AT INTERSECTION,,A,21950A,,1,40TH AV,2,,,A,S,5.0,INTERNATIONAL BL,F,,A,8/6/2024 10:21:50 AM,2/10/2025 9:14:19 AM,,,2,,,,,,,
3748333,17-064946,2,False,0109,12/14/2017 10:00:00 AM,1000,24,14,109,Oakland,1,True,True,D,BROADSIDE,,Thursday,,,,,False,False,False,,C,OTHER MOTOR VEHICLE,,1,0,CLEAR,,NO UNUSUAL CONDITIONS - NO UNUSUAL CONDITIONS,,A,DAYLIGHT,,,,,,,A,NO PEDESTRIANS INVOLVED,,A,21801A,,1,35TH AV,2,,,A,N,25.0,BROOKDALE AV,F,,A,8/6/2024 10:21:47 AM,2/10/2025 9:14:18 AM,,,2,,,,,,,
3748323,17-064797,2,False,0109,12/13/2017 5:05:00 PM,1705,30X,14,109,Oakland,1,True,True,B,SIDE SWIPE,,Wednesday,,,M,,False,False,False,,C,OTHER MOTOR VEHICLE,,0,0,CLEAR,,NO UNUSUAL CONDITIONS - NO UNUSUAL CONDITIONS,,C,DARK-STREET LIGHTS,,,,,,,A,NO PEDESTRIANS INVOLVED,,A,22107,,1,BANCROFT AV,2,,,A,E,25.0,HAVENSCOURT BL,F,,A,8/6/2024 10:21:46 AM,2/10/2025 9:14:18 AM,,,2,,,,,,,
3748156,17-035305,2,False,0109,7/6/2017 6:04:00 PM,1804,02X,14,109,Oakland,1,True,True,B,SIDE SWIPE,,Thursday,,,,,False,False,False,,C,OTHER MOTOR VEHICLE,,0,0,CLEAR,,NO UNUSUAL CONDITIONS - NO UNUSUAL CONDITIONS,,A,DAYLIGHT,,,,,,,A,NO PEDESTRIANS INVOLVED,,A,22107,,1,3RD ST,1,,,A,,,CASTRO ST,,,D,8/6/2024 10:21:24 AM,2/10/2025 9:14:13 AM,,,2,,,,,,,
3748153,17-035254,2,False,0109,7/6/2017 12:21:00 PM,1221,03X,14,109,Oakland,1,True,True,D,BROADSIDE,,Thursday,,,,,False,False,False,,C,OTHER MOTOR VEHICLE,,1,0,CLEAR,,NO UNUSUAL CONDITIONS - NO UNUSUAL CONDITIONS,,A,DAYLIGHT,,,,,,,A,NO PEDESTRIANS INVOLVED,,A,21800A,,1,MIDDLE HARBOR RD,1,,,A,W,600.0,FERRO ST,F,,D,8/6/2024 10:21:24 AM,2/10/2025 9:14:13 AM,,,2,,,,,,,
3748151,17-060026,2,False,0109,11/16/2017 1:40:00 PM,1340,20X,14,109,Oakland,1,True,True,B,SIDE SWIPE,,Thursday,,,,,False,False,False,,C,OTHER MOTOR VEHICLE,,2,0,RAINING,,NO UNUSUAL CONDITIONS - NO UNUSUAL CONDITIONS,,A,DAYLIGHT,,,,,,,A,NO PEDESTRIANS INVOLVED,,A,22350,,1,FRUITVALE AV,1,,,B,N,340.0,ALAMEDA AV,F,,D,8/6/2024 10:21:23 AM,2/10/2025 9:14:13 AM,,,2,,,,,,,
3748148,17-045060,2,False,0109,8/28/2017 12:00:00 PM,1200,27,14,109,Oakland,1,True,True,D,BROADSIDE,,Monday,,,M,,False,False,False,,C,OTHER MOTOR VEHICLE,,1,0,CLEAR,,NO UNUSUAL CONDITIONS - NO UNUSUAL CONDITIONS,,A,DAYLIGHT,,,,,,,A,NO PEDESTRIANS INVOLVED,,A,22450A,,1,E 12TH ST,2,,,A,,,50TH AV,,,A,8/6/2024 10:21:23 AM,2/10/2025 9:14:13 AM,,,2,,,,,,,
3748145,17-035661,2,False,0109,7/8/2017 7:51:00 PM,1951,03X,14,109,Oakland,1,True,True,B,SIDE SWIPE,,Saturday,,,M,,False,False,True,,E,PARKED MOTOR VEHICLE,,0,0,CLEAR,,NO UNUSUAL CONDITIONS - NO UNUSUAL CONDITIONS,,B,DUSK-DAWN,,,,,,,A,NO PEDESTRIANS INVOLVED,,A,22107,,1,WASHINGTON ST,1,,,A,,,8TH,,,D,8/6/2024 10:21:22 AM,2/10/2025 9:14:13 AM,,,2,,,,,,,
3748141,17-035219,2,False,0109,7/6/2017 10:43:00 AM,1043,03,14,109,Oakland,1,True,True,B,SIDE SWIPE,,Thursday,,,M,,False,False,False,,B,PEDESTRIAN,,1,0,CLEAR,,NO UNUSUAL CONDITIONS - NO UNUSUAL CONDITIONS,,A,DAYLIGHT,,,,,,,B,CROSSING IN CROSS WALK AT INTERSECTION,,A,21950A,,1,FRANKLIN ST,1,,,A,,,13TH ST,,,A,8/6/2024 10:21:22 AM,2/10/2025 9:14:13 AM,,,2,,,,,,,
3748136,17-041915,2,False,0109,8/11/2017 3:51:00 AM,351,27Y,14,109,Oakland,1,True,True,H,OTHER,,Friday,,,M,,False,False,False,,E,PARKED MOTOR VEHICLE,,0,0,CLOUDY,,NO UNUSUAL CONDITIONS - NO UNUSUAL CONDITIONS,,C,DARK-STREET LIGHTS,,,,,,,A,NO PEDESTRIANS INVOLVED,,A,22106,,1,64TH AV,2,,,A,S,40.0,BROMLEY AV,F,,D,8/6/2024 10:21:21 AM,2/10/2025 9:14:12 AM,,,2,,,,,,,
3748132,17-039610,2,False,0109,7/29/2017 5:31:00 PM,1731,30X,14,109,Oakland,1,True,True,D,BROADSIDE,,Saturday,,,M,,False,False,False,,C,OTHER MOTOR VEHICLE,,2,0,CLEAR,,NO UNUSUAL CONDITIONS - NO UNUSUAL CONDITIONS,,A,DAYLIGHT,,,,,,,A,NO PEDESTRIANS INVOLVED,,A,21453A,,1,INTERNATIONAL BL,2,,,A,,,94TH AV,,,A,8/6/2024 10:21:21 AM,2/10/2025 9:14:12 AM,,,2,,,,,,,
3748129,17-057752,2,False,0109,11/3/2017 10:23:00 AM,1023,04X,14,109,Oakland,1,True,True,C,REAR END,,Friday,,,M,,False,False,False,,C,OTHER MOTOR VEHICLE,,1,0,CLEAR,,NO UNUSUAL CONDITIONS - NO UNUSUAL CONDITIONS,,A,DAYLIGHT,,,,,,,A,NO PEDESTRIANS INVOLVED,,A,22350,,1,14TH ST,1,,,A,E,35.0,BROADWAY,F,,A,8/6/2024 10:21:20 AM,2/10/2025 9:14:12 AM,,,2,,,,,,,
3748107,17-043570,2,False,0109,8/20/2017 1:46:00 PM,1346,32X,14,109,Oakland,1,True,True,C,REAR END,,Sunday,,,,,False,False,False,,C,OTHER MOTOR VEHICLE,,2,0,CLEAR,,NO UNUSUAL CONDITIONS - NO UNUSUAL CONDITIONS,,A,DAYLIGHT,,,,,,,A,NO PEDESTRIANS INVOLVED,,A,22350,,1,98TH AV,2,,,A,N,5.0,A ST,F,,D,8/6/2024 10:21:18 AM,2/10/2025 9:14:12 AM,,,2,,,,,,,
3748104,17-041355,2,False,0109,8/8/2017 9:05:00 AM,905,27Y,14,109,Oakland,1,True,True,B,SIDE SWIPE,,Tuesday,,,,,False,False,False,,,,,0,0,CLOUDY,,NO UNUSUAL CONDITIONS - NO UNUSUAL CONDITIONS,,A,DAYLIGHT,,,,,,,A,NO PEDESTRIANS INVOLVED,,A,22107,,,SEMINARY AV,2,,,A,,,BROMLEY,,,D,8/6/2024 10:21:17 AM,2/10/2025 9:14:11 AM,,,2,,,,,,,
3748102,17-040856,2,False,0109,8/5/2017 1:11:00 PM,1311,30X,14,109,Oakland,1,True,True,C,REAR END,,Saturday,,,,,False,False,False,,J,OTHER OBJECT,,1,0,CLEAR,,NO UNUSUAL CONDITIONS - NO UNUSUAL CONDITIONS,,A,DAYLIGHT,,,,,,,A,NO PEDESTRIANS INVOLVED,,A,21703,,1,73RD AV,2,,,A,,,INTERNATIONAL BL,,,A,8/6/2024 10:21:17 AM,2/10/2025 9:14:12 AM,,,2,,,,,,,
3748099,17-035647,2,False,0109,7/8/2017 6:42:00 PM,1842,27X,14,109,Oakland,1,True,True,B,SIDE SWIPE,,Saturday,,,,,False,False,False,,C,OTHER MOTOR VEHICLE,,0,0,CLEAR,,NO UNUSUAL CONDITIONS - NO UNUSUAL CONDITIONS,,A,DAYLIGHT,,,,,,,A,NO PEDESTRIANS INVOLVED,,A,21750,,1,INTERNATIONAL BL,2,,,A,,,SEMINARY AV,,,A,8/6/2024 10:21:16 AM,2/10/2025 9:14:11 AM,,,2,,,,,,,
3748091,17-053901,2,False,0109,10/14/2017 12:14:00 PM,1214,04X,14,109,Oakland,1,True,True,G,VEHICLE/PEDESTRAIN,,Saturday,,,,,False,False,False,,B,PEDESTRIAN,,1,0,CLEAR,,NO UNUSUAL CONDITIONS - NO UNUSUAL CONDITIONS,,A,DAYLIGHT,,,,,,,B,CROSSING IN CROSS WALK AT INTERSECTION,,A,21950A,,1,17TH ST,1,,,A,,,WEBSTER ST,,,A,8/6/2024 10:21:15 AM,2/10/2025 9:14:11 AM,,,2,,,,,,,
3748076,17-056428,2,False,0109,10/27/2017 8:56:00 AM,856,18X,14,109,Oakland,1,True,True,G,VEHICLE/PEDESTRAIN,,Friday,,,,,False,False,False,,B,PEDESTRIAN,,1,0,CLEAR,,NO UNUSUAL CONDITIONS - NO UNUSUAL CONDITIONS,,A,DAYLIGHT,,,,,,,B,CROSSING IN CROSS WALK AT INTERSECTION,,A,21950A,,1,14TH AV,1,,,A,W,12.0,24TH ST,F,,A,8/6/2024 10:21:13 AM,2/10/2025 9:14:11 AM,,,2,,,,,,,
3748016,17-059294,2,False,0109,11/12/2017 1:47:00 PM,1347,10X,14,109,Oakland,1,True,True,G,VEHICLE/PEDESTRAIN,,Sunday,,,,,False,False,False,,B,PEDESTRIAN,,1,0,CLEAR,,NO UNUSUAL CONDITIONS - NO UNUSUAL CONDITIONS,,A,DAYLIGHT,,,,,,,B,CROSSING IN CROSS WALK AT INTERSECTION,,A,21950A,,1,SAN PABLO AV,1,,,A,,,ALCATRAZ,,,A,8/6/2024 10:21:04 AM,2/10/2025 9:14:09 AM,,,2,,,,,,,
3748012,17-060528,2,False,0109,11/19/2017 5:59:00 PM,1759,27X,14,109,Oakland,1,True,True,G,VEHICLE/PEDESTRAIN,,Sunday,,,M,,False,False,False,,B,PEDESTRIAN,,1,0,CLEAR,,NO UNUSUAL CONDITIONS - NO UNUSUAL CONDITIONS,,C,DARK-STREET LIGHTS,,,,,,,B,CROSSING IN CROSS WALK AT INTERSECTION,,A,21950A,,1,45TH AV,1,,,A,,,BOND ST,,,A,8/6/2024 10:21:03 AM,2/10/2025 9:14:09 AM,,,2,,,,,,,
3747551,17-035672,2,False,0109,7/8/2017 10:01:00 PM,2201,27,14,109,Oakland,1,True,True,D,BROADSIDE,,Saturday,,,,,False,False,False,,C,OTHER MOTOR VEHICLE,,1,0,CLEAR,,NO UNUSUAL CONDITIONS - NO UNUSUAL CONDITIONS,,C,DARK-STREET LIGHTS,,,,,,,A,NO PEDESTRIANS INVOLVED,,A,21453A,,1,47TH AV,2,,,A,,,BOND ST,,,A,8/6/2024 10:20:04 AM,2/10/2025 9:13:54 AM,,,2,,,,,,,
3747548,17-051867,2,False,0109,10/3/2017 11:00:00 PM,2300,23X,14,109,Oakland,1,True,True,A,HEAD-ON,,Tuesday,,,M,,False,False,False,,C,OTHER MOTOR VEHICLE,,0,0,CLEAR,,NO UNUSUAL CONDITIONS - NO UNUSUAL CONDITIONS,,C,DARK-STREET LIGHTS,,,,,,,A,NO PEDESTRIANS INVOLVED,,A,21460A,,1,ALAMEDA AV,2,,,A,E,450.0,FRUITVALE AV,F,,D,8/6/2024 10:20:04 AM,2/10/2025 9:13:54 AM,,,2,,,,,,,
3747519,17-063324,2,False,0109,12/5/2017 10:45:00 AM,1045,08X,14,109,Oakland,1,True,True,D,BROADSIDE,,Tuesday,,,,,False,False,False,,C,OTHER MOTOR VEHICLE,,1,0,CLEAR,,NO UNUSUAL CONDITIONS - NO UNUSUAL CONDITIONS,,A,DAYLIGHT,,,,,,,,,,A,21801A,,1,40TH ST,1,,,A,,,SHAFTER AV,,,A,8/6/2024 10:20:00 AM,2/10/2025 9:13:53 AM,,,2,,,,,,,
3747511,17-065230,2,False,0109,12/15/2017 8:10:00 PM,2010,08X,14,109,Oakland,1,True,True,G,VEHICLE/PEDESTRAIN,,Friday,,,M,,False,False,False,,B,PEDESTRIAN,,1,0,CLEAR,,NO UNUSUAL CONDITIONS - NO UNUSUAL CONDITIONS,,A,DAYLIGHT,,,,,,,,,,A,21950A,,1,TELEGRAPH AV,1,,,A,,,MACARTHUR BL,,,A,8/6/2024 10:19:59 AM,2/10/2025 9:13:53 AM,,,2,,,,,,,
3747507,17-065046,2,False,0109,12/14/2017 6:33:00 PM,1833,04X,14,109,Oakland,1,True,True,D,BROADSIDE,,Thursday,,,,,False,False,True,,C,OTHER MOTOR VEHICLE,,1,0,RAINING,,NO UNUSUAL CONDITIONS - NO UNUSUAL CONDITIONS,,A,DAYLIGHT,,,,,,,,,,A,21801A,,1,W GRAND AV,2,,,A,,,MARTIN LUTHER KING JR WY,,,A,8/6/2024 10:19:58 AM,2/10/2025 9:13:53 AM,,,2,,,,,,,
3747504,17-066318,2,False,0109,12/21/2017 12:32:00 PM,1232,34X,14,109,Oakland,1,True,True,G,VEHICLE/PEDESTRAIN,,Thursday,,,,,False,False,False,,B,PEDESTRIAN,,1,0,CLEAR,,NO UNUSUAL CONDITIONS - NO UNUSUAL CONDITIONS,,A,DAYLIGHT,,,,,,,,,,A,22107,,1,BANCROFT AV,2,,,A,W,130.0,84TH AV,F,,D,8/6/2024 10:19:58 AM,2/10/2025 9:13:53 AM,,,2,,,,,,,
3747478,17-062652,2,False,0109,12/1/2017 3:28:00 PM,1528,08X,14,109,Oakland,1,True,True,B,SIDE SWIPE,,Friday,,,M,,False,False,False,,C,OTHER MOTOR VEHICLE,,0,0,CLEAR,,NO UNUSUAL CONDITIONS - NO UNUSUAL CONDITIONS,,A,DAYLIGHT,,,,,,,A,NO PEDESTRIANS INVOLVED,,A,21801A,,1,BROADWAY,1,,,A,,,27TH ST,,,A,8/6/2024 10:19:55 AM,2/10/2025 9:13:52 AM,,,2,,,,,,,
3747476,17-058412,2,False,0109,11/7/2017 8:22:00 AM,822,23X,14,109,Oakland,1,True,True,D,BROADSIDE,,Tuesday,,,,,False,False,False,,C,OTHER MOTOR VEHICLE,,0,0,CLEAR,,NO UNUSUAL CONDITIONS - NO UNUSUAL CONDITIONS,,A,DAYLIGHT,,,,,,,A,NO PEDESTRIANS INVOLVED,,A,21453A,,1,42ND AV,2,,,A,,,BOND ST,,,A,8/6/2024 10:19:55 AM,2/10/2025 9:13:52 AM,,,2,,,,,,,
3747473,17-059956,2,False,0109,11/16/2017 7:30:00 AM,730,25Y,14,109,Oakland,1,True,True,E,HIT OBJECT,,Thursday,,,,,False,False,True,,I,FIXED OBJECT,,0,0,RAINING,,FLOODED* - FLOODED*,LOOSE MATERIAL ON ROADWAY* - LOOSE MATERIAL ON ROADWAY*,A,DAYLIGHT,,,,,,,A,NO PEDESTRIANS INVOLVED,,A,22350,,1,SKYLINE BL,2,,,B,S,0.5,PARKRIDGE DR,M,,D,8/6/2024 10:19:54 AM,2/10/2025 9:13:52 AM,,,2,,,,,,,
3747472,17-063517,2,False,0109,12/6/2017 8:30:00 AM,830,16X,14,109,Oakland,1,True,True,D,BROADSIDE,,Wednesday,,,,,False,False,False,,C,OTHER MOTOR VEHICLE,,0,0,CLEAR,,CONSTRUCTION-REPAIR ZONE - CONSTRUCTION-REPAIR ZONE,,A,DAYLIGHT,,,,,,,A,NO PEDESTRIANS INVOLVED,,A,21453A,,,E 18TH ST,1,,,A,,,4TH AV,,,A,8/6/2024 10:19:54 AM,2/10/2025 9:13:52 AM,,,2,,,,,,,
3747467,17-060201,2,False,0109,11/17/2017 2:18:00 PM,1418,02X,14,109,Oakland,1,True,True,B,SIDE SWIPE,,Friday,,,,,False,False,False,,E,PARKED MOTOR VEHICLE,,0,0,CLEAR,,NO UNUSUAL CONDITIONS - NO UNUSUAL CONDITIONS,,A,DAYLIGHT,,,,,,,A,NO PEDESTRIANS INVOLVED,,A,22107,,1,7TH ST,1,,,A,E,40.0,ADELINE ST,F,,A,8/6/2024 10:19:54 AM,2/10/2025 9:13:52 AM,,,2,,,,,,,
3747465,17-057795,2,False,0109,11/3/2017 2:45:00 PM,1445,31Y,14,109,Oakland,1,True,True,A,HEAD-ON,,Friday,,,M,,False,False,False,,I,FIXED OBJECT,,0,0,CLOUDY,,NO UNUSUAL CONDITIONS - NO UNUSUAL CONDITIONS,,A,DAYLIGHT,,,,,,,A,NO PEDESTRIANS INVOLVED,,A,22107,,1,SAN LEANDRO ST,2,,,A,E,450.0,85TH AV,F,,D,8/6/2024 10:19:53 AM,2/10/2025 9:13:52 AM,,,2,,,,,,,
3747460,17-058665,2,False,0109,11/8/2017 4:13:00 PM,1613,23X,14,109,Oakland,1,True,True,A,HEAD-ON,,Wednesday,,,,,False,False,False,,I,FIXED OBJECT,,0,0,CLOUDY,,NO UNUSUAL CONDITIONS - NO UNUSUAL CONDITIONS,,B,DUSK-DAWN,,,,,,,A,NO PEDESTRIANS INVOLVED,,A,22350,,1,42ND,2,,,A,W,5.0,E 12TH ST,F,,A,8/6/2024 10:19:53 AM,2/10/2025 9:13:52 AM,,,2,,,,,,,
3747459,17-067305,2,False,0109,12/27/2017 6:38:00 PM,1838,27S,14,109,Oakland,1,True,True,D,BROADSIDE,,Wednesday,,,,,False,False,False,,G,BICYCLE,,1,0,CLEAR,,NO UNUSUAL CONDITIONS - NO UNUSUAL CONDITIONS,,A,DAYLIGHT,,,,,,,,,,A,22450,,1,BANCROFT AV,2,,,A,,,COLE ST,,,A,8/6/2024 10:19:53 AM,2/10/2025 9:13:52 AM,,,2,,,,,,,
3747458,17-062462,2,False,0109,11/30/2017 4:22:00 PM,1622,06X,14,109,Oakland,1,True,True,E,HIT OBJECT,,Thursday,,,,,False,False,False,,I,FIXED OBJECT,,0,0,CLEAR,,NO UNUSUAL CONDITIONS - NO UNUSUAL CONDITIONS,,A,DAYLIGHT,,,,,,,A,NO PEDESTRIANS INVOLVED,,A,22107,,1,MARKET ST,1,,,A,N,55.0,BROCKHURST ST,F,,A,8/6/2024 10:19:52 AM,2/10/2025 9:13:52 AM,,,2,,,,,,,
3747452,17-065190,2,False,0109,12/15/2017 3:23:00 PM,1523,12X,14,109,Oakland,1,True,True,A,HEAD-ON,,Friday,,,,,False,False,False,,C,OTHER MOTOR VEHICLE,,0,0,CLEAR,,NO UNUSUAL CONDITIONS - NO UNUSUAL CONDITIONS,,A,DAYLIGHT,,,,,,,A,NO PEDESTRIANS INVOLVED,,A,21752,,1,TELEGRAPH AV,2,,,A,E,6.0,41ST ST,F,,A,8/6/2024 10:19:52 AM,2/10/2025 9:13:51 AM,,,2,,,,,,,
3747448,17-064503,2,False,0109,12/11/2017 10:58:00 PM,2258,22X,14,109,Oakland,1,True,True,A,HEAD-ON,,Monday,,,,,False,False,False,,C,OTHER MOTOR VEHICLE,,0,0,CLEAR,,NO UNUSUAL CONDITIONS - NO UNUSUAL CONDITIONS,,C,DARK-STREET LIGHTS,,,,,,,A,NO PEDESTRIANS INVOLVED,,A,23152A,,1,LINCOLN AV,1,,,A,,,POTOMAC ST,,,A,8/6/2024 10:19:51 AM,2/10/2025 9:13:51 AM,,,2,,,,,,,
3747392,17062453,2,False,0109,11/30/2017 3:16:00 PM,1516,06X,14,109,Oakland,1,True,True,G,VEHICLE/PEDESTRAIN,,Thursday,,,,,False,False,False,,B,PEDESTRIAN,,1,0,CLEAR,,NO UNUSUAL CONDITIONS - NO UNUSUAL CONDITIONS,,A,DAYLIGHT,,,,,,,D,CROSSING - NOT IN CROSSWALK,,A,21950B,,1,MARTIN LUTHER KING JR WY,1,,,A,S,20.0,30TH ST,F,,A,8/6/2024 10:19:45 AM,2/10/2025 9:13:50 AM,,,2,,,,,,,
3747391,17-048998,2,False,0109,9/18/2017 2:37:00 PM,1437,04X,14,109,Oakland,1,True,True,D,BROADSIDE,,Monday,,,,,False,False,False,,G,BICYCLE,,1,0,CLEAR,,NO UNUSUAL CONDITIONS - NO UNUSUAL CONDITIONS,,A,DAYLIGHT,,,,,,,A,NO PEDESTRIANS INVOLVED,,A,21801A,,1,GRAND AV,1,,,A,,,BROADWAY,,,A,8/6/2024 10:19:45 AM,2/10/2025 9:13:50 AM,,,2,,,,,,,
3747390,17-065319 331,2,False,0109,12/16/2017 9:09:00 AM,909,31Y,14,109,Oakland,1,True,True,D,BROADSIDE,,Saturday,,,,,False,False,True,,C,OTHER MOTOR VEHICLE,,1,0,CLEAR,,NO UNUSUAL CONDITIONS - NO UNUSUAL CONDITIONS,,A,DAYLIGHT,,,,,,,A,NO PEDESTRIANS INVOLVED,,A,21453A,,1,98TH AV,2,,,A,,,EDES AV,,,A,8/6/2024 10:19:45 AM,2/10/2025 9:13:50 AM,,,2,,,,,,,
3747389,17-057620,2,False,0109,11/2/2017 5:38:00 PM,1738,22Y,14,109,Oakland,1,True,True,C,REAR END,,Thursday,,,M,,False,False,True,,C,OTHER MOTOR VEHICLE,,1,0,CLEAR,,NO UNUSUAL CONDITIONS - NO UNUSUAL CONDITIONS,,B,DUSK-DAWN,,,,,,,A,NO PEDESTRIANS INVOLVED,,A,22350,,1,MACARTHUR BL,2,,,A,E,400.0,LAUREL AV,F,,D,8/6/2024 10:19:45 AM,2/10/2025 9:13:50 AM,,,2,,,,,,,
3747388,17-045939,2,False,0109,9/2/2017 8:54:00 PM,2054,31Y,14,109,Oakland,1,True,True,C,REAR END,,Saturday,,,F,,False,False,False,,A,NON-COLLISION,,1,0,RAINING,,HOLES- DEEPRUT* - HOLES- DEEPRUT*,,A,DAYLIGHT,,,,,,,,,,A,21453A,,1,98TH AV,2,,,D,,,DENSLOWE AV,,,D,8/6/2024 10:19:45 AM,2/10/2025 9:13:50 AM,,,2,,,,,,,
3747387,17-065023 299,2,False,0109,12/10/2017 12:27:00 PM,1227,32X,14,109,Oakland,1,True,True,G,VEHICLE/PEDESTRAIN,,Sunday,,,M,,False,False,False,,B,PEDESTRIAN,,1,0,CLEAR,,NO UNUSUAL CONDITIONS - NO UNUSUAL CONDITIONS,,A,DAYLIGHT,,,,,,,B,CROSSING IN CROSS WALK AT INTERSECTION,,A,21950A,,1,98TH AV,2,,,A,,,D ST,,,A,8/6/2024 10:19:45 AM,2/10/2025 9:13:49 AM,,,2,,,,,,,
3747386,17-050063,2,False,0109,9/23/2017 10:29:00 PM,2229,17Y,14,109,Oakland,1,True,True,D,BROADSIDE,,Saturday,,,,,False,False,True,,C,OTHER MOTOR VEHICLE,,1,0,CLEAR,,NO UNUSUAL CONDITIONS - NO UNUSUAL CONDITIONS,,C,DARK-STREET LIGHTS,,,,,,,A,NO PEDESTRIANS INVOLVED,,A,21802A,,1,BEAUMONT AV,1,,,A,,,E 32ND ST,,,A,8/6/2024 10:19:45 AM,2/10/2025 9:13:49 AM,,,2,,,,,,,
3747383,17-060202,2,False,0109,11/17/2017 2:42:00 PM,1442,23X,14,109,Oakland,1,True,True,G,VEHICLE/PEDESTRAIN,,Friday,,,M,,False,False,False,,B,PEDESTRIAN,,1,0,CLEAR,,NO UNUSUAL CONDITIONS - NO UNUSUAL CONDITIONS,,A,DAYLIGHT,,,,,,,E,IN ROAD - INCLUDES SHOULDER,,A,22107,,1,39TH AV,2,,,A,N,300.0,INTERNATIONAL BL,F,,D,8/6/2024 10:19:44 AM,2/10/2025 9:13:49 AM,,,2,,,,,,,
3747382,17-066391 300,2,False,0109,12/21/2017 6:23:00 PM,1823,30X,14,109,Oakland,1,True,True,D,BROADSIDE,,Thursday,,,M,,False,False,False,,C,OTHER MOTOR VEHICLE,,1,0,CLEAR,,NO UNUSUAL CONDITIONS - NO UNUSUAL CONDITIONS,,C,DARK-STREET LIGHTS,,,,,,,A,NO PEDESTRIANS INVOLVED,,A,21453A,,1,73RD AV,2,,,A,,,ARTHUR ST,,,A,8/6/2024 10:19:44 AM,2/10/2025 9:13:49 AM,,,2,,,,,,,
3747380,17-045958,2,False,0109,9/1/2017 10:14:00 PM,2214,33X,14,109,Oakland,1,True,True,G,VEHICLE/PEDESTRAIN,,Friday,,,M,,False,False,False,,B,PEDESTRIAN,,1,0,CLEAR,,NO UNUSUAL CONDITIONS - NO UNUSUAL CONDITIONS,,C,DARK-STREET LIGHTS,,,,,,,C,CROSSING IN CROSS WALK - NOT AT INTERSECTION,,A,21954A,,1,INTERNATIONAL BL,2,,,A,E,120.0,83RD,F,,D,8/6/2024 10:19:44 AM,2/10/2025 9:13:49 AM,,,2,,,,,,,
3747378,17-043357,2,False,0109,8/19/2017 9:09:00 AM,909,08X,14,109,Oakland,1,True,True,D,BROADSIDE,,Saturday,,,,,False,False,False,,C,OTHER MOTOR VEHICLE,,1,0,CLOUDY,,NO UNUSUAL CONDITIONS - NO UNUSUAL CONDITIONS,,A,DAYLIGHT,,,,,,,A,NO PEDESTRIANS INVOLVED,,A,21453A,,1,SANTA CLARA AV,1,,,A,W,15.0,OAKLAND AV,F,,A,8/6/2024 10:19:44 AM,2/10/2025 9:13:49 AM,,,2,,,,,,,
3747377,17-063635 295,2,False,0109,12/6/2017 11:47:00 PM,2347,31Y,14,109,Oakland,1,True,True,D,BROADSIDE,,Wednesday,,,M,,False,True,True,,C,OTHER MOTOR VEHICLE,,2,0,CLEAR,,NO UNUSUAL CONDITIONS - NO UNUSUAL CONDITIONS,,C,DARK-STREET LIGHTS,,,,,,,A,NO PEDESTRIANS INVOLVED,,A,21453A,,1,HEGENBERGER RD,2,,,A,,,RT 880,,,A,8/6/2024 10:19:43 AM,2/10/2025 9:13:49 AM,,,2,,,,,,,
3747376,17-045330,2,False,0109,8/29/2017 6:49:00 PM,1849,30Y,14,109,Oakland,1,True,True,D,BROADSIDE,,Tuesday,,,,,False,False,False,,C,OTHER MOTOR VEHICLE,,1,0,CLEAR,,NO UNUSUAL CONDITIONS - NO UNUSUAL CONDITIONS,,A,DAYLIGHT,,,,,,,A,NO PEDESTRIANS INVOLVED,,A,21801A,,1,MACARTHUR BL,2,,,A,,,PARKER RD,,,D,8/6/2024 10:19:43 AM,2/10/2025 9:13:49 AM,,,2,,,,,,,
3747373,17-042308,2,False,0109,8/13/2017 4:06:00 PM,1606,24Y,14,109,Oakland,1,True,True,C,REAR END,,Sunday,,,,,False,False,False,,C,OTHER MOTOR VEHICLE,,2,0,CLEAR,,NO UNUSUAL CONDITIONS - NO UNUSUAL CONDITIONS,,A,DAYLIGHT,,,,,,,A,NO PEDESTRIANS INVOLVED,,A,22350,,1,35TH AV,2,,,A,,,PENNIMAN AV,,,A,8/6/2024 10:19:43 AM,2/10/2025 9:13:49 AM,,,2,,,,,,,