collision-id,report-number,report-version,is-preliminary,ncic-code,crash-date-time,crash-time-description,beat,city-id,city-code,city-name,county-code,city-is-active,city-is-incorporated,collision-type-code,collision-type-description,collision-type-other-desc,day-of-week,dispatch-notified,has-photographs,hit-run,is-attachments-mailed,is-deleted,is-highway-related,is-tow-away,judicial-district,motor-vehicle-involved-with-code,motor-vehicle-involved-with-desc,motor-vehicle-involved-with-other-desc,number-injured,number-killed,weather-1,weather-2,road-condition-1,road-condition-2,special-condition-lighting-code,lighting-description,latitude,longitude,milepost-direction,milepost-distance,milepost-marker,milepost-unit-of-measure,pedestrian-action-code,pedestrian-action-desc,prepared-date,primary-collision-factor-code,primary-collision-factor-violation,primary-collision-factor-is-cited,primary-collision-party-number,primary-road,reporting-district,reporting-district-code,reviewed-date,roadway-surface-code,secondary-direction,secondary-distance,secondary-road,secondary-unit-of-measure,sketch-desc,traffic-control-device-code,created-date,modified-date,is-county-road,is-freeway,chp-555-version,is-additonal-object-struck,notification-date,notification-time-description,has-digital-media-files,evidence-number,is-location-refer-to-narrative,is-aoi-one-same-as-location
3747157,17-035584,2,False,0109,7/8/2017 10:05:00 AM,1005,12,14,109,Oakland,1,True,True,A,HEAD-ON,,Saturday,,,,,False,False,False,,B,PEDESTRIAN,,0,0,CLEAR,,NO UNUSUAL CONDITIONS - NO UNUSUAL CONDITIONS,,A,DAYLIGHT,,,,,,,B,CROSSING IN CROSS WALK AT INTERSECTION,,A,21950A,,1,SHAFTER AV,1,,,A,,,FOREST ST,,,D,8/6/2024 10:19:16 AM,2/10/2025 9:13:42 AM,,,2,,,,,,,
3747155,17-043384,2,False,0109,8/19/2017 10:59:00 PM,2259,20,14,109,Oakland,1,True,True,C,REAR END,,Saturday,,,,,False,False,True,,C,OTHER MOTOR VEHICLE,,0,0,CLEAR,,NO UNUSUAL CONDITIONS - NO UNUSUAL CONDITIONS,,C,DARK-STREET LIGHTS,,,,,,,A,NO PEDESTRIANS INVOLVED,,A,22350,,1,INTERNATIONAL BL,1,,,A,,,24TH AV,,,D,8/6/2024 10:19:16 AM,2/10/2025 9:13:42 AM,,,2,,,,,,,
3747154,17-038493,2,False,0109,7/23/2017 3:57:00 PM,1557,19X,14,109,Oakland,1,True,True,A,HEAD-ON,,Sunday,,,,,False,False,False,,C,OTHER MOTOR VEHICLE,,2,0,CLEAR,,NO UNUSUAL CONDITIONS - NO UNUSUAL CONDITIONS,,A,DAYLIGHT,,,,,,,A,NO PEDESTRIANS INVOLVED,,A,21453A,,,4TH AV,1,,,A,,,INTERNATIONAL BL,,,A,8/6/2024 10:19:16 AM,2/10/2025 9:13:42 AM,,,2,,,,,,,
3747153,17-035430,2,False,0109,7/7/2017 2:25:00 PM,1425,31,14,109,Oakland,1,True,True,D,BROADSIDE,,Friday,,,,,False,False,False,,C,OTHER MOTOR VEHICLE,,0,0,CLEAR,,NO UNUSUAL CONDITIONS - NO UNUSUAL CONDITIONS,,A,DAYLIGHT,,,,,,,A,NO PEDESTRIANS INVOLVED,,A,22100B,,1,HEGENBERGER LOOP,2,,,A,,,CAIRO RD,,,A,8/6/2024 10:19:16 AM,2/10/2025 9:13:42 AM,,,2,,,,,,,
3747151,17-036832,2,False,0109,7/14/2017 2:21:00 PM,1421,10X,14,109,Oakland,1,True,True,C,REAR END,,Friday,,,,,False,False,False,,C,OTHER MOTOR VEHICLE,,2,0,CLEAR,,NO UNUSUAL CONDITIONS - NO UNUSUAL CONDITIONS,,A,DAYLIGHT,,,,,,,A,NO PEDESTRIANS INVOLVED,,A,22350,,1,MARKET ST,1,,,A,,,STANFORD AV,,,A,8/6/2024 10:19:15 AM,2/10/2025 9:13:42 AM,,,2,,,,,,,
3747150,17-044816,2,False,0109,8/27/2017 1:30:00 AM,130,27,14,109,Oakland,1,True,True,D,BROADSIDE,,Sunday,,,,,False,False,False,,E,PARKED MOTOR VEHICLE,,0,0,CLEAR,,NO UNUSUAL CONDITIONS - NO UNUSUAL CONDITIONS,,C,DARK-STREET LIGHTS,,,,,,,A,NO PEDESTRIANS INVOLVED,,A,22107,,1,SEMINARY AV,2,,,A,,,BROMLEY AV,,,D,8/6/2024 10:19:15 AM,2/10/2025 9:13:42 AM,,,2,,,,,,,
3747149,17-035337,2,False,0109,7/6/2017 10:08:00 PM,2208,26,14,109,Oakland,1,True,True,D,BROADSIDE,,Thursday,,,,,False,False,False,,C,OTHER MOTOR VEHICLE,,0,0,CLEAR,,NO UNUSUAL CONDITIONS - NO UNUSUAL CONDITIONS,,C,DARK-STREET LIGHTS,,,,,,,A,NO PEDESTRIANS INVOLVED,,A,22107,,1,73RD AV,2,,,A,,,INTERNATIONAL BL,,,A,8/6/2024 10:19:15 AM,2/10/2025 9:13:42 AM,,,2,,,,,,,
3747147,17-035840,2,False,0109,7/10/2017 4:05:00 AM,405,06X,14,109,Oakland,1,True,True,C,REAR END,,Monday,,,,,False,False,True,,E,PARKED MOTOR VEHICLE,,1,0,CLEAR,,NO UNUSUAL CONDITIONS - NO UNUSUAL CONDITIONS,,C,DARK-STREET LIGHTS,,,,,,,A,NO PEDESTRIANS INVOLVED,,A,22107,,1,MARTIN LUTHER KING JR WY,1,,,A,S,50.0,37TH ST,F,,A,8/6/2024 10:19:15 AM,2/10/2025 9:13:42 AM,,,2,,,,,,,
3747146,17-044417,2,False,0109,8/24/2017 4:12:00 PM,1612,15,14,109,Oakland,1,True,True,A,HEAD-ON,,Thursday,,,,,False,False,True,,C,OTHER MOTOR VEHICLE,,0,0,CLEAR,,NO UNUSUAL CONDITIONS - NO UNUSUAL CONDITIONS,,A,DAYLIGHT,,,,,,,A,NO PEDESTRIANS INVOLVED,,A,21453A,,,LAKESHORE AV,1,,,A,,,HANOVER AV,,,A,8/6/2024 10:19:15 AM,2/10/2025 9:13:42 AM,,,2,,,,,,,
3747145,17-035123,2,False,0109,7/5/2017 8:53:00 PM,2053,30,14,109,Oakland,1,True,True,C,REAR END,,Wednesday,,,M,,False,False,False,,,,,0,0,CLEAR,,NO UNUSUAL CONDITIONS - NO UNUSUAL CONDITIONS,,B,DUSK-DAWN,,,,,,,A,NO PEDESTRIANS INVOLVED,,A,22350,,1,73RD AV,2,,,A,S,25.0,FOOTHILL BL,F,,A,8/6/2024 10:19:15 AM,2/10/2025 9:13:42 AM,,,2,,,,,,,
3747143,17-035778,2,False,0109,7/9/2017 3:59:00 PM,1559,04X,14,109,Oakland,1,True,True,A,HEAD-ON,,Sunday,,,,,False,False,False,,C,OTHER MOTOR VEHICLE,,1,0,CLEAR,,NO UNUSUAL CONDITIONS - NO UNUSUAL CONDITIONS,,A,DAYLIGHT,,,,,,,A,NO PEDESTRIANS INVOLVED,,A,21800A,,1,GRAND AV,1,,,A,W,30.0,MARTIN LUTHER KING JR WY,F,,A,8/6/2024 10:19:14 AM,2/10/2025 9:13:42 AM,,,2,,,,,,,
3747142,17-043969,2,False,0109,8/22/2017 3:06:00 PM,1506,25,14,109,Oakland,1,True,True,C,REAR END,,Tuesday,,,,,False,False,False,,C,OTHER MOTOR VEHICLE,,1,0,CLEAR,,NO UNUSUAL CONDITIONS - NO UNUSUAL CONDITIONS,,A,DAYLIGHT,,,,,,,A,NO PEDESTRIANS INVOLVED,,A,22106,,1,MACARTHUR BL,2,,,A,E,15.0,MAYBELLE AV,F,,A,8/6/2024 10:19:14 AM,2/10/2025 9:13:42 AM,,,2,,,,,,,
3747141,17-034880,2,False,0109,7/4/2017 5:30:00 PM,1730,03,14,109,Oakland,1,True,True,D,BROADSIDE,,Tuesday,,,,,False,False,False,,C,OTHER MOTOR VEHICLE,,0,0,CLEAR,,NO UNUSUAL CONDITIONS - NO UNUSUAL CONDITIONS,,A,DAYLIGHT,,,,,,,A,NO PEDESTRIANS INVOLVED,,A,21453A,,,14TH ST,1,,,A,,,WEBSTER ST,,,A,8/6/2024 10:19:14 AM,2/10/2025 9:13:42 AM,,,2,,,,,,,
3747139,17-035727,2,False,0109,7/9/2017 9:26:00 AM,926,03X,14,109,Oakland,1,True,True,D,BROADSIDE,,Sunday,,,,,False,False,False,,C,OTHER MOTOR VEHICLE,,1,0,CLEAR,,NO UNUSUAL CONDITIONS - NO UNUSUAL CONDITIONS,,A,DAYLIGHT,,,,,,,A,NO PEDESTRIANS INVOLVED,,A,21453A,,1,12TH ST,1,,,A,,,MARTIN LUTHER KING JR WY,,,A,8/6/2024 10:19:14 AM,2/10/2025 9:13:42 AM,,,2,,,,,,,
3747138,17-043970,2,False,0109,8/22/2017 3:28:00 PM,1528,04,14,109,Oakland,1,True,True,,,,Tuesday,,,,,False,False,False,,,,,1,0,,,,,,,,,,,,,,,,A,21453A,,,17TH ST,1,,,,,,MARTIN LUTHER KING JR WY,,,,8/6/2024 10:19:14 AM,2/10/2025 9:13:42 AM,,,2,,,,,,,
3747137,17-039123,2,False,0109,7/26/2017 10:40:00 PM,2240,23,14,109,Oakland,1,True,True,B,SIDE SWIPE,,Wednesday,,,,,False,False,False,,C,OTHER MOTOR VEHICLE,,0,0,CLEAR,,NO UNUSUAL CONDITIONS - NO UNUSUAL CONDITIONS,,C,DARK-STREET LIGHTS,,,,,,,A,NO PEDESTRIANS INVOLVED,,A,22100A,,1,HIGH ST,2,,,A,,,INTERNATIONAL BL,,,A,8/6/2024 10:19:13 AM,2/10/2025 9:13:42 AM,,,2,,,,,,,
3747136,17-035401,2,False,0109,7/7/2017 10:40:00 AM,1040,28X,14,109,Oakland,1,True,True,C,REAR END,,Friday,,,,,False,False,False,,C,OTHER MOTOR VEHICLE,,1,0,CLEAR,,NO UNUSUAL CONDITIONS - NO UNUSUAL CONDITIONS,,A,DAYLIGHT,,,,,,,A,NO PEDESTRIANS INVOLVED,,A,22350,,1,55TH AV,2,,,A,N,60.0,ROBERTS AV,F,,A,8/6/2024 10:19:13 AM,2/10/2025 9:13:41 AM,,,2,,,,,,,
3747134,17-043959,2,False,0109,8/22/2017 2:49:00 PM,1449,31Z,14,109,Oakland,1,True,True,B,SIDE SWIPE,,Tuesday,,,,,False,False,False,,C,OTHER MOTOR VEHICLE,,0,0,CLEAR,,NO UNUSUAL CONDITIONS - NO UNUSUAL CONDITIONS,,A,DAYLIGHT,,,,,,,A,NO PEDESTRIANS INVOLVED,,A,22105,,1,SAN LEANDRO ST,2,,,A,,,STONE ST,,,D,8/6/2024 10:19:13 AM,2/10/2025 9:13:41 AM,,,2,,,,,,,
3747132,17-039518,2,False,0109,7/29/2017 2:15:00 AM,215,23,14,109,Oakland,1,True,True,C,REAR END,,Saturday,,,,,False,False,False,,C,OTHER MOTOR VEHICLE,,0,0,CLEAR,,NO UNUSUAL CONDITIONS - NO UNUSUAL CONDITIONS,,C,DARK-STREET LIGHTS,,,,,,,A,NO PEDESTRIANS INVOLVED,,A,22350,,1,FOOTHILL BL,2,,,A,E,20.0,38TH AV,F,,A,8/6/2024 10:19:13 AM,2/10/2025 9:13:41 AM,,,2,,,,,,,
3747131,17-034908,2,False,0109,7/4/2017 9:48:00 PM,2148,33X,14,109,Oakland,1,True,True,C,REAR END,,Tuesday,,,,,False,False,False,,C,OTHER MOTOR VEHICLE,,2,0,CLEAR,,NO UNUSUAL CONDITIONS - NO UNUSUAL CONDITIONS,,C,DARK-STREET LIGHTS,,,,,,,A,NO PEDESTRIANS INVOLVED,,A,22350,,1,INTERNATIONAL BL,2,,,A,E,50.0,94TH AV,F,,A,8/6/2024 10:19:13 AM,2/10/2025 9:13:41 AM,,,2,,,,,,,
3747130,17-043581,2,False,0109,8/20/2017 3:29:00 PM,1529,23,14,109,Oakland,1,True,True,D,BROADSIDE,,Sunday,,,,,False,False,False,,C,OTHER MOTOR VEHICLE,,0,0,CLEAR,,NO UNUSUAL CONDITIONS - NO UNUSUAL CONDITIONS,,A,DAYLIGHT,,,,,,,A,NO PEDESTRIANS INVOLVED,,A,,,1,HIGH ST,2,,,A,,,BOND ST,,,A,8/6/2024 10:19:13 AM,2/10/2025 9:13:41 AM,,,2,,,,,,,
3747129,17-034900,2,False,0109,7/4/2017 8:19:00 PM,2019,32Y,14,109,Oakland,1,True,True,G,VEHICLE/PEDESTRAIN,,Tuesday,,,,,False,False,False,,B,PEDESTRIAN,,1,0,CLEAR,,NO UNUSUAL CONDITIONS - NO UNUSUAL CONDITIONS,,B,DUSK-DAWN,,,,,,,E,IN ROAD - INCLUDES SHOULDER,,A,22350,,1,MACARTHUR BL,2,,,A,,,109TH AV,,,D,8/6/2024 10:19:13 AM,2/10/2025 9:13:41 AM,,,2,,,,,,,
3747128,17-036688,2,False,0109,7/14/2017 7:08:00 PM,1908,30,14,109,Oakland,1,True,True,B,SIDE SWIPE,,Friday,,,,,False,False,False,,E,PARKED MOTOR VEHICLE,,0,0,CLEAR,,NO UNUSUAL CONDITIONS - NO UNUSUAL CONDITIONS,,B,DUSK-DAWN,,,,,,,A,NO PEDESTRIANS INVOLVED,,A,21755,,1,105TH AV,2,,,A,S,100.0,ROYAL ANN ST,F,,D,8/6/2024 10:19:13 AM,2/10/2025 9:13:41 AM,,,2,,,,,,,
3747127,17-043450,2,False,0109,8/19/2017 7:55:00 PM,1955,16,14,109,Oakland,1,True,True,B,SIDE SWIPE,,Saturday,,,M,,False,False,False,,C,OTHER MOTOR VEHICLE,,0,0,CLEAR,,NO UNUSUAL CONDITIONS - NO UNUSUAL CONDITIONS,,B,DUSK-DAWN,,,,,,,A,NO PEDESTRIANS INVOLVED,,A,22107,,1,18TH AV,1,,,A,,,20TH ST,,,D,8/6/2024 10:19:12 AM,2/10/2025 9:13:41 AM,,,2,,,,,,,
3747125,17-035474,2,False,0109,7/7/2017 5:59:00 PM,1759,23,14,109,Oakland,1,True,True,,,,Friday,,,M,,False,False,False,,,,,0,0,CLEAR,,NO UNUSUAL CONDITIONS - NO UNUSUAL CONDITIONS,,A,DAYLIGHT,,,,,,,A,NO PEDESTRIANS INVOLVED,,A,21801A,,1,HIGH ST,2,,,A,E,10.0,SAN LEANRO ST,F,,A,8/6/2024 10:19:12 AM,2/10/2025 9:13:41 AM,,,2,,,,,,,
3747124,17-034890,2,False,0109,7/4/2017 7:08:00 PM,1908,26Y,14,109,Oakland,1,True,True,E,HIT OBJECT,,Tuesday,,,,,False,False,True,,I,FIXED OBJECT,,1,0,CLEAR,,NO UNUSUAL CONDITIONS - NO UNUSUAL CONDITIONS,,A,DAYLIGHT,,,,,,,A,NO PEDESTRIANS INVOLVED,,A,22107,,1,SEMINARY AV,2,,,A,N,8.0,INTERNATIONAL BL,F,,A,8/6/2024 10:19:12 AM,2/10/2025 9:13:41 AM,,,2,,,,,,,
3747123,17-037379,2,False,0109,7/17/2017 5:20:00 PM,1720,04X,14,109,Oakland,1,True,True,B,SIDE SWIPE,,Monday,,,,,False,False,False,,C,OTHER MOTOR VEHICLE,,1,0,CLEAR,,NO UNUSUAL CONDITIONS - NO UNUSUAL CONDITIONS,,A,DAYLIGHT,,,,,,,A,NO PEDESTRIANS INVOLVED,,A,22107,,1,FRANKLIN ST,1,,,A,S,50.0,20TH ST,F,,D,8/6/2024 10:19:12 AM,2/10/2025 9:13:41 AM,,,2,,,,,,,
3747122,17-043434,2,False,0109,8/19/2017 4:03:00 PM,1603,14,14,109,Oakland,1,True,True,C,REAR END,,Saturday,,,,,False,False,False,,C,OTHER MOTOR VEHICLE,,0,0,CLEAR,,NO UNUSUAL CONDITIONS - NO UNUSUAL CONDITIONS,,A,DAYLIGHT,,,,,,,A,NO PEDESTRIANS INVOLVED,,A,22106,,1,MARIPOSA AV,1,,,A,N,200.0,SANTA ROSA AV,F,,D,8/6/2024 10:19:12 AM,2/10/2025 9:13:41 AM,,,2,,,,,,,
3747121,17-038172,2,False,0109,7/21/2017 2:35:00 PM,1435,34,14,109,Oakland,1,True,True,C,REAR END,,Friday,,,M,,False,False,True,,E,PARKED MOTOR VEHICLE,,0,0,CLEAR,,NO UNUSUAL CONDITIONS - NO UNUSUAL CONDITIONS,,A,DAYLIGHT,,,,,,,A,NO PEDESTRIANS INVOLVED,,A,22107,,1,PLYMOUTH ST,2,,,A,E,70.0,9TH AV,F,,D,8/6/2024 10:19:12 AM,2/10/2025 9:13:41 AM,,,2,,,,,,,
3747119,17-043119,2,False,0109,8/18/2017 11:06:00 PM,2306,08,14,109,Oakland,1,True,True,D,BROADSIDE,,Friday,,,,,False,False,False,,C,OTHER MOTOR VEHICLE,,0,0,CLEAR,,NO UNUSUAL CONDITIONS - NO UNUSUAL CONDITIONS,,C,DARK-STREET LIGHTS,,,,,,,A,NO PEDESTRIANS INVOLVED,,A,21802A,,1,23RD ST,1,,,A,,,NORTHGATE AV,,,A,8/6/2024 10:19:11 AM,2/10/2025 9:13:41 AM,,,2,,,,,,,
3747118,17-035757,2,False,0109,7/9/2017 2:54:00 PM,1454,19,14,109,Oakland,1,True,True,C,REAR END,,Sunday,,,M,,False,False,False,,E,PARKED MOTOR VEHICLE,,0,0,CLEAR,,NO UNUSUAL CONDITIONS - NO UNUSUAL CONDITIONS,,A,DAYLIGHT,,,,,,,A,NO PEDESTRIANS INVOLVED,,A,22107,,1,11TH AV,1,,,A,E,10.0,12TH ST,F,,D,8/6/2024 10:19:11 AM,2/10/2025 9:13:41 AM,,,2,,,,,,,
3747116,17-036764,2,False,0109,7/14/2017 9:40:00 AM,940,30X,14,109,Oakland,1,True,True,G,VEHICLE/PEDESTRAIN,,Friday,,,M,,False,False,False,,B,PEDESTRIAN,,1,0,CLEAR,,NO UNUSUAL CONDITIONS - NO UNUSUAL CONDITIONS,,A,DAYLIGHT,,,,,,,B,CROSSING IN CROSS WALK AT INTERSECTION,,A,21950A,,1,MACARTHUR BL,2,,,A,,,REEMS AV,,,A,8/6/2024 10:19:11 AM,2/10/2025 9:13:41 AM,,,2,,,,,,,
3747115,17-043032,2,False,0109,8/17/2017 1:49:00 PM,1349,23,14,109,Oakland,1,True,True,C,REAR END,,Thursday,,,,,False,False,False,,C,OTHER MOTOR VEHICLE,,0,0,CLEAR,,NO UNUSUAL CONDITIONS - NO UNUSUAL CONDITIONS,,A,DAYLIGHT,,,,,,,A,NO PEDESTRIANS INVOLVED,,A,22350,,1,SAN LEANDRO ST,2,,,A,E,10.0,FRUITVALE AV,F,,A,8/6/2024 10:19:11 AM,2/10/2025 9:13:41 AM,,,2,,,,,,,
3747112,17-036698,2,False,0109,7/14/2017 11:10:00 PM,2310,26X,14,109,Oakland,1,True,True,D,BROADSIDE,,Friday,,,M,,False,False,False,,G,BICYCLE,,1,0,CLEAR,,NO UNUSUAL CONDITIONS - NO UNUSUAL CONDITIONS,,C,DARK-STREET LIGHTS,,,,,,,A,NO PEDESTRIANS INVOLVED,,A,21453A,,1,INTERNATIONAL BL,2,,,A,,,SEMINARY AV,,,A,8/6/2024 10:19:10 AM,2/10/2025 9:13:41 AM,,,2,,,,,,,
3747111,17-042917,2,False,0109,8/17/2017 10:17:00 PM,2217,25,14,109,Oakland,1,True,True,G,VEHICLE/PEDESTRAIN,,Thursday,,,,,False,False,False,,B,PEDESTRIAN,,0,0,CLEAR,,NO UNUSUAL CONDITIONS - NO UNUSUAL CONDITIONS,,C,DARK-STREET LIGHTS,,,,,,,B,CROSSING IN CROSS WALK AT INTERSECTION,,A,21950A,,1,MACARTHUR BL,2,,,A,,,35TH AV,,,A,8/6/2024 10:19:10 AM,2/10/2025 9:13:41 AM,,,2,,,,,,,
3747109,17-035619,2,False,0109,7/8/2017 3:51:00 PM,1551,34X,14,109,Oakland,1,True,True,D,BROADSIDE,,Saturday,,,M,,False,False,False,,C,OTHER MOTOR VEHICLE,,4,0,CLEAR,,NO UNUSUAL CONDITIONS - NO UNUSUAL CONDITIONS,,A,DAYLIGHT,,,,,,,A,NO PEDESTRIANS INVOLVED,,A,22450A,,1,BIRCH ST,2,,,A,,,86TH AV,,,A,8/6/2024 10:19:10 AM,2/10/2025 9:13:41 AM,,,2,,,,,,,
3746692,17-056089,2,False,0109,10/25/2017 5:13:00 PM,1713,33X,14,109,Oakland,1,True,True,C,REAR END,,Wednesday,,,,,False,False,True,,C,OTHER MOTOR VEHICLE,,0,0,CLEAR,,NO UNUSUAL CONDITIONS - NO UNUSUAL CONDITIONS,,A,DAYLIGHT,,,,,,,A,NO PEDESTRIANS INVOLVED,,A,22350,,1,98TH AV,2,,,A,N,30.0,INTERNATIONAL BL,F,,D,8/6/2024 10:18:15 AM,2/10/2025 9:13:27 AM,,,2,,,,,,,
3746626,17-056092,2,False,0109,10/25/2017 5:04:00 PM,1704,19X,14,109,Oakland,1,True,True,G,VEHICLE/PEDESTRAIN,,Wednesday,,,M,,False,False,False,,B,PEDESTRIAN,,1,0,CLEAR,,NO UNUSUAL CONDITIONS - NO UNUSUAL CONDITIONS,,A,DAYLIGHT,,,,,,,B,CROSSING IN CROSS WALK AT INTERSECTION,,A,21950A,,1,22ND AV,1,,,A,,,FOOTHILL BL,,,A,8/6/2024 10:18:07 AM,2/10/2025 9:13:26 AM,,,2,,,,,,,
3746625,17-056072,2,False,0109,10/25/2017 3:45:00 PM,1545,32X,14,109,Oakland,1,True,True,D,BROADSIDE,,Wednesday,,,,,False,False,True,,C,OTHER MOTOR VEHICLE,,1,0,CLEAR,,NO UNUSUAL CONDITIONS - NO UNUSUAL CONDITIONS,,A,DAYLIGHT,,,,,,,A,NO PEDESTRIANS INVOLVED,,A,21802A,,1,98TH AV,2,,,A,,,WALNUT ST,,,A,8/6/2024 10:18:07 AM,2/10/2025 9:13:26 AM,,,2,,,,,,,
3746617,17-041406,2,False,0109,8/8/2017 1:14:00 PM,1314,26Y,14,109,Oakland,1,True,True,A,HEAD-ON,,Tuesday,,,,,False,False,False,,C,OTHER MOTOR VEHICLE,,0,0,CLEAR,,NO UNUSUAL CONDITIONS - NO UNUSUAL CONDITIONS,,A,DAYLIGHT,,,,,,,A,NO PEDESTRIANS INVOLVED,,A,22107,,1,HEGENBERGER RD,2,,,A,S,90.0,INTERNATIONAL BL,F,,B,8/6/2024 10:18:05 AM,2/10/2025 9:13:25 AM,,,2,,,,,,,
3746615,17-041990,2,False,0109,8/11/2017 12:30:00 PM,1230,03X,14,109,Oakland,1,True,True,B,SIDE SWIPE,,Friday,,,,,False,False,True,,C,OTHER MOTOR VEHICLE,,0,0,CLEAR,,NO UNUSUAL CONDITIONS - NO UNUSUAL CONDITIONS,,A,DAYLIGHT,,,,,,,A,NO PEDESTRIANS INVOLVED,,A,22107,,1,11TH ST,1,,,A,E,500.0,OAK ST,F,,D,8/6/2024 10:18:05 AM,2/10/2025 9:13:25 AM,,,2,,,,,,,
3746614,17-053342,2,False,0109,10/11/2017 11:35:00 AM,1135,22Y,14,109,Oakland,1,True,True,C,REAR END,,Wednesday,,,,,False,False,False,,,,,0,0,CLOUDY,,NO UNUSUAL CONDITIONS - NO UNUSUAL CONDITIONS,,A,DAYLIGHT,,,,,,,A,NO PEDESTRIANS INVOLVED,,A,21703,,1,REDWOOD RD,1,,,A,N,15.0,MOUNTAIN BL,F,,A,8/6/2024 10:18:05 AM,2/10/2025 9:13:25 AM,,,2,,,,,,,
3746613,17-042193,2,False,0109,8/12/2017 5:12:00 PM,1712,19X,14,109,Oakland,1,True,True,B,SIDE SWIPE,,Saturday,,,,,False,False,False,,C,OTHER MOTOR VEHICLE,,0,0,CLEAR,,NO UNUSUAL CONDITIONS - NO UNUSUAL CONDITIONS,,A,DAYLIGHT,,,,,,,A,NO PEDESTRIANS INVOLVED,,A,21453A,,1,E 12TH ST,1,,,A,,,16TH AV,,,A,8/6/2024 10:18:05 AM,2/10/2025 9:13:25 AM,,,2,,,,,,,
3746611,17-037358,2,False,0109,7/17/2017 3:55:00 PM,1555,16X,14,109,Oakland,1,True,True,D,BROADSIDE,,Monday,,,,,False,False,False,,C,OTHER MOTOR VEHICLE,,0,0,CLEAR,,NO UNUSUAL CONDITIONS - NO UNUSUAL CONDITIONS,,A,DAYLIGHT,,,,,,,A,NO PEDESTRIANS INVOLVED,,A,21453A,,,BEAUMONT AV,1,,,A,,,EXCELSIOR AV,,,A,8/6/2024 10:18:05 AM,2/10/2025 9:13:25 AM,,,2,,,,,,,
3746609,17-037825,2,False,0109,7/19/2017 8:58:00 PM,2058,34X,14,109,Oakland,1,True,True,G,VEHICLE/PEDESTRAIN,,Wednesday,,,M,,False,False,False,,B,PEDESTRIAN,,0,0,CLEAR,,NO UNUSUAL CONDITIONS - NO UNUSUAL CONDITIONS,,C,DARK-STREET LIGHTS,,,,,,,B,CROSSING IN CROSS WALK AT INTERSECTION,,A,21950A,,1,90TH AV,2,,,A,,,INTERNATIONAL BL,,,A,8/6/2024 10:18:05 AM,2/10/2025 9:13:25 AM,,,2,,,,,,,
3746608,17-053759,2,False,0109,10/13/2017 3:45:00 PM,1545,09X,14,109,Oakland,1,True,True,C,REAR END,,Friday,,,,,False,False,False,,C,OTHER MOTOR VEHICLE,,0,0,CLEAR,,NO UNUSUAL CONDITIONS - NO UNUSUAL CONDITIONS,,A,DAYLIGHT,,,,,,,A,NO PEDESTRIANS INVOLVED,,A,21703,,1,MORAGA AV,1,,,A,N,5.0,PLEASANT VALLEY RD,F,,A,8/6/2024 10:18:04 AM,2/10/2025 9:13:25 AM,,,2,,,,,,,
3746607,17-036920,2,False,0109,7/15/2017 1:30:00 AM,130,26Y,14,109,Oakland,1,True,True,B,SIDE SWIPE,,Saturday,,,M,,False,False,False,,C,OTHER MOTOR VEHICLE,,0,0,CLEAR,,NO UNUSUAL CONDITIONS - NO UNUSUAL CONDITIONS,,C,DARK-STREET LIGHTS,,,,,,,A,NO PEDESTRIANS INVOLVED,,A,22107,,1,SAN LEANDRO ST,2,,,A,W,20.0,71ST AV,F,,A,8/6/2024 10:18:04 AM,2/10/2025 9:13:25 AM,,,2,,,,,,,
3746606,17-037605,2,False,0109,7/18/2017 6:54:00 PM,1854,19X,14,109,Oakland,1,True,True,E,HIT OBJECT,,Tuesday,,,,,False,False,False,,J,OTHER OBJECT,,0,0,CLEAR,,NO UNUSUAL CONDITIONS - NO UNUSUAL CONDITIONS,,A,DAYLIGHT,,,,,,,A,NO PEDESTRIANS INVOLVED,,A,22107,,1,23RD AV,1,,,A,N,15.0,INTERNATIONAL,F,,D,8/6/2024 10:18:04 AM,2/10/2025 9:13:25 AM,,,2,,,,,,,
3746605,17-045952,2,False,0109,9/1/2017 9:37:00 PM,2137,12Y,14,109,Oakland,1,True,True,D,BROADSIDE,,Friday,,,,,False,False,True,,E,PARKED MOTOR VEHICLE,,0,0,CLEAR,,NO UNUSUAL CONDITIONS - NO UNUSUAL CONDITIONS,,C,DARK-STREET LIGHTS,,,,,,,A,NO PEDESTRIANS INVOLVED,,A,22107,,1,MILES AV,1,,,A,E,100.0,COLLEGE AV,F,,D,8/6/2024 10:18:04 AM,2/10/2025 9:13:25 AM,,,2,,,,,,,
3746604,17-037935,2,False,0109,7/20/2017 10:07:00 AM,1007,30X,14,109,Oakland,1,True,True,B,SIDE SWIPE,,Thursday,,,,,False,False,False,,C,OTHER MOTOR VEHICLE,,0,0,CLEAR,,NO UNUSUAL CONDITIONS - NO UNUSUAL CONDITIONS,,A,DAYLIGHT,,,,,,,A,NO PEDESTRIANS INVOLVED,,A,22107,,1,BANCROFT AV,2,,,A,,,RITCHIE ST,,,A,8/6/2024 10:18:04 AM,2/10/2025 9:13:25 AM,,,2,,,,,,,
3746603,17-037728,2,False,0109,7/19/2017 1:20:00 PM,1320,03X,14,109,Oakland,1,True,True,A,HEAD-ON,,Wednesday,,,,,False,False,False,,E,PARKED MOTOR VEHICLE,,0,0,CLEAR,,NO UNUSUAL CONDITIONS - NO UNUSUAL CONDITIONS,,A,DAYLIGHT,,,,,,,A,NO PEDESTRIANS INVOLVED,,A,22100A,,1,INTERNATIONAL BL,1,,,A,,,19TH AV,,,A,8/6/2024 10:18:04 AM,2/10/2025 9:13:25 AM,,,2,,,,,,,
3746602,17-045960,2,False,0109,9/1/2017 10:41:00 PM,2241,09X,14,109,Oakland,1,True,True,D,BROADSIDE,,Friday,,,,,False,False,True,,C,OTHER MOTOR VEHICLE,,0,0,CLEAR,,NO UNUSUAL CONDITIONS - NO UNUSUAL CONDITIONS,,C,DARK-STREET LIGHTS,,,,,,,A,NO PEDESTRIANS INVOLVED,,A,21453A,,1,HARRISON ST,1,,,A,,,MACARTHUR BL,,,A,8/6/2024 10:18:04 AM,2/10/2025 9:13:25 AM,,,2,,,,,,,