collision-id,report-number,report-version,is-preliminary,ncic-code,crash-date-time,crash-time-description,beat,city-id,city-code,city-name,county-code,city-is-active,city-is-incorporated,collision-type-code,collision-type-description,collision-type-other-desc,day-of-week,dispatch-notified,has-photographs,hit-run,is-attachments-mailed,is-deleted,is-highway-related,is-tow-away,judicial-district,motor-vehicle-involved-with-code,motor-vehicle-involved-with-desc,motor-vehicle-involved-with-other-desc,number-injured,number-killed,weather-1,weather-2,road-condition-1,road-condition-2,special-condition-lighting-code,lighting-description,latitude,longitude,milepost-direction,milepost-distance,milepost-marker,milepost-unit-of-measure,pedestrian-action-code,pedestrian-action-desc,prepared-date,primary-collision-factor-code,primary-collision-factor-violation,primary-collision-factor-is-cited,primary-collision-party-number,primary-road,reporting-district,reporting-district-code,reviewed-date,roadway-surface-code,secondary-direction,secondary-distance,secondary-road,secondary-unit-of-measure,sketch-desc,traffic-control-device-code,created-date,modified-date,is-county-road,is-freeway,chp-555-version,is-additonal-object-struck,notification-date,notification-time-description,has-digital-media-files,evidence-number,is-location-refer-to-narrative,is-aoi-one-same-as-location
3746601,17-039830,2,False,0109,7/13/2017 9:41:00 PM,2141,24Y,14,109,Oakland,1,True,True,D,BROADSIDE,,Thursday,,,,,False,False,False,,E,PARKED MOTOR VEHICLE,,0,0,CLEAR,,NO UNUSUAL CONDITIONS - NO UNUSUAL CONDITIONS,,C,DARK-STREET LIGHTS,,,,,,,A,NO PEDESTRIANS INVOLVED,,A,22106,,1,35TH AV,2,,,A,N,12.0,ALEXANDER CT,F,,D,8/6/2024 10:18:04 AM,2/10/2025 9:13:25 AM,,,2,,,,,,,
3746600,17-056986,2,False,0109,10/30/2017 3:00:00 PM,1500,21X,14,109,Oakland,1,True,True,G,VEHICLE/PEDESTRAIN,,Monday,,,,,False,False,False,,B,PEDESTRIAN,,0,0,CLEAR,,NO UNUSUAL CONDITIONS - NO UNUSUAL CONDITIONS,,A,DAYLIGHT,,,,,,,B,CROSSING IN CROSS WALK AT INTERSECTION,,A,21950A,,1,CHAMPION ST,1,,,A,,,SCHOOL ST,,,D,8/6/2024 10:18:04 AM,2/10/2025 9:13:25 AM,,,2,,,,,,,
3746599,17-038113,2,False,0109,7/21/2017 8:09:00 AM,809,11X,14,109,Oakland,1,True,True,C,REAR END,,Friday,,,,,False,False,False,,,,,0,0,CLEAR,,NO UNUSUAL CONDITIONS - NO UNUSUAL CONDITIONS,,A,DAYLIGHT,,,,,,,A,NO PEDESTRIANS INVOLVED,,A,21703,,1,55TH ST,1,,,A,,,MARTIN LUTHER KING JR WY,,,A,8/6/2024 10:18:04 AM,2/10/2025 9:13:25 AM,,,2,,,,,,,
3746598,17-053238,2,False,0109,10/10/2017 8:05:00 PM,2005,10X,14,109,Oakland,1,True,True,B,SIDE SWIPE,,Tuesday,,,M,,False,False,False,,C,OTHER MOTOR VEHICLE,,0,0,CLEAR,,NO UNUSUAL CONDITIONS - NO UNUSUAL CONDITIONS,,C,DARK-STREET LIGHTS,,,,,,,A,NO PEDESTRIANS INVOLVED,,A,22107,,1,MARTIN LUTHER KING JR WY,1,,,A,N,25.0,46TH ST,F,,B,8/6/2024 10:18:04 AM,2/10/2025 9:13:25 AM,,,2,,,,,,,
3746597,17-037191,2,False,0109,7/1/2017 8:30:00 PM,2030,02X,14,109,Oakland,1,True,True,B,SIDE SWIPE,,Saturday,,,,,False,False,False,,C,OTHER MOTOR VEHICLE,,0,0,CLEAR,,NO UNUSUAL CONDITIONS - NO UNUSUAL CONDITIONS,,A,DAYLIGHT,,,,,,,A,NO PEDESTRIANS INVOLVED,,A,22107,,,7TH ST,1,,,A,E,300.0,MARKET ST,F,,D,8/6/2024 10:18:03 AM,2/10/2025 9:13:25 AM,,,2,,,,,,,
3746596,17-036244,2,False,0109,7/11/2017 5:30:00 PM,1730,23X,14,109,Oakland,1,True,True,C,REAR END,,Tuesday,,,,,False,False,False,,C,OTHER MOTOR VEHICLE,,0,0,CLEAR,,NO UNUSUAL CONDITIONS - NO UNUSUAL CONDITIONS,,A,DAYLIGHT,,,,,,,A,NO PEDESTRIANS INVOLVED,,A,21703,,1,INTERNATIONAL BL,2,,,A,E,50.0,FRUITVALE AV,F,,A,8/6/2024 10:18:03 AM,2/10/2025 9:13:25 AM,,,2,,,,,,,
3746595,17-045582,2,False,0109,8/31/2017 1:16:00 AM,116,27X,14,109,Oakland,1,True,True,A,HEAD-ON,,Thursday,,,M,,False,False,False,,E,PARKED MOTOR VEHICLE,,0,0,CLEAR,,NO UNUSUAL CONDITIONS - NO UNUSUAL CONDITIONS,,C,DARK-STREET LIGHTS,,,,,,,A,NO PEDESTRIANS INVOLVED,,A,21460A,,1,FOOTHILL BL,2,,,A,E,100.0,FAIRFAX BL,F,,A,8/6/2024 10:18:03 AM,2/10/2025 9:13:25 AM,,,2,,,,,,,
3746594,17-037289,2,False,0109,7/17/2017 9:52:00 AM,952,14X,14,109,Oakland,1,True,True,B,SIDE SWIPE,,Monday,,,,,False,False,False,,C,OTHER MOTOR VEHICLE,,0,0,CLEAR,,NO UNUSUAL CONDITIONS - NO UNUSUAL CONDITIONS,,A,DAYLIGHT,,,,,,,A,NO PEDESTRIANS INVOLVED,,A,22107,,,GRAND AV,1,,,A,S,150.0,MACARTHUR BL,F,,A,8/6/2024 10:18:03 AM,2/10/2025 9:13:25 AM,,,2,,,,,,,
3746593,17-043431,2,False,0109,8/30/2017 6:07:00 PM,1807,24X,14,109,Oakland,1,True,True,A,HEAD-ON,,Wednesday,,,M,,False,False,False,,E,PARKED MOTOR VEHICLE,,0,0,CLEAR,,NO UNUSUAL CONDITIONS - NO UNUSUAL CONDITIONS,,B,DUSK-DAWN,,,,,,,A,NO PEDESTRIANS INVOLVED,,A,22350,,1,SANTA RITA ST,2,,,A,,,HARRINGTON AV,,,D,8/6/2024 10:18:03 AM,2/10/2025 9:13:25 AM,,,2,,,,,,,
3746592,17-045328,2,False,0109,8/29/2017 6:22:00 PM,1822,30X,14,109,Oakland,1,True,True,A,HEAD-ON,,Tuesday,,,M,,False,False,False,,B,PEDESTRIAN,,0,0,CLEAR,,NO UNUSUAL CONDITIONS - NO UNUSUAL CONDITIONS,,A,DAYLIGHT,,,,,,,B,CROSSING IN CROSS WALK AT INTERSECTION,,A,21950A,,1,HALLIDAY AV,2,,,A,,,73RD AV,,,D,8/6/2024 10:18:03 AM,2/10/2025 9:13:25 AM,,,2,,,,,,,
3746591,17-036182,2,False,0109,7/1/2017 3:00:00 PM,1500,26X,14,109,Oakland,1,True,True,B,SIDE SWIPE,,Saturday,,,M,,False,False,False,,E,PARKED MOTOR VEHICLE,,0,0,CLEAR,,NO UNUSUAL CONDITIONS - NO UNUSUAL CONDITIONS,,A,DAYLIGHT,,,,,,,A,NO PEDESTRIANS INVOLVED,,A,22350,,1,E 10TH ST,2,,,A,E,50.0,50TH AV,F,,D,8/6/2024 10:18:03 AM,2/10/2025 9:13:24 AM,,,2,,,,,,,
3746590,17-042220,2,False,0109,8/12/2017 10:49:00 PM,2249,19X,14,109,Oakland,1,True,True,D,BROADSIDE,,Saturday,,,,,False,False,False,,C,OTHER MOTOR VEHICLE,,0,0,CLEAR,,NO UNUSUAL CONDITIONS - NO UNUSUAL CONDITIONS,,B,DUSK-DAWN,,,,,,,A,NO PEDESTRIANS INVOLVED,,A,22350,,1,FOOTHILL BL,1,,,A,,,6TH AV,,,A,8/6/2024 10:18:02 AM,2/10/2025 9:13:25 AM,,,2,,,,,,,
3746589,17-035487,2,False,0109,7/7/2017 6:38:00 PM,1838,30X,14,109,Oakland,1,True,True,C,REAR END,,Friday,,,F,,False,False,False,,E,PARKED MOTOR VEHICLE,,0,0,CLEAR,,NO UNUSUAL CONDITIONS - NO UNUSUAL CONDITIONS,,A,DAYLIGHT,,,,,,,A,NO PEDESTRIANS INVOLVED,,A,22350,,1,72ND AV,2,,,A,N,25.0,INTERNATIONAL BL,F,,A,8/6/2024 10:18:02 AM,2/10/2025 9:13:25 AM,,,2,,,,,,,
3746588,17-041410,2,False,0109,8/8/2017 1:20:00 PM,1320,23X,14,109,Oakland,1,True,True,G,VEHICLE/PEDESTRAIN,,Tuesday,,,F,,False,False,False,,B,PEDESTRIAN,,0,0,CLEAR,,NO UNUSUAL CONDITIONS - NO UNUSUAL CONDITIONS,,A,DAYLIGHT,,,,,,,B,CROSSING IN CROSS WALK AT INTERSECTION,,A,21950A,,1,37TH AV,2,,,A,,,INTERNATIONAL BL,,,D,8/6/2024 10:18:02 AM,2/10/2025 9:13:24 AM,,,2,,,,,,,
3746587,17-037867,2,False,0109,7/20/2017 10:26:00 PM,2226,30Y,14,109,Oakland,1,True,True,C,REAR END,,Thursday,,,M,,False,False,False,,E,PARKED MOTOR VEHICLE,,0,0,CLEAR,,NO UNUSUAL CONDITIONS - NO UNUSUAL CONDITIONS,,C,DARK-STREET LIGHTS,,,,,,,A,NO PEDESTRIANS INVOLVED,,A,22106,,1,67TH AV,2,,,A,S,100.0,FOOTHILL BL,F,,D,8/6/2024 10:18:02 AM,2/10/2025 9:13:24 AM,,,2,,,,,,,
3746586,17-044016,2,False,0109,8/22/2017 7:25:00 PM,1925,12X,14,109,Oakland,1,True,True,A,HEAD-ON,,Tuesday,,,M,,False,False,False,,C,OTHER MOTOR VEHICLE,,0,0,CLEAR,,NO UNUSUAL CONDITIONS - NO UNUSUAL CONDITIONS,,A,DAYLIGHT,,,,,,,A,NO PEDESTRIANS INVOLVED,,A,21800B,,1,58TH ST,1,,,A,,,HERMANN ST,,,D,8/6/2024 10:18:02 AM,2/10/2025 9:13:24 AM,,,2,,,,,,,
3746585,17-037060,2,False,0109,7/15/2017 11:15:00 PM,2315,14X,14,109,Oakland,1,True,True,,,,Saturday,,,M,,False,False,False,,,,,0,0,CLEAR,,NO UNUSUAL CONDITIONS - NO UNUSUAL CONDITIONS,,,,,,,,,,,,,A,22350,,1,GRAND AV,1,,,,S,15.0,LAKE PARK AV,F,,,8/6/2024 10:18:02 AM,2/10/2025 9:13:24 AM,,,2,,,,,,,
3746584,17-036895,2,False,0109,7/14/2017 10:50:00 PM,2250,24X,14,109,Oakland,1,True,True,B,SIDE SWIPE,,Friday,,,M,,False,False,True,,E,PARKED MOTOR VEHICLE,,0,0,CLEAR,,NO UNUSUAL CONDITIONS - NO UNUSUAL CONDITIONS,,C,DARK-STREET LIGHTS,,,,,,,A,NO PEDESTRIANS INVOLVED,,A,22107,,1,HIGH ST,2,,,A,S,30.0,SUTTER,F,,A,8/6/2024 10:18:02 AM,2/10/2025 9:13:24 AM,,,2,,,,,,,
3746583,17-045379,2,False,0109,8/30/2017 1:40:00 AM,140,21X,14,109,Oakland,1,True,True,B,SIDE SWIPE,,Wednesday,,,M,,False,False,True,,E,PARKED MOTOR VEHICLE,,0,0,CLEAR,,NO UNUSUAL CONDITIONS - NO UNUSUAL CONDITIONS,,C,DARK-STREET LIGHTS,,,,,,,A,NO PEDESTRIANS INVOLVED,,A,22107,,1,COOLIDGE AV,1,,,A,S,400.0,SCHOOL ST,F,,D,8/6/2024 10:18:02 AM,2/10/2025 9:13:24 AM,,,2,,,,,,,
3746582,17-045738,2,False,0109,8/31/2017 6:37:00 PM,1837,07X,14,109,Oakland,1,True,True,G,VEHICLE/PEDESTRAIN,,Thursday,,,,,False,False,False,,B,PEDESTRIAN,,0,0,CLEAR,,NO UNUSUAL CONDITIONS - NO UNUSUAL CONDITIONS,,A,DAYLIGHT,,,,,,,C,CROSSING IN CROSS WALK - NOT AT INTERSECTION,,A,21955,,1,SAN PABLO AV,1,,,A,S,150.0,35TH ST,F,,D,8/6/2024 10:18:01 AM,2/10/2025 9:13:24 AM,,,2,,,,,,,
3746580,17-045724,2,False,0109,8/31/2017 5:18:00 PM,1718,31X,14,109,Oakland,1,True,True,D,BROADSIDE,,Thursday,,,,,False,False,False,,C,OTHER MOTOR VEHICLE,,0,0,CLEAR,,NO UNUSUAL CONDITIONS - NO UNUSUAL CONDITIONS,,A,DAYLIGHT,,,,,,,A,NO PEDESTRIANS INVOLVED,,A,21806A,,1,HEGENBERGER RD,2,,,A,,,BALDWIN ST,,,A,8/6/2024 10:18:01 AM,2/10/2025 9:13:24 AM,,,2,,,,,,,
3746579,17-037617,2,False,0109,7/18/2017 6:20:00 PM,1820,10X,14,109,Oakland,1,True,True,D,BROADSIDE,,Tuesday,,,M,,False,False,False,,C,OTHER MOTOR VEHICLE,,0,0,CLEAR,,NO UNUSUAL CONDITIONS - NO UNUSUAL CONDITIONS,,A,DAYLIGHT,,,,,,,A,NO PEDESTRIANS INVOLVED,,A,22107,,1,WEST ST,1,,,A,S,50.0,42ND ST,F,,D,8/6/2024 10:18:01 AM,2/10/2025 9:13:24 AM,,,2,,,,,,,
3746566,17-062446,2,False,0109,11/30/2017 3:15:00 PM,1515,19X,14,109,Oakland,1,True,True,D,BROADSIDE,,Thursday,,,,,False,False,False,,C,OTHER MOTOR VEHICLE,,0,0,CLEAR,,NO UNUSUAL CONDITIONS - NO UNUSUAL CONDITIONS,,A,DAYLIGHT,,,,,,,A,NO PEDESTRIANS INVOLVED,,A,21802A,,1,E 10TH ST,1,,,A,,,7TH AV,,,A,8/6/2024 10:18:00 AM,2/10/2025 9:13:24 AM,,,2,,,,,,,
3746560,17-061267,2,False,0109,11/23/2017 11:03:00 PM,2303,24X,14,109,Oakland,1,True,True,C,REAR END,,Thursday,,,M,,False,False,True,,E,PARKED MOTOR VEHICLE,,0,0,CLEAR,,NO UNUSUAL CONDITIONS - NO UNUSUAL CONDITIONS,,C,DARK-STREET LIGHTS,,,,,,,A,NO PEDESTRIANS INVOLVED,,A,23152A,,1,LYON AV,2,,,A,E,50.0,HARRINGTON ST,F,,A,8/6/2024 10:17:59 AM,2/10/2025 9:13:24 AM,,,2,,,,,,,
3746506,17-037509,2,False,0109,7/18/2017 12:00:00 PM,1200,05X,14,109,Oakland,1,True,True,A,HEAD-ON,,Tuesday,,,,,False,False,False,,C,OTHER MOTOR VEHICLE,,1,0,CLEAR,,NO UNUSUAL CONDITIONS - NO UNUSUAL CONDITIONS,,A,DAYLIGHT,,,,,,,A,NO PEDESTRIANS INVOLVED,,A,22100B,,1,16TH ST,1,,,A,W,5.0,ADELINE,F,,A,8/6/2024 10:17:53 AM,2/10/2025 9:13:22 AM,,,2,,,,,,,
3746502,17-038400,2,False,0109,7/22/2017 11:05:00 PM,2305,27Y,14,109,Oakland,1,True,True,B,SIDE SWIPE,,Saturday,,,,,False,False,True,,C,OTHER MOTOR VEHICLE,,3,0,CLEAR,,NO UNUSUAL CONDITIONS - NO UNUSUAL CONDITIONS,,C,DARK-STREET LIGHTS,,,,,,,F,NOT IN ROAD,,A,22107,,1,SEMINARY AV,2,,,A,N,60.0,AVENAL ST,F,,D,8/6/2024 10:17:52 AM,2/10/2025 9:13:22 AM,,,2,,,,,,,
3746498,17-037786,2,False,0109,7/19/2017 5:27:00 PM,1727,10X,14,109,Oakland,1,True,True,A,HEAD-ON,,Wednesday,,,,,False,False,False,,C,OTHER MOTOR VEHICLE,,2,0,CLEAR,,NO UNUSUAL CONDITIONS - NO UNUSUAL CONDITIONS,,A,DAYLIGHT,,,,,,,A,NO PEDESTRIANS INVOLVED,,A,21804A,,1,MARKET ST,1,,,A,,,61ST ST,,,A,8/6/2024 10:17:52 AM,2/10/2025 9:13:22 AM,,,2,,,,,,,
3746494,17-037583,2,False,0109,7/18/2017 5:31:00 PM,1731,14X,14,109,Oakland,1,True,True,C,REAR END,,Tuesday,,,,,False,False,False,,G,BICYCLE,,1,0,CLEAR,,NO UNUSUAL CONDITIONS - NO UNUSUAL CONDITIONS,,A,DAYLIGHT,,,,,,,A,NO PEDESTRIANS INVOLVED,,A,21703,,1,GRAND AV,1,,,A,W,50.0,PERKINS ST,F,,A,8/6/2024 10:17:51 AM,2/10/2025 9:13:22 AM,,,2,,,,,,,
3746493,17-067591,2,False,0109,12/29/2017 11:36:00 AM,1136,20X,14,109,Oakland,1,True,True,D,BROADSIDE,,Friday,,,,,False,False,False,,C,OTHER MOTOR VEHICLE,,0,0,CLEAR,,NO UNUSUAL CONDITIONS - NO UNUSUAL CONDITIONS,,A,DAYLIGHT,,,,,,,A,NO PEDESTRIANS INVOLVED,,A,22106,,1,E 15TH ST,2,,,A,,,31ST AV,,,D,8/6/2024 10:17:51 AM,2/10/2025 9:13:22 AM,,,2,,,,,,,
3746490,17-039391,2,False,0109,7/28/2017 9:15:00 AM,915,24X,14,109,Oakland,1,True,True,D,BROADSIDE,,Friday,,,M,,False,False,False,,C,OTHER MOTOR VEHICLE,,1,0,CLEAR,,NO UNUSUAL CONDITIONS - NO UNUSUAL CONDITIONS,,A,DAYLIGHT,,,,,,,A,NO PEDESTRIANS INVOLVED,,A,21802A,,1,LYON ST,1,,,A,,,38TH AV,,,A,8/6/2024 10:17:51 AM,2/10/2025 9:13:22 AM,,,2,,,,,,,
3746486,17-036031,2,False,0109,7/10/2017 9:04:00 PM,2104,26Y,14,109,Oakland,1,True,True,D,BROADSIDE,,Monday,,,M,,False,False,False,,C,OTHER MOTOR VEHICLE,,1,0,CLEAR,,NO UNUSUAL CONDITIONS - NO UNUSUAL CONDITIONS,,A,DAYLIGHT,,,,,,,A,NO PEDESTRIANS INVOLVED,,A,21800A,,1,52ND AV,2,,,A,,,E 10TH ST,,,D,8/6/2024 10:17:50 AM,2/10/2025 9:13:22 AM,,,2,,,,,,,
3746485,17-062880,2,False,0109,12/2/2017 5:55:00 PM,1755,10X,14,109,Oakland,1,True,True,C,REAR END,,Saturday,,,,,False,False,False,,C,OTHER MOTOR VEHICLE,,0,0,CLOUDY,,NO UNUSUAL CONDITIONS - NO UNUSUAL CONDITIONS,,C,DARK-STREET LIGHTS,,,,,,,A,NO PEDESTRIANS INVOLVED,,A,23152A,,1,SAN PABLO AV,1,,,A,N,30.0,60TH ST,F,,D,8/6/2024 10:17:50 AM,2/10/2025 9:13:22 AM,,,2,,,,,,,
3746482,17-042135,2,False,0109,8/12/2017 11:35:00 AM,1135,27X,14,109,Oakland,1,True,True,G,VEHICLE/PEDESTRAIN,,Saturday,,,,,False,False,False,,B,PEDESTRIAN,,1,0,CLOUDY,,NO UNUSUAL CONDITIONS - NO UNUSUAL CONDITIONS,,A,DAYLIGHT,,,,,,,D,CROSSING - NOT IN CROSSWALK,,A,21954A,,1,INTERNATIONAL BL,2,,,A,E,100.0,SEMINARY,F,,A,8/6/2024 10:17:50 AM,2/10/2025 9:13:21 AM,,,2,,,,,,,
3746479,17-054059,2,False,0109,10/15/2017 7:22:00 PM,1922,25X,14,109,Oakland,1,True,True,E,HIT OBJECT,,Sunday,,,,,False,False,True,,I,FIXED OBJECT,,1,0,CLEAR,,NO UNUSUAL CONDITIONS - NO UNUSUAL CONDITIONS,,D,DARK-NO STREET LIGHTS,,,,,,,A,NO PEDESTRIANS INVOLVED,,A,22350,,1,SKYLINE BL,2,,,A,W,0.1,HANSOM DR,M,,A,8/6/2024 10:17:49 AM,2/10/2025 9:13:21 AM,,,2,,,,,,,
3746474,17-045256,2,False,0109,8/29/2017 10:31:00 AM,1031,03X,14,109,Oakland,1,True,True,D,BROADSIDE,,Tuesday,,,,,False,False,False,,C,OTHER MOTOR VEHICLE,,1,0,CLEAR,,NO UNUSUAL CONDITIONS - NO UNUSUAL CONDITIONS,,A,DAYLIGHT,,,,,,,A,NO PEDESTRIANS INVOLVED,,A,21453A,,1,8TH ST,1,,,A,,,MADISON ST,,,A,8/6/2024 10:17:48 AM,2/10/2025 9:13:21 AM,,,2,,,,,,,
3746461,17-051865,2,False,0109,10/3/2017 6:45:00 PM,1845,22Y,14,109,Oakland,1,True,True,B,SIDE SWIPE,,Tuesday,,,M,,False,False,False,,C,OTHER MOTOR VEHICLE,,1,0,CLEAR,,NO UNUSUAL CONDITIONS - NO UNUSUAL CONDITIONS,,A,DAYLIGHT,,,,,,,A,NO PEDESTRIANS INVOLVED,,A,22107,,1,JOAQUIN MILLER RD,1,,,A,N,100.0,CRANE WY,F,,D,8/6/2024 10:17:47 AM,2/10/2025 9:13:21 AM,,,2,,,,,,,
3746424,17-066386,2,False,0109,12/21/2017 5:53:00 PM,1753,03X,14,109,Oakland,1,True,True,G,VEHICLE/PEDESTRAIN,,Thursday,,,,,False,False,False,,B,PEDESTRIAN,,1,0,CLEAR,,NO UNUSUAL CONDITIONS - NO UNUSUAL CONDITIONS,,C,DARK-STREET LIGHTS,,,,,,,B,CROSSING IN CROSS WALK AT INTERSECTION,,A,21950A,,1,7TH ST,1,,,A,,,WEBSTER ST,,,A,8/6/2024 10:17:42 AM,2/10/2025 9:13:20 AM,,,2,,,,,,,
3746415,17-067600,2,False,0109,12/29/2017 2:00:00 PM,1400,22X,14,109,Oakland,1,True,True,A,HEAD-ON,,Friday,,,,,False,False,True,,C,OTHER MOTOR VEHICLE,,2,0,CLEAR,,NO UNUSUAL CONDITIONS - NO UNUSUAL CONDITIONS,,A,DAYLIGHT,,,,,,,A,NO PEDESTRIANS INVOLVED,,A,21801A,,1,COOLIDGE AV,2,,,A,,,MONTANA ST,,,A,8/6/2024 10:17:41 AM,2/10/2025 9:13:19 AM,,,2,,,,,,,
3746398,17-064020,2,False,0109,12/8/2017 11:00:00 PM,2300,26X,14,109,Oakland,1,True,True,D,BROADSIDE,,Friday,,,M,,False,False,False,,C,OTHER MOTOR VEHICLE,,1,0,CLEAR,,OTHER* - OTHER*,,C,DARK-STREET LIGHTS,,,,,,,A,NO PEDESTRIANS INVOLVED,,A,22450A,,1,SAN LEANDRO BL,2,,,A,S,10.0,47TH AV,F,,D,8/6/2024 10:17:39 AM,2/10/2025 9:13:19 AM,,,2,,,,,,,
3746355,17-022142,2,False,0109,4/29/2017 6:04:00 PM,1804,35X,14,109,Oakland,1,True,True,D,BROADSIDE,,Saturday,,,,,False,False,False,,C,OTHER MOTOR VEHICLE,,1,0,CLEAR,,NO UNUSUAL CONDITIONS - NO UNUSUAL CONDITIONS,,A,DAYLIGHT,,,,,,,A,NO PEDESTRIANS INVOLVED,,A,22350,,1,MACARTHUR BL,2,,,A,W,750.0,88TH AV,F,,D,8/6/2024 10:17:33 AM,2/10/2025 9:13:18 AM,,,2,,,,,,,
3746340,17-063647,2,False,0109,12/7/2017 2:01:00 AM,201,29X,14,109,Oakland,1,True,True,E,HIT OBJECT,,Thursday,,,,,False,False,False,,I,FIXED OBJECT,,0,0,CLEAR,,NO UNUSUAL CONDITIONS - NO UNUSUAL CONDITIONS,,C,DARK-STREET LIGHTS,,,,,,,A,NO PEDESTRIANS INVOLVED,,A,23152A,,1,56TH AV,2,,,A,S,15.0,MACARTHUR BL,F,,D,8/6/2024 10:17:31 AM,2/10/2025 9:13:17 AM,,,2,,,,,,,
3746322,17-038045,2,False,0109,7/20/2017 10:16:00 PM,2216,30X,14,109,Oakland,1,True,True,D,BROADSIDE,,Thursday,,,M,,False,False,False,,C,OTHER MOTOR VEHICLE,,1,0,CLEAR,,NO UNUSUAL CONDITIONS - NO UNUSUAL CONDITIONS,,C,DARK-STREET LIGHTS,,,,,,,A,NO PEDESTRIANS INVOLVED,,A,21453A,,1,73RD AV,2,,,A,,,GARFIELD AV,,,A,8/6/2024 10:17:29 AM,2/10/2025 9:13:17 AM,,,2,,,,,,,
3746321,17-037058,2,False,0109,7/15/2017 10:48:00 PM,2248,04X,14,109,Oakland,1,True,True,D,BROADSIDE,,Saturday,,,,,False,False,False,,C,OTHER MOTOR VEHICLE,,2,0,CLEAR,,NO UNUSUAL CONDITIONS - NO UNUSUAL CONDITIONS,,C,DARK-STREET LIGHTS,,,,,,,A,NO PEDESTRIANS INVOLVED,,A,21453A,,1,17TH ST,1,,,A,,,CASTRO ST,,,A,8/6/2024 10:17:29 AM,2/10/2025 9:13:17 AM,,,2,,,,,,,
3746315,17-037048,2,False,0109,7/15/2017 10:15:00 PM,2215,31X,14,109,Oakland,1,True,True,C,REAR END,,Saturday,,,M,,False,False,False,,C,OTHER MOTOR VEHICLE,,0,0,CLEAR,,NO UNUSUAL CONDITIONS - NO UNUSUAL CONDITIONS,,C,DARK-STREET LIGHTS,,,,,,,A,NO PEDESTRIANS INVOLVED,,A,22107,,1,HEGENBERGER RD,2,,,A,S,50.0,EDES AV,F,,A,8/6/2024 10:17:28 AM,2/10/2025 9:13:17 AM,,,2,,,,,,,
3746311,17-036044,2,False,0109,7/10/2017 9:42:00 PM,2142,27X,14,109,Oakland,1,True,True,B,SIDE SWIPE,,Monday,,,M,,False,False,False,,,,,0,0,CLEAR,,NO UNUSUAL CONDITIONS - NO UNUSUAL CONDITIONS,,C,DARK-STREET LIGHTS,,,,,,,A,NO PEDESTRIANS INVOLVED,,A,22107,,1,52ND AV,2,,,A,N,100.0,INTERNATIONAL BL,F,,D,8/6/2024 10:17:27 AM,2/10/2025 9:13:16 AM,,,2,,,,,,,
3746308,17-015220,2,False,0109,3/23/2017 7:08:00 PM,1908,27X,14,109,Oakland,1,True,True,A,HEAD-ON,,Thursday,,,M,,False,False,False,,E,PARKED MOTOR VEHICLE,,0,0,CLOUDY,,NO UNUSUAL CONDITIONS - NO UNUSUAL CONDITIONS,,B,DUSK-DAWN,,,,,,,A,NO PEDESTRIANS INVOLVED,,A,22515A,,1,50TH AV,2,,,A,S,50.0,VICKSBURG AV,F,,D,8/6/2024 10:17:27 AM,2/10/2025 9:13:16 AM,,,2,,,,,,,
3746291,17-036968,2,False,0109,7/15/2017 12:08:00 PM,1208,22X,14,109,Oakland,1,True,True,D,BROADSIDE,,Saturday,,,,,False,False,True,,C,OTHER MOTOR VEHICLE,,1,0,CLEAR,,NO UNUSUAL CONDITIONS - NO UNUSUAL CONDITIONS,,A,DAYLIGHT,,,,,,,A,NO PEDESTRIANS INVOLVED,,A,21453A,,1,COOLIDGE AV,1,,,A,,,MACARTHUR BL,,,A,8/6/2024 10:17:25 AM,2/10/2025 9:13:16 AM,,,2,,,,,,,
3746286,17-057841,2,False,0109,11/3/2017 7:37:00 PM,1937,30Y,14,109,Oakland,1,True,True,D,BROADSIDE,,Friday,,,,,False,False,False,,C,OTHER MOTOR VEHICLE,,4,0,CLOUDY,,NO UNUSUAL CONDITIONS - NO UNUSUAL CONDITIONS,,C,DARK-STREET LIGHTS,,,,,,,A,NO PEDESTRIANS INVOLVED,,A,21801A,,1,MACARTHUR BL,2,,,B,E,100.0,PARKER AV,F,,D,8/6/2024 10:17:24 AM,2/10/2025 9:13:16 AM,,,2,,,,,,,
3746285,17-065015,2,False,0109,12/14/2017 3:17:00 PM,1517,04X,14,109,Oakland,1,True,True,A,HEAD-ON,,Thursday,,,,,False,False,True,,C,OTHER MOTOR VEHICLE,,0,0,CLEAR,,NO UNUSUAL CONDITIONS - NO UNUSUAL CONDITIONS,,A,DAYLIGHT,,,,,,,A,NO PEDESTRIANS INVOLVED,,A,21801A,,1,HARRISON ST,1,,,A,,,17TH ST,,,A,8/6/2024 10:17:24 AM,2/10/2025 9:13:16 AM,,,2,,,,,,,
3746044,17-058532,2,False,0109,11/7/2017 4:24:00 PM,1624,16X,14,109,Oakland,1,True,True,C,REAR END,,Tuesday,,,M,,False,False,True,,C,OTHER MOTOR VEHICLE,,2,0,CLEAR,,NO UNUSUAL CONDITIONS - NO UNUSUAL CONDITIONS,,A,DAYLIGHT,,,,,,,A,NO PEDESTRIANS INVOLVED,,A,22350,,1,LAKE PARK AV,1,,,A,E,39.0,LAKESHORE AV,F,,A,8/6/2024 10:16:55 AM,2/10/2025 9:13:09 AM,,,2,,,,,,,
3745677,17-058510,2,False,0109,11/7/2017 4:48:00 PM,1648,16X,14,109,Oakland,1,True,True,H,OTHER,,Tuesday,,,,,False,False,True,,A,NON-COLLISION,,3,0,CLEAR,,NO UNUSUAL CONDITIONS - NO UNUSUAL CONDITIONS,,A,DAYLIGHT,,,,,,,A,NO PEDESTRIANS INVOLVED,,C,,,,LAKE PARK AV,2,,,A,E,286.0,LAKESHORE AV,F,,D,8/6/2024 10:16:11 AM,2/10/2025 9:12:58 AM,,,2,,,,,,,