collision-id,report-number,report-version,is-preliminary,ncic-code,crash-date-time,crash-time-description,beat,city-id,city-code,city-name,county-code,city-is-active,city-is-incorporated,collision-type-code,collision-type-description,collision-type-other-desc,day-of-week,dispatch-notified,has-photographs,hit-run,is-attachments-mailed,is-deleted,is-highway-related,is-tow-away,judicial-district,motor-vehicle-involved-with-code,motor-vehicle-involved-with-desc,motor-vehicle-involved-with-other-desc,number-injured,number-killed,weather-1,weather-2,road-condition-1,road-condition-2,special-condition-lighting-code,lighting-description,latitude,longitude,milepost-direction,milepost-distance,milepost-marker,milepost-unit-of-measure,pedestrian-action-code,pedestrian-action-desc,prepared-date,primary-collision-factor-code,primary-collision-factor-violation,primary-collision-factor-is-cited,primary-collision-party-number,primary-road,reporting-district,reporting-district-code,reviewed-date,roadway-surface-code,secondary-direction,secondary-distance,secondary-road,secondary-unit-of-measure,sketch-desc,traffic-control-device-code,created-date,modified-date,is-county-road,is-freeway,chp-555-version,is-additonal-object-struck,notification-date,notification-time-description,has-digital-media-files,evidence-number,is-location-refer-to-narrative,is-aoi-one-same-as-location
3757577,17-067372,2,False,0109,12/28/2017 4:05:00 AM,405,23X,14,109,Oakland,1,True,True,A,HEAD-ON,,Thursday,,,M,,False,False,True,,I,FIXED OBJECT,,0,0,CLEAR,,NO UNUSUAL CONDITIONS - NO UNUSUAL CONDITIONS,,C,DARK-STREET LIGHTS,,,,,,,A,NO PEDESTRIANS INVOLVED,,A,22107,,1,HIGH ST,2,,,A,,,FOOTHILL BL,,,A,8/6/2024 10:42:18 AM,2/10/2025 9:19:52 AM,,,2,,,,,,,
3757576,17-065524,2,False,0109,12/17/2017 5:05:00 PM,1705,30X,14,109,Oakland,1,True,True,D,BROADSIDE,,Sunday,,,M,,False,False,True,,C,OTHER MOTOR VEHICLE,,0,0,CLEAR,,NO UNUSUAL CONDITIONS - NO UNUSUAL CONDITIONS,,B,DUSK-DAWN,,,,,,,A,NO PEDESTRIANS INVOLVED,,A,21453A,,1,73RD AV,2,,,A,,,ARTHUR ST,,,A,8/6/2024 10:42:18 AM,2/10/2025 9:19:52 AM,,,2,,,,,,,
3757575,17-066894,2,False,0109,12/25/2017 1:44:00 AM,144,30X,14,109,Oakland,1,True,True,C,REAR END,,Monday,,,M,,False,False,True,,E,PARKED MOTOR VEHICLE,,0,0,CLEAR,,NO UNUSUAL CONDITIONS - NO UNUSUAL CONDITIONS,,C,DARK-STREET LIGHTS,,,,,,,A,NO PEDESTRIANS INVOLVED,,A,22350,,1,INTERNATIONAL BL,2,,,A,,,77TH AV,,,D,8/6/2024 10:42:18 AM,2/10/2025 9:19:52 AM,,,2,,,,,,,
3757574,17-067882,2,False,0109,12/31/2017 2:00:00 PM,1400,20X,14,109,Oakland,1,True,True,A,HEAD-ON,,Sunday,,,M,,False,False,False,,E,PARKED MOTOR VEHICLE,,0,0,CLEAR,,NO UNUSUAL CONDITIONS - NO UNUSUAL CONDITIONS,,A,DAYLIGHT,,,,,,,C,CROSSING IN CROSS WALK - NOT AT INTERSECTION,,A,22107,,1,30TH AV,1,,,A,S,10.0,E 12TH ST,F,,D,8/6/2024 10:42:18 AM,2/10/2025 9:19:52 AM,,,2,,,,,,,
3757573,17-055616,2,False,0109,10/23/2017 12:55:00 PM,1255,27X,14,109,Oakland,1,True,True,B,SIDE SWIPE,,Monday,,,,,False,False,False,,C,OTHER MOTOR VEHICLE,,0,0,CLEAR,,NO UNUSUAL CONDITIONS - NO UNUSUAL CONDITIONS,,A,DAYLIGHT,,,,,,,A,NO PEDESTRIANS INVOLVED,,A,21802,,1,55TH AV,2,,,A,,,INTERNATIONAL BL,,,A,8/6/2024 10:42:18 AM,2/10/2025 9:19:52 AM,,,2,,,,,,,
3757572,17-061085,2,False,0109,11/22/2017 6:17:00 PM,1817,29X,14,109,Oakland,1,True,True,D,BROADSIDE,,Wednesday,,,,,False,False,False,,C,OTHER MOTOR VEHICLE,,0,0,CLEAR,,NO UNUSUAL CONDITIONS - NO UNUSUAL CONDITIONS,,C,DARK-STREET LIGHTS,,,,,,,A,NO PEDESTRIANS INVOLVED,,A,21453A,,1,55TH AV,2,,,A,,,FOOTHILL BL,,,A,8/6/2024 10:42:18 AM,2/10/2025 9:19:52 AM,,,2,,,,,,,
3757571,17-067920,2,False,0109,12/31/2017 8:25:00 PM,2025,17X,14,109,Oakland,1,True,True,B,SIDE SWIPE,,Sunday,,,M,,False,False,False,,,,,0,0,CLEAR,,NO UNUSUAL CONDITIONS - NO UNUSUAL CONDITIONS,,C,DARK-STREET LIGHTS,,,,,,,A,NO PEDESTRIANS INVOLVED,,A,22107,,1,11TH AV,1,,,A,S,50.0,E 18TH ST,F,,D,8/6/2024 10:42:18 AM,2/10/2025 9:19:52 AM,,,2,,,,,,,
3757569,17-065061,2,False,0109,12/14/2017 8:26:00 PM,2026,03X,14,109,Oakland,1,True,True,B,SIDE SWIPE,,Thursday,,,,,False,False,False,,C,OTHER MOTOR VEHICLE,,0,0,CLEAR,,NO UNUSUAL CONDITIONS - NO UNUSUAL CONDITIONS,,C,DARK-STREET LIGHTS,,,,,,,A,NO PEDESTRIANS INVOLVED,,A,21658A,,1,WEBSTER ST,1,,,A,N,100.0,13TH AV,F,,D,8/6/2024 10:42:18 AM,2/10/2025 9:19:52 AM,,,2,,,,,,,
3757568,17-065365,2,False,0109,12/16/2017 3:37:00 PM,1537,13Z,14,109,Oakland,1,True,True,E,HIT OBJECT,,Saturday,,,,,False,False,False,,I,FIXED OBJECT,,0,0,CLEAR,,NO UNUSUAL CONDITIONS - NO UNUSUAL CONDITIONS,,A,DAYLIGHT,,,,,,,A,NO PEDESTRIANS INVOLVED,,A,22350,,1,MAZUELA DR,1,,,A,N,0.1,MENDOZA DR,M,,D,8/6/2024 10:42:18 AM,2/10/2025 9:19:51 AM,,,2,,,,,,,
3757567,17-065516,2,False,0109,12/17/2017 3:54:00 PM,1554,34X,14,109,Oakland,1,True,True,C,REAR END,,Sunday,,,M,,False,False,False,,E,PARKED MOTOR VEHICLE,,0,0,CLEAR,,NO UNUSUAL CONDITIONS - NO UNUSUAL CONDITIONS,,A,DAYLIGHT,,,,,,,A,NO PEDESTRIANS INVOLVED,,A,22107,,1,87TH AV,2,,,A,N,100.0,OLIVE ST,F,,D,8/6/2024 10:42:17 AM,2/10/2025 9:19:51 AM,,,2,,,,,,,
3757566,17-0653540,2,False,0109,12/6/2017 11:40:00 AM,1140,28X,14,109,Oakland,1,True,True,D,BROADSIDE,,Wednesday,,,,,False,False,False,,C,OTHER MOTOR VEHICLE,,0,0,CLEAR,,NO UNUSUAL CONDITIONS - NO UNUSUAL CONDITIONS,,A,DAYLIGHT,,,,,,,A,NO PEDESTRIANS INVOLVED,,A,21801A,,1,73RD AV,2,,,A,,,HILLMONT DR,,,D,8/6/2024 10:42:17 AM,2/10/2025 9:19:51 AM,,,2,,,,,,,
3757565,17-066756,2,False,0109,12/24/2017 11:46:00 PM,2346,28X,14,109,Oakland,1,True,True,A,HEAD-ON,,Sunday,,,,,False,False,True,,I,FIXED OBJECT,,0,0,CLEAR,,NO UNUSUAL CONDITIONS - NO UNUSUAL CONDITIONS,,C,DARK-STREET LIGHTS,,,,,,,A,NO PEDESTRIANS INVOLVED,,A,22350,,1,MACARTHUR BL,2,,,A,N,320.0,MILLSVIEW AV,F,,D,8/6/2024 10:42:17 AM,2/10/2025 9:19:51 AM,,,2,,,,,,,
3757564,17-065391,2,False,0109,12/16/2017 5:25:00 PM,1725,22X,14,109,Oakland,1,True,True,B,SIDE SWIPE,,Saturday,,,,,False,False,False,,C,OTHER MOTOR VEHICLE,,0,0,CLEAR,,NO UNUSUAL CONDITIONS - NO UNUSUAL CONDITIONS,,B,DUSK-DAWN,,,,,,,A,NO PEDESTRIANS INVOLVED,,D,,,,BOSTON ST,1,,,A,S,15.0,MONTANA ST,F,,D,8/6/2024 10:42:17 AM,2/10/2025 9:19:51 AM,,,2,,,,,,,
3757563,17-065527,2,False,0109,12/17/2017 5:02:00 PM,1702,27X,14,109,Oakland,1,True,True,C,REAR END,,Sunday,,,,,False,False,False,,C,OTHER MOTOR VEHICLE,,0,0,CLEAR,,NO UNUSUAL CONDITIONS - NO UNUSUAL CONDITIONS,,B,DUSK-DAWN,,,,,,,A,NO PEDESTRIANS INVOLVED,,A,22350,,1,SEMINARY AV,2,,,A,,,BRANN ST,,,A,8/6/2024 10:42:17 AM,2/10/2025 9:19:51 AM,,,2,,,,,,,
3757562,17-064813,2,False,0109,12/13/2017 5:00:00 PM,1700,27X,14,109,Oakland,1,True,True,A,HEAD-ON,,Wednesday,,,,,False,False,False,,,,,0,0,CLEAR,,NO UNUSUAL CONDITIONS - NO UNUSUAL CONDITIONS,,C,DARK-STREET LIGHTS,,,,,,,A,NO PEDESTRIANS INVOLVED,,A,21453A,,1,FOOTHILL BL,2,,,A,,,VICKSBURG AV,,,A,8/6/2024 10:42:17 AM,2/10/2025 9:19:51 AM,,,2,,,,,,,
3757561,17-065449,2,False,0109,12/17/2017 4:13:00 AM,413,29X,14,109,Oakland,1,True,True,A,HEAD-ON,,Sunday,,,,,False,False,True,,I,FIXED OBJECT,,0,0,CLEAR,,NO UNUSUAL CONDITIONS - NO UNUSUAL CONDITIONS,,D,DARK-NO STREET LIGHTS,,,,,,,A,NO PEDESTRIANS INVOLVED,,A,22107,,1,65TH AV,2,,,A,S,70.0,OUTLOOK AV,F,,D,8/6/2024 10:42:17 AM,2/10/2025 9:19:51 AM,,,2,,,,,,,
3757560,17-062879,2,False,0109,12/2/2017 7:09:00 PM,1909,07X,14,109,Oakland,1,True,True,B,SIDE SWIPE,,Saturday,,,M,,False,False,False,,,,,0,0,CLEAR,,NO UNUSUAL CONDITIONS - NO UNUSUAL CONDITIONS,,C,DARK-STREET LIGHTS,,,,,,,A,NO PEDESTRIANS INVOLVED,,A,22107,,1,10TH ST,1,,,A,,,LINDEN ST,,,D,8/6/2024 10:42:16 AM,2/10/2025 9:19:51 AM,,,2,,,,,,,
3757559,17-064411,2,False,0109,12/11/2017 1:33:00 PM,1333,10X,14,109,Oakland,1,True,True,B,SIDE SWIPE,,Monday,,,,,False,False,False,,C,OTHER MOTOR VEHICLE,,0,0,CLEAR,,NO UNUSUAL CONDITIONS - NO UNUSUAL CONDITIONS,,A,DAYLIGHT,,,,,,,A,NO PEDESTRIANS INVOLVED,,A,22107,,,SAN PABLO AV,1,,,A,N,100.0,64TH ST,F,,D,8/6/2024 10:42:16 AM,2/10/2025 9:19:51 AM,,,2,,,,,,,
3757558,17-066130,2,False,0109,12/20/2017 4:39:00 PM,1639,26X,14,109,Oakland,1,True,True,A,HEAD-ON,,Wednesday,,,,,False,False,True,,I,FIXED OBJECT,,0,0,CLEAR,,NO UNUSUAL CONDITIONS - NO UNUSUAL CONDITIONS,,A,DAYLIGHT,,,,,,,A,NO PEDESTRIANS INVOLVED,,A,22350,,1,81ST AV,2,,,A,,,SAN LEANDRO ST,,,D,8/6/2024 10:42:16 AM,2/10/2025 9:19:51 AM,,,2,,,,,,,
3757557,17-066373,2,False,0109,12/21/2017 2:30:00 PM,1430,23X,14,109,Oakland,1,True,True,B,SIDE SWIPE,,Thursday,,,,,False,False,False,,C,OTHER MOTOR VEHICLE,,0,0,CLEAR,,NO UNUSUAL CONDITIONS - NO UNUSUAL CONDITIONS,,A,DAYLIGHT,,,,,,,A,NO PEDESTRIANS INVOLVED,,A,21802A,,1,FOOTHILL BL,2,,,A,,,38TH AV,,,A,8/6/2024 10:42:16 AM,2/10/2025 9:19:51 AM,,,2,,,,,,,
3757556,17-064433,2,False,0109,12/11/2017 3:57:00 PM,1557,07X,14,109,Oakland,1,True,True,D,BROADSIDE,,Monday,,,M,,False,False,False,,C,OTHER MOTOR VEHICLE,,0,0,CLEAR,,NO UNUSUAL CONDITIONS - NO UNUSUAL CONDITIONS,,A,DAYLIGHT,,,,,,,A,NO PEDESTRIANS INVOLVED,,A,22450A,,1,24TH ST,4,,,A,,,MYRTLE ST,,,D,8/6/2024 10:42:16 AM,2/10/2025 9:19:51 AM,,,2,,,,,,,
3757555,17-067394,2,False,0109,12/28/2017 9:45:00 AM,945,07X,14,109,Oakland,1,True,True,C,REAR END,,Thursday,,,,,False,False,False,,E,PARKED MOTOR VEHICLE,,0,0,CLEAR,,NO UNUSUAL CONDITIONS - NO UNUSUAL CONDITIONS,,A,DAYLIGHT,,,,,,,A,NO PEDESTRIANS INVOLVED,,A,22106,,1,PERALTA ST,1,,,A,N,75.0,34TH,F,,A,8/6/2024 10:42:16 AM,2/10/2025 9:19:51 AM,,,2,,,,,,,
3757554,17-065989,2,False,0109,12/19/2017 9:55:00 PM,2155,07X,14,109,Oakland,1,True,True,E,HIT OBJECT,,Tuesday,,,M,,False,False,True,,I,FIXED OBJECT,,0,0,CLEAR,,NO UNUSUAL CONDITIONS - NO UNUSUAL CONDITIONS,,C,DARK-STREET LIGHTS,,,,,,,A,NO PEDESTRIANS INVOLVED,,A,22350,,1,FILBERT ST,1,,,A,,,32ND ST,,,A,8/6/2024 10:42:16 AM,2/10/2025 9:19:51 AM,,,2,,,,,,,
3757553,17-062967,2,False,0109,12/3/2017 5:00:00 AM,500,27Y,14,109,Oakland,1,True,True,B,SIDE SWIPE,,Sunday,,,M,,False,False,False,,E,PARKED MOTOR VEHICLE,,0,0,CLEAR,,NO UNUSUAL CONDITIONS - NO UNUSUAL CONDITIONS,,A,DAYLIGHT,,,,,,,A,NO PEDESTRIANS INVOLVED,,A,22107,,1,BANCROFT AV,2,,,B,W,78.0,55TH AV,F,,D,8/6/2024 10:42:15 AM,2/10/2025 9:19:51 AM,,,2,,,,,,,
3757552,17-066572,2,False,0109,12/22/2017 6:30:00 PM,1830,34X,14,109,Oakland,1,True,True,B,SIDE SWIPE,,Friday,,,M,,False,False,False,,C,OTHER MOTOR VEHICLE,,0,0,CLEAR,,NO UNUSUAL CONDITIONS - NO UNUSUAL CONDITIONS,,C,DARK-STREET LIGHTS,,,,,,,A,NO PEDESTRIANS INVOLVED,,A,22106,,1,INTERNATIONAL BL,2,,,A,E,20.0,83RD AV,F,,D,8/6/2024 10:42:15 AM,2/10/2025 9:19:51 AM,,,2,,,,,,,
3757551,17-062926,2,False,0109,12/2/2017 10:30:00 PM,2230,30X,14,109,Oakland,1,True,True,D,BROADSIDE,,Saturday,,,M,,False,False,True,,E,PARKED MOTOR VEHICLE,,0,0,CLOUDY,,OTHER* - OTHER*,,C,DARK-STREET LIGHTS,,,,,,,A,NO PEDESTRIANS INVOLVED,,A,22350,,1,76TH AV,2,,,A,N,200.0,HILLSIDE ST,F,,D,8/6/2024 10:42:15 AM,2/10/2025 9:19:51 AM,,,2,,,,,,,
3757550,17-067647,2,False,0109,12/29/2017 6:59:00 PM,1859,08X,14,109,Oakland,1,True,True,D,BROADSIDE,,Friday,,,M,,False,False,True,,C,OTHER MOTOR VEHICLE,,0,0,CLEAR,,NO UNUSUAL CONDITIONS - NO UNUSUAL CONDITIONS,,C,DARK-STREET LIGHTS,,,,,,,A,NO PEDESTRIANS INVOLVED,,A,21800A,,1,NORTHGATE AV,1,,,A,,,23RD ST,,,A,8/6/2024 10:42:15 AM,2/10/2025 9:19:51 AM,,,2,,,,,,,
3757549,17-058118,2,False,0109,11/5/2017 3:29:00 PM,1529,16Y,14,109,Oakland,1,True,True,D,BROADSIDE,,Sunday,,,,,False,False,False,,C,OTHER MOTOR VEHICLE,,0,0,CLEAR,,NO UNUSUAL CONDITIONS - NO UNUSUAL CONDITIONS,,A,DAYLIGHT,,,,,,,A,NO PEDESTRIANS INVOLVED,,A,21801A,,1,BEAUMONT AV,1,,,A,,,CHATHAM RD,,,A,8/6/2024 10:42:15 AM,2/10/2025 9:19:51 AM,,,2,,,,,,,
3757548,17-063602,2,False,0109,12/6/2017 6:52:00 PM,1852,20X,14,109,Oakland,1,True,True,D,BROADSIDE,,Wednesday,,,,,False,False,False,,C,OTHER MOTOR VEHICLE,,0,0,CLEAR,,NO UNUSUAL CONDITIONS - NO UNUSUAL CONDITIONS,,B,DUSK-DAWN,,,,,,,A,NO PEDESTRIANS INVOLVED,,A,21651B,,1,INTERNATIONAL BL,1,,,A,,,MILLER AV,,,A,8/6/2024 10:42:15 AM,2/10/2025 9:19:51 AM,,,2,,,,,,,
3757547,17-054874,2,False,0109,10/9/2017 8:30:00 AM,830,27Y,14,109,Oakland,1,True,True,D,BROADSIDE,,Monday,,,M,,False,False,False,,C,OTHER MOTOR VEHICLE,,0,0,CLOUDY,,NO UNUSUAL CONDITIONS - NO UNUSUAL CONDITIONS,,A,DAYLIGHT,,,,,,,A,NO PEDESTRIANS INVOLVED,,A,22107,,1,55TH AV,2,,,A,,,WENTWORTH AV,,,A,8/6/2024 10:42:15 AM,2/10/2025 9:19:51 AM,,,2,,,,,,,
3757545,17-063883,2,False,0109,12/8/2017 8:27:00 AM,827,04X,14,109,Oakland,1,True,True,B,SIDE SWIPE,,Friday,,,,,False,False,False,,C,OTHER MOTOR VEHICLE,,0,0,,,,,A,DAYLIGHT,,,,,,,A,NO PEDESTRIANS INVOLVED,,A,21460A,,1,14TH ST,1,,,A,E,30.0,OAK ST,F,,A,8/6/2024 10:42:14 AM,2/10/2025 9:19:51 AM,,,2,,,,,,,
3757544,17-064560,2,False,0109,12/12/2017 9:50:00 AM,950,03X,14,109,Oakland,1,True,True,C,REAR END,,Tuesday,,,,,False,False,False,,C,OTHER MOTOR VEHICLE,,0,0,CLEAR,,NO UNUSUAL CONDITIONS - NO UNUSUAL CONDITIONS,,A,DAYLIGHT,,,,,,,A,NO PEDESTRIANS INVOLVED,,D,,,,10TH ST,1,,,A,,,WASHINGTON ST,,,A,8/6/2024 10:42:14 AM,2/10/2025 9:19:51 AM,,,2,,,,,,,
3757543,17-060555,2,False,0109,11/19/2017 10:09:00 PM,2209,19X,14,109,Oakland,1,True,True,B,SIDE SWIPE,,Sunday,,,,,False,False,False,,C,OTHER MOTOR VEHICLE,,0,0,CLEAR,,NO UNUSUAL CONDITIONS - NO UNUSUAL CONDITIONS,,D,DARK-NO STREET LIGHTS,,,,,,,A,NO PEDESTRIANS INVOLVED,,A,21460A,,,EMBARCADERO,1,,,A,E,300.0,5TH AV,F,,D,8/6/2024 10:42:14 AM,2/10/2025 9:19:51 AM,,,2,,,,,,,
3757542,17-055076,2,False,0109,10/20/2017 6:49:00 AM,649,,14,109,Oakland,1,True,True,E,HIT OBJECT,,Friday,,,,,False,True,False,,I,FIXED OBJECT,,0,0,CLOUDY,,NO UNUSUAL CONDITIONS - NO UNUSUAL CONDITIONS,,B,DUSK-DAWN,,,,,,,A,NO PEDESTRIANS INVOLVED,,A,22350,,1,35TH AV,2,,,B,,,RT 580,,,D,8/6/2024 10:42:14 AM,2/10/2025 9:19:51 AM,,,2,,,,,,,
3757540,17-057608,2,False,0109,11/2/2017 5:06:00 PM,1706,19X,14,109,Oakland,1,True,True,B,SIDE SWIPE,,Thursday,,,,,False,False,False,,C,OTHER MOTOR VEHICLE,,0,0,CLEAR,,NO UNUSUAL CONDITIONS - NO UNUSUAL CONDITIONS,,A,DAYLIGHT,,,,,,,A,NO PEDESTRIANS INVOLVED,,A,21801A,,1,EMBARCADERO BLVD,1,,,A,W,0.25,16TH AV,M,,A,8/6/2024 10:42:14 AM,2/10/2025 9:19:51 AM,,,2,,,,,,,
3757539,17-056006,2,False,0109,10/25/2017 12:11:00 PM,1211,07X,14,109,Oakland,1,True,True,B,SIDE SWIPE,,Wednesday,,,,,False,False,False,,,,,0,0,CLEAR,,NO UNUSUAL CONDITIONS - NO UNUSUAL CONDITIONS,,A,DAYLIGHT,,,,,,,A,NO PEDESTRIANS INVOLVED,,A,22107,,1,8TH AV,1,,,A,S,30.0,24TH ST,F,,D,8/6/2024 10:42:14 AM,2/10/2025 9:19:51 AM,,,2,,,,,,,
3757538,17-066726,2,False,0109,12/24/2017 7:38:00 PM,1938,26Y,14,109,Oakland,1,True,True,C,REAR END,,Sunday,,,,,False,False,False,,C,OTHER MOTOR VEHICLE,,0,0,CLEAR,,NO UNUSUAL CONDITIONS - NO UNUSUAL CONDITIONS,,D,DARK-NO STREET LIGHTS,,,,,,,A,NO PEDESTRIANS INVOLVED,,A,22350,,1,73RD AV,2,,,A,N,150.0,HAMILTON ST,F,,D,8/6/2024 10:42:13 AM,2/10/2025 9:19:51 AM,,,2,,,,,,,
3757536,17-058992,2,False,0109,11/10/2017 11:30:00 AM,1130,23X,14,109,Oakland,1,True,True,A,HEAD-ON,,Friday,,,M,,False,False,False,,C,OTHER MOTOR VEHICLE,,0,0,RAINING,,NO UNUSUAL CONDITIONS - NO UNUSUAL CONDITIONS,,A,DAYLIGHT,,,,,,,A,NO PEDESTRIANS INVOLVED,,A,21801A,,,40TH AV,2,,,B,S,25.0,E 17TH ST,F,,D,8/6/2024 10:42:13 AM,2/10/2025 9:19:50 AM,,,2,,,,,,,
3757535,17-056439,2,False,0109,10/27/2017 10:59:00 AM,1059,22X,14,109,Oakland,1,True,True,G,VEHICLE/PEDESTRAIN,,Friday,,,,,False,False,False,,B,PEDESTRIAN,,0,0,CLEAR,,NO UNUSUAL CONDITIONS - NO UNUSUAL CONDITIONS,,A,DAYLIGHT,,,,,,,B,CROSSING IN CROSS WALK AT INTERSECTION,,A,21950A,,1,MACARTHUR BL,2,,,A,W,5.0,COOLIDGE AV,F,,A,8/6/2024 10:42:13 AM,2/10/2025 9:19:50 AM,,,2,,,,,,,
3757533,17-064804,2,False,0109,12/13/2017 3:45:00 PM,1545,12X,14,109,Oakland,1,True,True,C,REAR END,,Wednesday,,,,,False,False,False,,C,OTHER MOTOR VEHICLE,,0,0,CLEAR,,NO UNUSUAL CONDITIONS - NO UNUSUAL CONDITIONS,,B,DUSK-DAWN,,,,,,,A,NO PEDESTRIANS INVOLVED,,A,21703,,1,TELEGRAPH AV,1,,,A,,,58TH ST,,,D,8/6/2024 10:42:13 AM,2/10/2025 9:19:50 AM,,,2,,,,,,,
3757532,17-055630,2,False,0109,10/23/2017 2:30:00 PM,1430,14X,14,109,Oakland,1,True,True,D,BROADSIDE,,Monday,,,,,False,False,False,,C,OTHER MOTOR VEHICLE,,0,0,CLEAR,,NO UNUSUAL CONDITIONS - NO UNUSUAL CONDITIONS,,A,DAYLIGHT,,,,,,,A,NO PEDESTRIANS INVOLVED,,A,22102,,1,GRAND AV,1,,,A,N,90.0,EL EMBARCADERO,F,,A,8/6/2024 10:42:13 AM,2/10/2025 9:19:50 AM,,,2,,,,,,,
3757531,17-061161,2,False,0109,11/23/2017 8:09:00 AM,809,19X,14,109,Oakland,1,True,True,B,SIDE SWIPE,,Thursday,,,M,,False,False,False,,E,PARKED MOTOR VEHICLE,,0,0,CLOUDY,,NO UNUSUAL CONDITIONS - NO UNUSUAL CONDITIONS,,B,DUSK-DAWN,,,,,,,A,NO PEDESTRIANS INVOLVED,,A,22107,,1,12TH AV,1,,,A,N,40.0,8TH ST,F,,D,8/6/2024 10:42:12 AM,2/10/2025 9:19:50 AM,,,2,,,,,,,
3757528,17-058743,2,False,0109,11/9/2017 7:41:00 AM,741,35X,14,109,Oakland,1,True,True,C,REAR END,,Thursday,,,M,,False,False,False,,C,OTHER MOTOR VEHICLE,,0,0,CLEAR,,NO UNUSUAL CONDITIONS - NO UNUSUAL CONDITIONS,,A,DAYLIGHT,,,,,,,A,NO PEDESTRIANS INVOLVED,,A,22350,,1,BANCROFT AV,2,,,B,E,24.0,94TH AV,F,,A,8/6/2024 10:42:12 AM,2/10/2025 9:19:50 AM,,,2,,,,,,,
3757526,17-055636,2,False,0109,10/23/2017 3:40:00 PM,1540,35X,14,109,Oakland,1,True,True,C,REAR END,,Monday,,,,,False,False,False,,C,OTHER MOTOR VEHICLE,,0,0,CLEAR,,NO UNUSUAL CONDITIONS - NO UNUSUAL CONDITIONS,,A,DAYLIGHT,,,,,,,A,NO PEDESTRIANS INVOLVED,,A,22350,,1,MACARTHUR BL,2,,,A,E,1000.0,ALVINGROOM CT,F,,A,8/6/2024 10:42:12 AM,2/10/2025 9:19:50 AM,,,2,,,,,,,
3757525,17-059113,2,False,0109,11/11/2017 4:22:00 AM,422,06X,14,109,Oakland,1,True,True,A,HEAD-ON,,Saturday,,,M,,False,False,True,,C,OTHER MOTOR VEHICLE,,0,0,CLEAR,,NO UNUSUAL CONDITIONS - NO UNUSUAL CONDITIONS,,C,DARK-STREET LIGHTS,,,,,,,A,NO PEDESTRIANS INVOLVED,,A,21663,,1,MARTIN LUTHER KING JR WY,1,,,A,,,32ND ST,,,D,8/6/2024 10:42:12 AM,2/10/2025 9:19:50 AM,,,2,,,,,,,
3757523,17-056190,2,False,0109,10/26/2017 8:01:00 AM,801,03X,14,109,Oakland,1,True,True,B,SIDE SWIPE,,Thursday,,,,,False,False,False,,C,OTHER MOTOR VEHICLE,,0,0,CLEAR,,NO UNUSUAL CONDITIONS - NO UNUSUAL CONDITIONS,,A,DAYLIGHT,,,,,,,A,NO PEDESTRIANS INVOLVED,,A,21453A,,,11TH ST,1,,,A,,,MARTIN LUTHER KING JR WY,,,A,8/6/2024 10:42:12 AM,2/10/2025 9:19:50 AM,,,2,,,,,,,
3757521,17-059249,2,False,0109,11/12/2017 1:51:00 AM,151,30Y,14,109,Oakland,1,True,True,A,HEAD-ON,,Sunday,,,M,,False,False,False,,E,PARKED MOTOR VEHICLE,,0,0,CLEAR,,NO UNUSUAL CONDITIONS - NO UNUSUAL CONDITIONS,,C,DARK-STREET LIGHTS,,,,,,,A,NO PEDESTRIANS INVOLVED,,A,22350,,1,PARTRIDGE AV,2,,,A,E,40.0,82ND AV,F,,D,8/6/2024 10:42:11 AM,2/10/2025 9:19:50 AM,,,2,,,,,,,
3757520,17-055003,2,False,0109,10/19/2017 3:07:00 PM,1507,04X,14,109,Oakland,1,True,True,B,SIDE SWIPE,,Thursday,,,,,False,False,False,,C,OTHER MOTOR VEHICLE,,0,0,CLEAR,,NO UNUSUAL CONDITIONS - NO UNUSUAL CONDITIONS,,A,DAYLIGHT,,,,,,,A,NO PEDESTRIANS INVOLVED,,A,22107,,1,18TH ST,1,,,A,S,25.0,BROADWAY,F,,A,8/6/2024 10:42:11 AM,2/10/2025 9:19:50 AM,,,2,,,,,,,
3757517,17-057395,2,False,0109,11/1/2017 3:30:00 PM,1530,02Y,14,109,Oakland,1,True,True,A,HEAD-ON,,Wednesday,,,M,,False,False,False,,G,BICYCLE,,0,0,CLEAR,,NO UNUSUAL CONDITIONS - NO UNUSUAL CONDITIONS,,A,DAYLIGHT,,,,,,,A,NO PEDESTRIANS INVOLVED,,A,,,1,ADELLE ST,1,,,A,,,14TH ST,,,A,8/6/2024 10:42:11 AM,2/10/2025 9:19:50 AM,,,2,,,,,,,
3757516,17-059667,2,False,0109,11/14/2017 4:01:00 PM,1601,27X,14,109,Oakland,1,True,True,D,BROADSIDE,,Tuesday,,,,,False,False,False,,C,OTHER MOTOR VEHICLE,,0,0,CLEAR,,NO UNUSUAL CONDITIONS - NO UNUSUAL CONDITIONS,,B,DUSK-DAWN,,,,,,,A,NO PEDESTRIANS INVOLVED,,A,21801A,,1,CONGRESS AV,2,,,A,,,MONTICELLO AV,,,A,8/6/2024 10:42:11 AM,2/10/2025 9:19:50 AM,,,2,,,,,,,
3757515,17-052042,2,False,0109,10/14/2017 4:18:00 PM,1618,29X,14,109,Oakland,1,True,True,C,REAR END,,Saturday,,,,,False,False,False,,C,OTHER MOTOR VEHICLE,,0,0,CLEAR,,NO UNUSUAL CONDITIONS - NO UNUSUAL CONDITIONS,,A,DAYLIGHT,,,,,,,A,NO PEDESTRIANS INVOLVED,,A,22350,,1,EDWARDS,2,,,A,,,GREENLY DR,,,A,8/6/2024 10:42:11 AM,2/10/2025 9:19:50 AM,,,2,,,,,,,
3757514,17-062094,2,False,0109,11/28/2017 7:11:00 PM,1911,27X,14,109,Oakland,1,True,True,H,OTHER,,Tuesday,,,,,False,False,True,,,,,0,0,CLEAR,,NO UNUSUAL CONDITIONS - NO UNUSUAL CONDITIONS,,C,DARK-STREET LIGHTS,,,,,,,A,NO PEDESTRIANS INVOLVED,,A,22106,,1,INTERNATIONAL BL,2,,,A,,,INTERNATIONAL BL 5914,,,,8/6/2024 10:42:11 AM,2/10/2025 9:19:50 AM,,,2,,,,,,,