collision-id,report-number,report-version,is-preliminary,ncic-code,crash-date-time,crash-time-description,beat,city-id,city-code,city-name,county-code,city-is-active,city-is-incorporated,collision-type-code,collision-type-description,collision-type-other-desc,day-of-week,dispatch-notified,has-photographs,hit-run,is-attachments-mailed,is-deleted,is-highway-related,is-tow-away,judicial-district,motor-vehicle-involved-with-code,motor-vehicle-involved-with-desc,motor-vehicle-involved-with-other-desc,number-injured,number-killed,weather-1,weather-2,road-condition-1,road-condition-2,special-condition-lighting-code,lighting-description,latitude,longitude,milepost-direction,milepost-distance,milepost-marker,milepost-unit-of-measure,pedestrian-action-code,pedestrian-action-desc,prepared-date,primary-collision-factor-code,primary-collision-factor-violation,primary-collision-factor-is-cited,primary-collision-party-number,primary-road,reporting-district,reporting-district-code,reviewed-date,roadway-surface-code,secondary-direction,secondary-distance,secondary-road,secondary-unit-of-measure,sketch-desc,traffic-control-device-code,created-date,modified-date,is-county-road,is-freeway,chp-555-version,is-additonal-object-struck,notification-date,notification-time-description,has-digital-media-files,evidence-number,is-location-refer-to-narrative,is-aoi-one-same-as-location
3753840,17-048197,2,False,0109,9/14/2017 5:45:00 AM,545,03Y,14,109,Oakland,1,True,True,A,HEAD-ON,,Thursday,,,,,False,False,False,,C,OTHER MOTOR VEHICLE,,0,0,CLEAR,,NO UNUSUAL CONDITIONS - NO UNUSUAL CONDITIONS,,B,DUSK-DAWN,,,,,,,A,NO PEDESTRIANS INVOLVED,,A,21453A,,1,11TH ST,1,,,A,,,CASTRO ST,,,A,8/6/2024 10:33:50 AM,2/10/2025 9:17:27 AM,,,2,,,,,,,
3753837,17-050492,2,False,0109,9/26/2017 10:17:00 AM,1017,31Y,14,109,Oakland,1,True,True,D,BROADSIDE,,Tuesday,,,,,False,False,False,,C,OTHER MOTOR VEHICLE,,0,0,CLEAR,,NO UNUSUAL CONDITIONS - NO UNUSUAL CONDITIONS,,A,DAYLIGHT,,,,,,,A,NO PEDESTRIANS INVOLVED,,A,22102,,1,SAN LEANDRO ST,2,,,A,W,100.0,92ND,F,,D,8/6/2024 10:33:49 AM,2/10/2025 9:17:27 AM,,,2,,,,,,,
3753834,17-047994,2,False,0109,9/13/2017 8:50:00 AM,850,03X,14,109,Oakland,1,True,True,H,OTHER,,Wednesday,,,M,,False,False,False,,G,BICYCLE,,0,0,CLOUDY,,NO UNUSUAL CONDITIONS - NO UNUSUAL CONDITIONS,,A,DAYLIGHT,,,,,,,A,NO PEDESTRIANS INVOLVED,,A,22350,,1,12TH ST,1,,,A,E,10.0,JACKSON ST,F,,A,8/6/2024 10:33:49 AM,2/10/2025 9:17:27 AM,,,2,,,,,,,
3753833,17-047913,2,False,0109,9/12/2017 7:54:00 PM,1954,03X,14,109,Oakland,1,True,True,C,REAR END,,Tuesday,,,M,,False,False,False,,C,OTHER MOTOR VEHICLE,,0,0,CLEAR,,NO UNUSUAL CONDITIONS - NO UNUSUAL CONDITIONS,,C,DARK-STREET LIGHTS,,,,,,,A,NO PEDESTRIANS INVOLVED,,A,21703,,1,FRANKLIN ST,1,,,A,S,20.0,8TH ST,F,,A,8/6/2024 10:33:49 AM,2/10/2025 9:17:27 AM,,,2,,,,,,,
3753828,17-048508,2,False,0109,9/15/2017 9:21:00 PM,2121,33X,14,109,Oakland,1,True,True,C,REAR END,,Friday,,,M,,False,False,False,,C,OTHER MOTOR VEHICLE,,0,0,CLEAR,,NO UNUSUAL CONDITIONS - NO UNUSUAL CONDITIONS,,C,DARK-STREET LIGHTS,,,,,,,A,NO PEDESTRIANS INVOLVED,,A,22350,,1,98TH AV,2,,,A,S,5.0,B ST,F,,A,8/6/2024 10:33:48 AM,2/10/2025 9:17:26 AM,,,2,,,,,,,
3753826,17-050002 867,2,False,0109,9/23/2017 1:24:00 PM,1324,31Y,14,109,Oakland,1,True,True,D,BROADSIDE,,Saturday,,,,,False,False,False,,C,OTHER MOTOR VEHICLE,,1,0,CLEAR,,NO UNUSUAL CONDITIONS - NO UNUSUAL CONDITIONS,,A,DAYLIGHT,,,,,,,A,NO PEDESTRIANS INVOLVED,,A,21801A,,1,98TH AV,2,,,A,,,AIRPORT ACCESS RD,,,A,8/6/2024 10:33:48 AM,2/10/2025 9:17:27 AM,,,2,,,,,,,
3753825,17-051307 868,2,False,0109,9/30/2017 11:24:00 PM,2324,30X,14,109,Oakland,1,True,True,D,BROADSIDE,,Saturday,,,,,False,False,True,,C,OTHER MOTOR VEHICLE,,2,0,CLEAR,,NO UNUSUAL CONDITIONS - NO UNUSUAL CONDITIONS,,C,DARK-STREET LIGHTS,,,,,,,A,NO PEDESTRIANS INVOLVED,,A,21802A,,1,67TH AV,2,,,A,,,BANCROFT AV,,,A,8/6/2024 10:33:48 AM,2/10/2025 9:17:26 AM,,,2,,,,,,,
3753824,17-048101 935,2,False,0109,9/13/2017 3:57:00 PM,1557,19X,14,109,Oakland,1,True,True,G,VEHICLE/PEDESTRAIN,,Wednesday,,,,,False,False,False,,B,PEDESTRIAN,,1,0,CLEAR,,NO UNUSUAL CONDITIONS - NO UNUSUAL CONDITIONS,,A,DAYLIGHT,,,,,,,D,CROSSING - NOT IN CROSSWALK,,A,21954A,,1,E 15TH ST,1,,,A,,,11TH AV,,,A,8/6/2024 10:33:48 AM,2/10/2025 9:17:26 AM,,,2,,,,,,,
3753823,17-047597 934,2,False,0109,9/11/2017 11:59:00 PM,2359,07X,14,109,Oakland,1,True,True,B,SIDE SWIPE,,Monday,,,,,False,False,False,,C,OTHER MOTOR VEHICLE,,0,0,CLEAR,,NO UNUSUAL CONDITIONS - NO UNUSUAL CONDITIONS,,C,DARK-STREET LIGHTS,,,,,,,A,NO PEDESTRIANS INVOLVED,,A,21750,,1,MARKET ST,1,,,A,N,150.0,W GRAND AV,F,,D,8/6/2024 10:33:48 AM,2/10/2025 9:17:26 AM,,,2,,,,,,,
3753822,17-046302 906,2,False,0109,9/3/2017 10:37:00 PM,2237,26X,14,109,Oakland,1,True,True,A,HEAD-ON,,Sunday,,,M,,False,False,False,,C,OTHER MOTOR VEHICLE,,1,0,CLEAR,,NO UNUSUAL CONDITIONS - NO UNUSUAL CONDITIONS,,C,DARK-STREET LIGHTS,,,,,,,A,NO PEDESTRIANS INVOLVED,,A,21801A,,1,HIGH ST,2,,,A,,,INTERNATIONAL BL,,,A,8/6/2024 10:33:48 AM,2/10/2025 9:17:26 AM,,,2,,,,,,,
3753821,17-048093 909,2,False,0109,9/13/2017 2:44:00 PM,1444,28X,14,109,Oakland,1,True,True,B,SIDE SWIPE,,Wednesday,,,M,,False,False,False,,C,OTHER MOTOR VEHICLE,,3,0,CLOUDY,,NO UNUSUAL CONDITIONS - NO UNUSUAL CONDITIONS,,A,DAYLIGHT,,,,,,,F,NOT IN ROAD,,A,22107,,1,SEMINARY AV,2,,,A,S,500.0,CALAVERAS AV,F,,D,8/6/2024 10:33:47 AM,2/10/2025 9:17:26 AM,,,2,,,,,,,
3753820,17-048210 910,2,False,0109,9/14/2017 8:30:00 AM,830,30X,14,109,Oakland,1,True,True,D,BROADSIDE,,Thursday,,,M,,False,False,True,,C,OTHER MOTOR VEHICLE,,1,0,CLEAR,,NO UNUSUAL CONDITIONS - NO UNUSUAL CONDITIONS,,A,DAYLIGHT,,,,,,,A,NO PEDESTRIANS INVOLVED,,A,21755,,1,77TH AV,2,,,A,,,BANCROFT AV,,,A,8/6/2024 10:33:47 AM,2/10/2025 9:17:26 AM,,,2,,,,,,,
3753819,17-044522 807,2,False,0109,8/25/2017 9:24:00 AM,924,03Y,14,109,Oakland,1,True,True,C,REAR END,,Friday,,,,,False,False,False,,G,BICYCLE,,1,0,CLEAR,,NO UNUSUAL CONDITIONS - NO UNUSUAL CONDITIONS,,A,DAYLIGHT,,,,,,,A,NO PEDESTRIANS INVOLVED,,A,21703,,1,CLAY ST,1,,,A,,,14TH ST,,,A,8/6/2024 10:33:47 AM,2/10/2025 9:17:26 AM,,,2,,,,,,,
3753818,17-041791 925,2,False,0109,8/10/2017 1:29:00 PM,1329,03X,14,109,Oakland,1,True,True,G,VEHICLE/PEDESTRAIN,,Thursday,,,,,False,False,False,,B,PEDESTRIAN,,1,0,CLEAR,,NO UNUSUAL CONDITIONS - NO UNUSUAL CONDITIONS,,A,DAYLIGHT,,,,,,,B,CROSSING IN CROSS WALK AT INTERSECTION,,D,,,,OAK ST,1,,,A,S,30.0,12TH ST,F,,A,8/6/2024 10:33:47 AM,2/10/2025 9:17:26 AM,,,2,,,,,,,
3753817,17-042271 903,2,False,0109,8/13/2017 10:55:00 AM,1055,31X,14,109,Oakland,1,True,True,D,BROADSIDE,,Sunday,,,M,,False,False,False,,C,OTHER MOTOR VEHICLE,,1,0,CLEAR,,NO UNUSUAL CONDITIONS - NO UNUSUAL CONDITIONS,,A,DAYLIGHT,,,,,,,A,NO PEDESTRIANS INVOLVED,,A,21802A,,1,HEGENBERGER RD,2,,,A,,,COLLINS DR,,,A,8/6/2024 10:33:47 AM,2/10/2025 9:17:26 AM,,,2,,,,,,,
3753816,17-043642 905,2,False,0109,8/20/2017 11:13:00 PM,2313,29X,14,109,Oakland,1,True,True,C,REAR END,,Sunday,,,M,,False,False,False,,C,OTHER MOTOR VEHICLE,,1,0,CLEAR,,NO UNUSUAL CONDITIONS - NO UNUSUAL CONDITIONS,,C,DARK-STREET LIGHTS,,,,,,,A,NO PEDESTRIANS INVOLVED,,A,22350,,1,55TH AV,2,,,A,N,15.0,FOOTHILL BL,F,,A,8/6/2024 10:33:47 AM,2/10/2025 9:17:26 AM,,,2,,,,,,,
3753810,17-039386 913,2,False,0109,7/28/2017 10:00:00 AM,1000,04X,14,109,Oakland,1,True,True,A,HEAD-ON,,Friday,,,,,False,False,False,,B,PEDESTRIAN,,1,0,CLEAR,,NO UNUSUAL CONDITIONS - NO UNUSUAL CONDITIONS,,A,DAYLIGHT,,,,,,,F,NOT IN ROAD,,A,21202A,,1,14TH ST,1,,,A,,,MADISON AV,,,D,8/6/2024 10:33:46 AM,2/10/2025 9:17:26 AM,,,2,,,,,,,
3753809,17-038550 902,2,False,0109,7/23/2017 10:47:00 PM,2247,31Y,14,109,Oakland,1,True,True,D,BROADSIDE,,Sunday,,,M,,False,False,False,,C,OTHER MOTOR VEHICLE,,3,0,OTHER,,NO UNUSUAL CONDITIONS - NO UNUSUAL CONDITIONS,,C,DARK-STREET LIGHTS,,,,,,,A,NO PEDESTRIANS INVOLVED,,A,21801A,,2,EDES AV,2,,,A,,,CLARA ST,,,D,8/6/2024 10:33:46 AM,2/10/2025 9:17:26 AM,,,2,,,,,,,
3753790,17-045286,2,False,0109,8/29/2017 2:04:00 PM,1404,10X,14,109,Oakland,1,True,True,G,VEHICLE/PEDESTRAIN,,Tuesday,,,,,False,False,False,,B,PEDESTRIAN,,1,0,CLEAR,,NO UNUSUAL CONDITIONS - NO UNUSUAL CONDITIONS,,A,DAYLIGHT,,,,,,,B,CROSSING IN CROSS WALK AT INTERSECTION,,A,21950A,,1,SAN PABLO AV,1,,,A,,,ALCATRAZ AV,,,A,8/6/2024 10:33:43 AM,2/10/2025 9:17:25 AM,,,2,,,,,,,
3753787,17-043172,2,False,0109,8/18/2017 8:04:00 AM,804,24X,14,109,Oakland,1,True,True,C,REAR END,,Friday,,,,,False,False,True,,C,OTHER MOTOR VEHICLE,,0,0,CLOUDY,,NO UNUSUAL CONDITIONS - NO UNUSUAL CONDITIONS,,A,DAYLIGHT,,,,,,,A,NO PEDESTRIANS INVOLVED,,A,22350,,1,HIGH ST,2,,,A,S,150.0,FAIRFAX AV,F,,A,8/6/2024 10:33:42 AM,2/10/2025 9:17:25 AM,,,2,,,,,,,
3753784,17-046830,2,False,0109,9/6/2017 10:30:00 AM,1030,22X,14,109,Oakland,1,True,True,E,HIT OBJECT,,Wednesday,,,M,,False,False,False,,I,FIXED OBJECT,,0,0,CLEAR,,NO UNUSUAL CONDITIONS - NO UNUSUAL CONDITIONS,,A,DAYLIGHT,,,,,,,A,NO PEDESTRIANS INVOLVED,,A,22106,,1,MACARTHUR BL,1,,,A,,,LAUREL,,,D,8/6/2024 10:33:42 AM,2/10/2025 9:17:25 AM,,,2,,,,,,,
3753782,17-059476,2,False,0109,11/13/2017 2:41:00 PM,1441,26Y,14,109,Oakland,1,True,True,D,BROADSIDE,,Monday,,,,,False,False,False,,C,OTHER MOTOR VEHICLE,,0,0,CLOUDY,,NO UNUSUAL CONDITIONS - NO UNUSUAL CONDITIONS,,A,DAYLIGHT,,,,,,,A,NO PEDESTRIANS INVOLVED,,A,214605,,1,SAN LEANDRO ST,2,,,A,W,400.0,66TH AV,F,,D,8/6/2024 10:33:41 AM,2/10/2025 9:17:25 AM,,,2,,,,,,,
3753694,17-067250,2,False,0109,9/16/2017 6:09:00 PM,1809,10X,14,109,Oakland,1,True,True,A,HEAD-ON,,Saturday,,,F,,False,False,False,,C,OTHER MOTOR VEHICLE,,0,0,CLEAR,,NO UNUSUAL CONDITIONS - NO UNUSUAL CONDITIONS,,A,DAYLIGHT,,,,,,,A,NO PEDESTRIANS INVOLVED,,A,22107,,1,62ND ST,1,,,A,,,BAKER ST,,,D,8/6/2024 10:33:30 AM,2/10/2025 9:17:22 AM,,,2,,,,,,,
3753692,17-048729,2,False,0109,9/17/2017 2:11:00 AM,211,26X,14,109,Oakland,1,True,True,E,HIT OBJECT,,Sunday,,,M,,False,False,False,,I,FIXED OBJECT,,0,0,CLEAR,,NO UNUSUAL CONDITIONS - NO UNUSUAL CONDITIONS,,C,DARK-STREET LIGHTS,,,,,,,A,NO PEDESTRIANS INVOLVED,,A,22107,,1,77TH AV,2,,,A,N,20.0,HAMILTON,F,,D,8/6/2024 10:33:30 AM,2/10/2025 9:17:22 AM,,,2,,,,,,,
3753691,17-048880,2,False,0109,9/18/2017 12:39:00 AM,39,31X,14,109,Oakland,1,True,True,D,BROADSIDE,,Monday,,,M,,False,False,True,,E,PARKED MOTOR VEHICLE,,0,0,CLEAR,,NO UNUSUAL CONDITIONS - NO UNUSUAL CONDITIONS,,C,DARK-STREET LIGHTS,,,,,,,A,NO PEDESTRIANS INVOLVED,,A,22350,,1,PEARMAIN ST,2,,,A,W,50.0,105TH AV,F,,D,8/6/2024 10:33:29 AM,2/10/2025 9:17:21 AM,,,2,,,,,,,
3753690,17-048789,2,False,0109,9/17/2017 12:30:00 PM,1230,29X,14,109,Oakland,1,True,True,B,SIDE SWIPE,,Sunday,,,M,,False,False,True,,E,PARKED MOTOR VEHICLE,,0,0,CLEAR,,NO UNUSUAL CONDITIONS - NO UNUSUAL CONDITIONS,,A,DAYLIGHT,,,,,,,A,NO PEDESTRIANS INVOLVED,,A,22107,,1,BRANN ST,2,,,A,W,9.0,58TH AV,F,,D,8/6/2024 10:33:29 AM,2/10/2025 9:17:21 AM,,,2,,,,,,,
3753688,17-049049,2,False,0109,9/18/2017 8:54:00 AM,854,23X,14,109,Oakland,1,True,True,D,BROADSIDE,,Monday,,,M,,False,False,False,,C,OTHER MOTOR VEHICLE,,0,0,CLEAR,,NO UNUSUAL CONDITIONS - NO UNUSUAL CONDITIONS,,A,DAYLIGHT,,,,,,,A,NO PEDESTRIANS INVOLVED,,A,21804A,,1,HIGH ST,2,,,A,N,50.0,JENSEN ST,F,,D,8/6/2024 10:33:29 AM,2/10/2025 9:17:21 AM,,,2,,,,,,,
3753687,17-048038,2,False,0109,9/13/2017 10:52:00 AM,1052,23X,14,109,Oakland,1,True,True,D,BROADSIDE,,Wednesday,,,,,False,False,False,,D,MOTOR VEHICLE ON OTHER ROADWAY,,0,0,CLEAR,,NO UNUSUAL CONDITIONS - NO UNUSUAL CONDITIONS,,A,DAYLIGHT,,,,,,,A,NO PEDESTRIANS INVOLVED,,A,21453A,,1,BOND ST,2,,,A,,,HIGH ST,,,A,8/6/2024 10:33:29 AM,2/10/2025 9:17:21 AM,,,2,,,,,,,
3753686,17-048710,2,False,0109,9/17/2017 12:58:00 AM,58,07X,14,109,Oakland,1,True,True,C,REAR END,,Sunday,,,,,False,False,False,,E,PARKED MOTOR VEHICLE,,0,0,CLEAR,,NO UNUSUAL CONDITIONS - NO UNUSUAL CONDITIONS,,C,DARK-STREET LIGHTS,,,,,,,A,NO PEDESTRIANS INVOLVED,,A,22350,,1,POPLAR ST,1,,,A,N,300.0,28TH ST,F,,D,8/6/2024 10:33:29 AM,2/10/2025 9:17:21 AM,,,2,,,,,,,
3753684,17-048933,2,False,0109,9/18/2017 5:40:00 AM,540,35X,14,109,Oakland,1,True,True,E,HIT OBJECT,,Monday,,,M,,False,False,True,,I,FIXED OBJECT,,0,0,CLEAR,,NO UNUSUAL CONDITIONS - NO UNUSUAL CONDITIONS,,C,DARK-STREET LIGHTS,,,,,,,A,NO PEDESTRIANS INVOLVED,,A,22107,,1,SEQUOYAH RD,2,,,A,,,TURNLEY AV,,,D,8/6/2024 10:33:28 AM,2/10/2025 9:17:21 AM,,,2,,,,,,,
3753682,17-049509,2,False,0109,9/20/2017 6:33:00 PM,1833,27X,14,109,Oakland,1,True,True,D,BROADSIDE,,Wednesday,,,,,False,False,False,,C,OTHER MOTOR VEHICLE,,0,0,CLEAR,,NO UNUSUAL CONDITIONS - NO UNUSUAL CONDITIONS,,A,DAYLIGHT,,,,,,,A,NO PEDESTRIANS INVOLVED,,A,22450A,,1,45TH AV,2,,,A,,,BOND AV,,,A,8/6/2024 10:33:28 AM,2/10/2025 9:17:21 AM,,,2,,,,,,,
3753678,17-049565,2,False,0109,9/21/2017 12:43:00 AM,43,04X,14,109,Oakland,1,True,True,D,BROADSIDE,,Thursday,,,,,False,False,True,,C,OTHER MOTOR VEHICLE,,0,0,CLEAR,,NO UNUSUAL CONDITIONS - NO UNUSUAL CONDITIONS,,C,DARK-STREET LIGHTS,,,,,,,A,NO PEDESTRIANS INVOLVED,,A,21453A,,,14TH ST,1,,,A,,,JEFFERSON ST,,,A,8/6/2024 10:33:28 AM,2/10/2025 9:17:21 AM,,,2,,,,,,,
3753677,17-049910,2,False,0109,9/22/2017 10:01:00 PM,2201,03X,14,109,Oakland,1,True,True,D,BROADSIDE,,Friday,,,,,False,False,False,,C,OTHER MOTOR VEHICLE,,0,0,CLEAR,,NO UNUSUAL CONDITIONS - NO UNUSUAL CONDITIONS,,C,DARK-STREET LIGHTS,,,,,,,A,NO PEDESTRIANS INVOLVED,,A,21453A,,1,8TH,1,,,A,,,JACKSON ST,,,A,8/6/2024 10:33:28 AM,2/10/2025 9:17:21 AM,,,2,,,,,,,
3753676,17-048927,2,False,0109,9/18/2017 9:18:00 AM,918,03X,14,109,Oakland,1,True,True,B,SIDE SWIPE,,Monday,,,M,,False,False,False,,C,OTHER MOTOR VEHICLE,,1,0,CLEAR,,NO UNUSUAL CONDITIONS - NO UNUSUAL CONDITIONS,,A,DAYLIGHT,,,,,,,A,NO PEDESTRIANS INVOLVED,,A,21804A,,1,HARRISON ST,1,,,A,S,40.0,7TH ST,F,,A,8/6/2024 10:33:28 AM,2/10/2025 9:17:21 AM,,,2,,,,,,,
3753675,17-048928,2,False,0109,9/18/2017 9:12:00 AM,912,23X,14,109,Oakland,1,True,True,D,BROADSIDE,,Monday,,,M,,False,False,False,,G,BICYCLE,,1,0,CLOUDY,,NO UNUSUAL CONDITIONS - NO UNUSUAL CONDITIONS,,A,DAYLIGHT,,,,,,,B,CROSSING IN CROSS WALK AT INTERSECTION,,A,22450,,1,40TH AV,2,,,A,S,2.0,INTERNATIONAL BL,F,,A,8/6/2024 10:33:28 AM,2/10/2025 9:17:21 AM,,,2,,,,,,,
3753674,17-048709,2,False,0109,9/17/2017 1:13:00 AM,113,03Y,14,109,Oakland,1,True,True,D,BROADSIDE,,Sunday,,,M,,False,False,False,,D,MOTOR VEHICLE ON OTHER ROADWAY,,2,0,CLEAR,,NO UNUSUAL CONDITIONS - NO UNUSUAL CONDITIONS,,C,DARK-STREET LIGHTS,,,,,,,A,NO PEDESTRIANS INVOLVED,,A,21453A,,1,10TH ST,1,,,A,,,CLAY ST,,,A,8/6/2024 10:33:28 AM,2/10/2025 9:17:21 AM,,,2,,,,,,,
3753673,17-035137,2,False,0109,7/5/2017 10:39:00 PM,2239,09X,14,109,Oakland,1,True,True,D,BROADSIDE,,Wednesday,,,,,False,False,True,,C,OTHER MOTOR VEHICLE,,2,0,CLEAR,,NO UNUSUAL CONDITIONS - NO UNUSUAL CONDITIONS,,C,DARK-STREET LIGHTS,,,,,,,A,NO PEDESTRIANS INVOLVED,,A,23153A,,1,40TH ST,1,,,A,,,BROADWAY,,,A,8/6/2024 10:33:28 AM,2/10/2025 9:17:21 AM,,,2,,,,,,,
3753672,17-049265,2,False,0109,9/20/2017 6:58:00 PM,1858,03Y,14,109,Oakland,1,True,True,D,BROADSIDE,,Wednesday,,,,,False,False,False,,C,OTHER MOTOR VEHICLE,,1,0,CLEAR,,NO UNUSUAL CONDITIONS - NO UNUSUAL CONDITIONS,,A,DAYLIGHT,,,,,,,A,NO PEDESTRIANS INVOLVED,,A,21453A,,1,8TH ST,1,,,A,,,MARTIN LUTHER KING JR WY,,,A,8/6/2024 10:33:27 AM,2/10/2025 9:17:21 AM,,,2,,,,,,,
3753671,17-048699,2,False,0109,9/17/2017 12:08:00 AM,8,24Y,14,109,Oakland,1,True,True,A,HEAD-ON,,Sunday,,,,,False,False,False,,C,OTHER MOTOR VEHICLE,,1,0,CLEAR,,NO UNUSUAL CONDITIONS - NO UNUSUAL CONDITIONS,,C,DARK-STREET LIGHTS,,,,,,,A,NO PEDESTRIANS INVOLVED,,A,21801A,,1,35TH AV,2,,,A,,,MANGELS AV,,,A,8/6/2024 10:33:27 AM,2/10/2025 9:17:21 AM,,,2,,,,,,,
3753670,17-048771,2,False,0109,9/17/2017 12:15:00 PM,1215,34X,14,109,Oakland,1,True,True,H,OTHER,,Sunday,,,,,False,False,False,,C,OTHER MOTOR VEHICLE,,1,0,CLEAR,,NO UNUSUAL CONDITIONS - NO UNUSUAL CONDITIONS,,A,DAYLIGHT,,,,,,,A,NO PEDESTRIANS INVOLVED,,A,21801A,,1,90TH AV,2,,,A,,,BIRCH ST,,,A,8/6/2024 10:33:27 AM,2/10/2025 9:17:21 AM,,,2,,,,,,,
3753669,17-049823,2,False,0109,9/22/2017 11:00:00 AM,1100,04X,14,109,Oakland,1,True,True,G,VEHICLE/PEDESTRAIN,,Friday,,,,,False,False,False,,C,OTHER MOTOR VEHICLE,,1,0,CLEAR,,NO UNUSUAL CONDITIONS - NO UNUSUAL CONDITIONS,,A,DAYLIGHT,,,,,,,B,CROSSING IN CROSS WALK AT INTERSECTION,,A,21950A,,1,WEBSTER ST,1,,,A,,,21ST ST,,,A,8/6/2024 10:33:27 AM,2/10/2025 9:17:21 AM,,,2,,,,,,,
3753668,17-048965,2,False,0109,9/18/2017 12:20:00 PM,1220,26Y,14,109,Oakland,1,True,True,A,HEAD-ON,,Monday,,,,,False,False,False,,C,OTHER MOTOR VEHICLE,,1,0,CLOUDY,,NO UNUSUAL CONDITIONS - NO UNUSUAL CONDITIONS,,A,DAYLIGHT,,,,,,,A,NO PEDESTRIANS INVOLVED,,A,21651B,,1,INTERNATIONAL BL,2,,,A,,,80TH AV,,,A,8/6/2024 10:33:27 AM,2/10/2025 9:17:21 AM,,,2,,,,,,,
3753667,17-049471,2,False,0109,9/20/2017 3:53:00 PM,1553,25X,14,109,Oakland,1,True,True,A,HEAD-ON,,Wednesday,,,,,False,False,False,,I,FIXED OBJECT,,1,0,CLEAR,,NO UNUSUAL CONDITIONS - NO UNUSUAL CONDITIONS,,A,DAYLIGHT,,,,,,,A,NO PEDESTRIANS INVOLVED,,A,22107,,1,SKYLINE BL,2,,,A,W,1500.0,SKYWAY LN,F,,D,8/6/2024 10:33:27 AM,2/10/2025 9:17:21 AM,,,2,,,,,,,
3753666,17-049832,2,False,0109,9/22/2017 12:15:00 PM,1215,23X,14,109,Oakland,1,True,True,D,BROADSIDE,,Friday,,,,,False,False,False,,C,OTHER MOTOR VEHICLE,,1,0,CLEAR,,NO UNUSUAL CONDITIONS - NO UNUSUAL CONDITIONS,,A,DAYLIGHT,,,,,,,A,NO PEDESTRIANS INVOLVED,,A,21460A,,1,42ND AV,2,,,A,,,INTERNATIONAL BL,,,A,8/6/2024 10:33:26 AM,2/10/2025 9:17:21 AM,,,2,,,,,,,
3753665,17-047666,2,False,0109,9/11/2017 12:15:00 PM,1215,32X,14,109,Oakland,1,True,True,G,VEHICLE/PEDESTRAIN,,Monday,,,,,False,False,False,,B,PEDESTRIAN,,1,0,CLEAR,,NO UNUSUAL CONDITIONS - NO UNUSUAL CONDITIONS,,A,DAYLIGHT,,,,,,,F,NOT IN ROAD,,A,22106,,1,MACARTHUR BL,2,,,A,W,25.0,108TH AV,F,,D,8/6/2024 10:33:26 AM,2/10/2025 9:17:21 AM,,,2,,,,,,,
3753663,17-046926,2,False,0109,9/6/2017 7:07:00 PM,1907,04X,14,109,Oakland,1,True,True,A,HEAD-ON,,Wednesday,,,,,False,False,False,,C,OTHER MOTOR VEHICLE,,0,0,CLEAR,,NO UNUSUAL CONDITIONS - NO UNUSUAL CONDITIONS,,B,DUSK-DAWN,,,,,,,A,NO PEDESTRIANS INVOLVED,,A,22107,,1,21ST ST,1,,,A,,,HARRISON ST,,,A,8/6/2024 10:33:26 AM,2/10/2025 9:17:20 AM,,,2,,,,,,,
3753652,17-050117,2,False,0109,9/24/2017 9:00:00 AM,900,26Y,14,109,Oakland,1,True,True,G,VEHICLE/PEDESTRAIN,,Sunday,,,,,False,False,False,,B,PEDESTRIAN,,0,0,CLEAR,,NO UNUSUAL CONDITIONS - NO UNUSUAL CONDITIONS,,A,DAYLIGHT,,,,,,,B,CROSSING IN CROSS WALK AT INTERSECTION,,A,22106,,1,SAN LEANDRO ST,2,,,A,W,150.0,71ST AV,F,,A,8/6/2024 10:33:24 AM,2/10/2025 9:17:20 AM,,,2,,,,,,,
3753651,17-049947,2,False,0109,9/23/2017 3:25:00 AM,325,30X,14,109,Oakland,1,True,True,A,HEAD-ON,,Saturday,,,,,False,False,False,,C,OTHER MOTOR VEHICLE,,0,0,CLEAR,,NO UNUSUAL CONDITIONS - NO UNUSUAL CONDITIONS,,C,DARK-STREET LIGHTS,,,,,,,A,NO PEDESTRIANS INVOLVED,,A,22350,,1,73RD AV,2,,,A,N,20.0,GARFIELD ST,F,,A,8/6/2024 10:33:24 AM,2/10/2025 9:17:20 AM,,,2,,,,,,,
3753650,17-049986,2,False,0109,9/23/2017 11:11:00 AM,1111,19X,14,109,Oakland,1,True,True,A,HEAD-ON,,Saturday,,,,,False,False,True,,C,OTHER MOTOR VEHICLE,,0,0,CLEAR,,NO UNUSUAL CONDITIONS - NO UNUSUAL CONDITIONS,,A,DAYLIGHT,,,,,,,A,NO PEDESTRIANS INVOLVED,,A,21801A,,1,INTERNATIONAL BL,1,,,A,,,5TH AV,,,A,8/6/2024 10:33:24 AM,2/10/2025 9:17:20 AM,,,2,,,,,,,
3753649,17-050910,2,False,0109,9/28/2017 12:26:00 PM,1226,31X,14,109,Oakland,1,True,True,D,BROADSIDE,,Thursday,,,,,False,True,False,,C,OTHER MOTOR VEHICLE,,0,0,CLEAR,,NO UNUSUAL CONDITIONS - NO UNUSUAL CONDITIONS,,A,DAYLIGHT,,,,,,,A,NO PEDESTRIANS INVOLVED,,A,21453A,,1,HEGENBERGER RD,2,,,A,,,RT 880,,,A,8/6/2024 10:33:24 AM,2/10/2025 9:17:20 AM,,,2,,,,,,,
3753648,17-050092,2,False,0109,9/24/2017 2:47:00 AM,247,03X,14,109,Oakland,1,True,True,B,SIDE SWIPE,,Sunday,,,M,,False,False,True,,C,OTHER MOTOR VEHICLE,,0,0,CLEAR,,NO UNUSUAL CONDITIONS - NO UNUSUAL CONDITIONS,,C,DARK-STREET LIGHTS,,,,,,,A,NO PEDESTRIANS INVOLVED,,A,22107,,1,14TH ST,1,,,A,E,100.0,HARRISON ST,F,,A,8/6/2024 10:33:24 AM,2/10/2025 9:17:20 AM,,,2,,,,,,,
3753647,17-051147,2,False,0109,9/29/2017 10:26:00 PM,2226,35X,14,109,Oakland,1,True,True,E,HIT OBJECT,,Friday,,,,,False,False,True,,I,FIXED OBJECT,,0,0,CLEAR,,NO UNUSUAL CONDITIONS - NO UNUSUAL CONDITIONS,,D,DARK-NO STREET LIGHTS,,,,,,,A,NO PEDESTRIANS INVOLVED,,C,,,,IRIS ST,2,,,A,E,10.0,83RD AV,F,,D,8/6/2024 10:33:24 AM,2/10/2025 9:17:20 AM,,,2,,,,,,,